amount,account_age_days,transactions_last_24h,device_changes_30d,failed_attempts,international,new_device,transaction_hour,is_fraud
1802.11,945,0,2,2,0,0,20,0
955.02,200,2,2,0,0,0,5,0
2095.8,1266,3,3,2,0,0,6,1
5029.27,1263,6,0,1,0,0,7,0
867.7,303,3,1,1,0,0,6,0
867.71,1189,1,1,0,1,1,19,0
5319.92,738,4,0,0,0,0,11,1
2362.4,176,2,1,2,1,0,13,0
685.76,1053,7,3,0,0,0,23,0
1886.65,677,7,1,0,0,0,22,0
689.92,535,2,2,0,1,0,14,1
688.33,1318,2,2,2,0,0,16,0
1396.83,477,3,2,1,1,0,23,0
161.86,383,2,1,1,0,0,1,0
195.41,556,1,1,0,0,0,13,0
624.98,1797,1,2,1,0,0,8,0
398.29,1716,3,0,0,0,0,3,0
1501.54,1320,3,0,0,1,1,14,1
442.29,1675,5,3,1,1,0,2,1
267.12,334,3,0,0,1,1,11,0
4748.81,1272,2,1,1,0,0,1,1
875.0,1265,4,0,1,0,0,7,0
1173.24,1130,3,1,0,0,0,16,0
263.82,898,2,0,0,0,0,12,0
636.27,931,4,1,3,0,0,20,0
1225.28,685,3,1,0,1,0,18,1
346.89,561,3,1,0,0,0,0,1
1596.71,123,4,2,0,0,0,7,0
601.46,1059,2,0,1,0,1,23,1
819.18,618,2,1,1,0,0,5,0
600.82,988,3,3,1,1,0,8,0
6990.3,840,2,2,2,0,0,22,1
1081.93,416,4,1,1,0,0,22,1
380.81,708,5,2,1,0,0,15,0
2496.25,1645,2,2,1,0,0,6,0
323.49,637,4,1,0,1,0,15,0
1351.36,1351,2,0,0,1,0,14,0
154.52,1319,2,0,1,0,0,10,0
290.56,1456,1,1,2,0,1,17,0
1335.23,347,1,0,3,0,0,6,0
2294.95,37,8,0,1,0,0,10,0
1301.62,1724,8,0,3,1,0,3,0
976.87,512,1,2,2,0,1,0,1
811.51,849,1,2,0,0,1,6,0
250.0,1994,5,3,0,0,0,13,0
533.87,1924,2,1,0,0,0,18,0
691.84,535,4,0,2,0,0,7,0
3156.19,910,2,0,0,0,1,15,0
1546.3,773,3,3,1,0,0,5,0
188.1,1730,4,2,0,0,0,10,0
1516.38,1902,3,0,1,1,0,19,0
746.14,664,2,2,0,0,0,6,1
557.29,1042,5,1,1,0,0,13,0
2021.66,27,6,2,0,0,0,8,0
3074.81,536,3,1,0,0,1,9,0
2782.99,1053,3,2,0,1,0,2,0
473.8,1675,4,0,0,0,0,17,0
804.96,1008,3,1,2,0,0,14,0
1527.31,658,5,0,2,0,0,23,1
2908.94,1659,5,2,0,0,0,23,0
679.14,640,1,1,1,0,1,13,1
910.82,1904,3,0,0,0,0,1,0
362.73,1141,4,2,0,0,0,19,0
331.55,1156,4,0,1,0,1,15,0
2471.36,1313,3,1,1,1,0,10,0
4256.66,1742,3,1,0,1,0,6,0
1020.44,1260,4,5,0,0,0,2,1
2991.51,42,3,2,1,0,0,12,1
1574.41,1184,0,0,0,1,0,9,0
575.29,1788,2,0,1,1,0,13,0
1574.03,1715,3,1,0,1,0,17,1
5105.31,1149,5,1,1,1,1,13,0
1058.04,1284,5,2,2,1,0,23,1
5242.97,1300,6,0,0,0,0,10,0
79.86,213,3,2,0,0,0,3,1
2494.65,1987,1,0,0,0,0,12,0
1196.37,1497,3,0,1,0,0,9,0
813.21,836,5,1,1,0,1,1,0
1202.02,702,3,2,1,0,1,18,0
150.27,1594,2,3,2,0,0,2,1
880.36,1455,2,1,0,0,0,23,0
1567.3,1739,5,1,1,0,0,17,0
4807.32,80,8,1,4,0,0,12,0
653.1,955,4,1,0,0,0,4,0
488.58,1252,2,0,0,0,1,17,1
663.97,902,3,1,0,0,0,0,0
2739.15,1119,1,0,1,1,0,3,1
1523.48,424,7,0,1,0,0,1,1
645.64,1997,0,2,0,0,0,7,0
1832.19,919,2,0,0,0,0,12,0
1208.43,1972,5,1,3,1,1,3,1
2888.94,516,2,2,0,0,0,14,0
543.45,165,2,0,1,0,0,9,0
790.24,1450,6,1,2,0,0,0,0
740.92,997,5,1,0,0,0,15,0
253.78,1836,1,0,1,1,0,16,0
1474.57,993,1,2,0,0,0,19,0
1423.76,893,1,1,2,0,1,16,1
1102.26,1016,4,3,1,0,0,20,0
867.32,1066,4,0,1,0,0,15,0
266.3,1821,5,2,2,1,0,18,1
720.07,741,1,0,0,0,0,1,0
778.43,1427,5,0,1,0,0,15,0
491.63,755,4,0,1,0,0,10,0
933.29,1748,2,2,1,0,1,12,0
1642.63,416,6,1,1,0,0,6,0
7231.39,1324,2,1,0,0,0,4,1
1305.81,1079,3,2,1,0,0,4,0
1418.78,336,4,0,4,0,0,12,1
1017.96,1925,3,1,3,0,0,14,0
160.97,881,2,1,0,0,1,15,0
1067.94,1454,4,0,2,1,0,22,0
1164.71,972,1,1,0,0,0,13,0
12877.57,685,1,1,2,0,1,20,0
904.73,1813,0,0,2,0,0,16,0
1482.59,1358,1,1,0,0,0,18,0
1059.22,741,2,1,1,0,1,0,1
340.81,1430,3,0,0,1,0,14,0
3438.61,30,6,3,2,0,0,20,0
2326.06,1559,3,1,0,0,0,12,0
2418.81,1541,2,1,2,0,0,7,0
441.69,575,3,0,0,0,0,13,0
4459.51,221,1,0,1,0,0,8,0
269.93,827,3,1,5,0,0,15,1
1972.11,594,2,3,1,0,0,21,0
9803.12,1518,1,2,0,0,0,14,0
407.26,754,4,1,2,0,0,14,0
622.47,1277,3,1,0,1,1,18,0
1211.54,1588,3,2,3,1,1,2,1
662.83,1345,2,1,0,0,1,22,0
232.6,1063,3,3,0,0,0,10,0
1174.46,1021,3,0,2,0,0,11,0
379.06,1489,1,2,3,0,0,18,1
1760.92,1795,6,0,1,0,0,18,0
437.28,1962,7,1,0,0,1,11,0
5166.42,1863,2,1,2,0,0,6,0
501.07,1435,4,1,1,0,0,14,0
794.68,1436,4,2,0,0,0,16,0
2473.82,492,3,0,0,0,0,14,0
320.26,438,6,3,2,0,0,11,0
1376.72,479,4,0,1,0,1,10,0
4052.72,783,1,2,1,1,0,5,0
219.76,949,1,0,2,0,1,11,0
1319.01,1008,1,0,0,0,0,20,0
1422.09,72,1,0,0,0,0,6,0
2396.64,582,7,2,2,0,0,21,0
318.32,220,7,0,0,0,1,21,0
292.82,1028,1,1,0,1,0,18,0
1848.15,1886,1,0,1,0,0,16,0
1475.84,1003,2,2,1,0,0,8,1
1408.8,1937,1,2,0,0,0,13,1
1550.68,290,1,1,0,0,1,13,0
555.56,380,2,1,0,0,0,4,0
1383.34,1926,6,1,0,1,0,0,1
1470.08,804,3,2,1,0,1,15,0
536.81,1379,3,3,0,0,0,3,0
7085.28,743,3,2,0,1,0,11,0
1761.34,1959,3,0,1,0,0,12,0
333.18,80,6,0,0,0,0,6,0
2114.46,66,4,1,1,0,1,14,1
413.77,136,3,3,0,0,0,16,0
2409.28,399,4,0,0,0,0,19,0
3493.28,1727,2,3,2,0,0,17,0
482.66,347,3,0,3,0,0,23,0
2873.76,1872,2,0,2,0,0,17,0
1657.03,1985,4,1,2,0,1,13,0
2495.04,59,6,0,0,0,0,16,0
7308.5,778,2,0,2,1,0,20,0
858.01,519,6,2,0,0,0,3,1
516.08,1904,4,3,0,0,0,18,1
450.56,714,1,1,0,0,0,21,0
485.02,1868,4,0,2,0,0,1,0
1015.26,977,1,2,1,0,0,16,0
1542.49,1261,2,1,1,0,0,7,0
1446.19,1804,1,0,0,0,0,4,0
2507.86,79,4,3,1,0,0,1,0
1110.98,1582,6,1,2,0,1,3,1
4691.62,1779,0,1,0,0,0,16,0
841.63,1824,5,1,1,0,1,17,1
16650.06,1696,5,0,2,0,1,19,1
2050.15,115,4,0,1,0,0,19,0
465.37,986,1,3,0,0,0,19,1
375.82,1486,4,1,2,1,0,13,0
1776.63,1650,0,1,0,0,0,20,0
877.03,126,4,1,1,1,1,22,1
2239.48,1626,1,3,1,0,1,4,1
1760.3,573,6,4,2,0,0,6,1
1019.61,965,2,1,2,0,0,7,1
470.22,500,6,0,0,0,1,18,0
241.09,829,4,1,0,0,1,4,1
701.69,1126,1,0,0,0,0,16,0
2582.2,626,5,2,1,0,1,19,0
1358.44,1198,2,0,1,1,0,18,0
315.53,452,6,1,2,0,0,23,0
1303.99,1116,3,2,2,0,0,11,0
1612.14,1719,0,0,0,0,1,10,0
453.11,385,1,0,1,0,0,12,0
1278.86,1229,3,0,1,0,0,2,0
1162.36,363,1,0,0,0,0,12,0
349.68,1731,3,0,1,0,0,20,0
1568.36,1841,3,1,1,0,0,3,0
1921.35,498,1,1,0,0,0,23,0
3239.1,537,1,0,2,1,0,22,0
3145.73,1258,5,1,1,0,0,18,1
276.53,16,2,2,1,0,1,15,1
429.31,981,3,1,1,0,0,6,0
1835.43,1165,3,2,1,0,0,9,0
1833.14,1972,3,1,1,0,1,12,0
1835.46,620,6,0,2,0,0,7,0
51675.11,1444,1,0,1,0,0,10,1
1940.87,1480,2,2,0,0,0,11,0
3413.75,300,4,1,0,1,1,14,0
2846.94,339,2,2,0,0,1,11,1
2103.57,303,5,0,0,0,0,16,1
800.1,1916,2,0,3,0,0,18,0
2342.49,592,2,2,0,1,1,22,1
506.32,76,5,2,2,0,0,1,1
865.39,1812,2,2,1,0,0,7,0
674.95,914,3,1,0,0,0,18,0
1190.2,1974,4,1,1,0,0,21,0
11099.54,780,6,0,1,1,0,17,0
169.48,1648,2,0,0,1,0,17,0
2178.21,921,5,0,0,0,0,6,0
218.61,1340,7,1,1,0,0,1,1
684.08,1524,4,1,1,1,0,13,1
3258.27,1099,4,3,0,0,0,17,1
1169.44,1750,8,1,1,1,1,18,1
373.25,366,4,2,0,0,0,5,0
536.3,1570,2,1,0,0,0,16,0
2163.75,653,3,3,3,1,0,18,0
528.28,1006,2,1,0,1,0,23,0
1361.66,1702,3,0,1,0,0,14,0
1147.76,396,3,0,0,0,0,21,0
571.58,1255,2,2,2,0,1,0,1
9357.6,804,2,0,0,0,0,0,0
2067.14,1052,0,1,1,0,1,1,0
144.73,1499,3,1,0,1,1,2,1
1321.41,1319,1,2,0,1,1,5,0
565.78,845,5,0,1,0,0,20,0
2571.99,1451,4,0,0,0,0,22,0
496.45,872,3,0,1,1,0,20,0
977.76,1115,3,3,2,0,0,4,1
1817.08,115,3,2,0,0,1,8,1
2606.48,1183,3,0,0,0,0,7,0
330.2,1282,2,0,0,0,0,15,0
784.85,373,4,1,1,0,1,14,0
682.02,850,0,2,2,1,0,9,0
570.59,90,0,0,0,0,0,3,0
6408.97,757,1,2,0,0,0,13,0
1644.15,1322,3,2,0,0,0,14,0
310.79,31,2,1,2,0,0,17,0
2745.89,1853,3,0,1,1,0,13,0
9155.92,358,3,1,0,1,0,16,0
3079.32,1848,5,1,2,1,0,7,1
240.0,470,6,1,0,0,0,6,0
675.71,1764,6,2,1,0,1,4,1
3892.91,1875,2,0,2,0,0,4,1
540.41,1152,3,0,1,1,0,6,0
1709.27,1806,4,0,0,1,0,8,0
2379.47,270,4,0,1,0,0,19,0
434.01,1522,6,1,0,0,0,21,0
1033.26,1437,2,0,0,1,0,12,0
50.0,209,0,1,1,0,0,2,1
393.71,690,2,2,3,1,0,16,1
851.87,1330,2,2,0,0,0,8,0
314.89,1215,3,5,1,0,0,22,0
5610.59,1381,5,1,1,0,0,3,0
262.4,457,4,0,0,0,0,4,0
706.24,449,8,0,0,1,0,11,0
1249.8,68,3,1,2,0,0,17,0
4634.45,1863,1,0,1,0,0,1,0
260.9,1803,1,1,0,1,0,6,0
3509.27,1806,1,2,1,0,1,4,1
1107.91,874,6,1,1,0,0,20,0
410.96,467,1,2,1,0,0,14,0
1740.81,1384,5,0,0,0,0,13,0
1338.17,1411,2,1,0,0,0,16,0
601.71,128,6,1,0,0,1,22,0
1175.92,1800,1,2,1,0,1,10,0
745.97,733,3,1,1,0,0,21,0
1228.46,1778,8,2,0,0,0,14,0
2126.28,1509,2,0,0,0,0,22,0
5356.24,1268,3,0,0,0,0,9,0
318.04,1963,2,1,1,1,0,11,1
9256.06,1929,3,0,1,0,0,0,0
155.7,1043,5,0,3,0,1,4,1
942.2,1420,3,0,1,1,0,18,0
1974.99,1691,2,0,1,0,0,1,0
1452.43,1253,6,1,0,0,0,16,0
588.34,368,1,1,0,0,0,2,0
890.58,58,3,0,1,0,0,13,0
669.81,1305,1,3,0,0,0,5,0
608.28,557,5,0,1,0,0,14,0
2564.71,1126,3,0,1,0,0,17,0
1567.15,48,2,1,0,0,0,20,1
548.45,562,4,2,0,1,0,8,0
2696.2,593,7,1,0,0,1,15,0
1491.14,812,2,1,2,0,0,4,0
2472.2,59,0,2,0,0,0,0,1
2058.29,161,2,1,0,0,0,5,0
478.67,103,2,1,0,0,1,22,0
626.29,846,4,1,1,0,0,0,0
2315.3,412,1,3,1,1,0,19,1
2019.03,786,3,0,0,0,0,6,0
1073.95,183,2,3,2,0,0,12,1
1233.15,417,5,0,0,1,0,0,0
3935.0,1140,4,0,1,0,1,19,0
606.94,1898,4,0,2,0,0,13,0
1895.23,399,0,1,0,0,0,12,0
895.88,957,6,1,1,0,0,22,1
882.11,779,1,0,3,1,0,1,0
3290.44,1700,5,0,0,0,0,17,0
2503.43,655,8,2,1,0,0,23,0
2473.8,437,4,0,0,0,0,23,0
4045.98,318,8,0,2,0,0,17,1
1119.91,1840,4,1,1,0,0,23,0
2168.85,606,2,0,0,0,0,16,0
804.11,1274,8,1,0,1,0,20,0
1516.51,911,4,1,0,0,0,13,0
962.81,1471,1,0,0,0,1,22,0
1208.33,497,4,1,1,0,0,9,0
1988.54,1367,3,2,2,0,1,15,0
483.85,427,2,1,0,0,0,7,0
8887.38,818,6,3,0,0,1,22,0
401.01,1852,1,1,2,0,0,0,1
325.65,1023,3,1,0,1,0,2,0
3491.58,240,7,0,1,0,0,17,0
2420.34,1083,3,1,0,0,0,18,0
2046.98,1551,5,0,0,0,1,16,0
2055.65,797,3,1,3,0,0,15,0
1083.28,203,2,0,3,0,0,19,0
447.08,1773,1,1,0,0,0,3,0
1182.99,1490,3,0,2,0,1,16,0
557.15,1320,1,1,0,0,0,15,0
2907.71,287,4,1,1,0,1,6,0
946.66,73,4,1,0,1,0,12,0
480.34,726,6,0,1,0,0,20,0
795.22,1547,5,2,1,0,0,11,0
1657.28,337,3,2,0,0,0,17,1
624.08,1761,1,0,0,0,0,11,0
481.92,1342,3,1,0,1,1,15,0
1399.24,203,0,2,0,0,0,6,0
1401.04,231,2,1,0,0,0,18,0
660.54,904,4,0,0,0,0,12,0
684.69,1587,4,0,1,0,0,4,0
1383.05,1081,4,0,0,1,0,14,0
257.73,644,4,1,0,0,0,20,0
268.42,1444,1,0,1,0,0,1,1
534.62,915,3,1,0,0,0,8,0
885.85,280,1,2,1,0,0,18,0
1496.53,809,2,2,0,0,1,10,1
4795.13,1329,3,1,0,0,1,18,0
2585.46,466,4,1,0,0,0,1,0
934.55,737,3,0,2,0,0,17,0
1075.98,1198,4,1,0,0,0,0,0
402.41,804,3,2,2,0,1,19,1
1076.52,266,7,0,0,0,0,9,0
821.67,247,0,1,0,0,1,7,0
1514.32,78,3,1,1,1,0,23,0
479.51,1671,2,0,0,0,0,17,0
1843.36,1676,1,1,3,0,0,9,0
5078.34,854,4,2,1,0,0,1,1
983.62,253,3,0,1,0,0,20,0
1638.79,475,8,2,0,0,0,16,1
2186.69,176,5,1,0,0,0,5,0
734.2,1445,1,1,0,0,0,4,0
1372.09,971,3,0,0,0,1,17,0
1110.53,1956,4,2,1,0,0,11,1
1209.15,1596,4,4,0,0,0,0,0
506.23,1485,5,3,1,0,1,2,1
1123.84,1888,3,1,2,0,1,10,1
1804.43,254,4,1,1,0,1,3,1
4680.42,1544,1,0,0,0,1,7,0
2861.99,903,0,0,0,0,0,3,0
9444.45,107,3,0,1,0,0,23,0
509.1,1195,0,0,1,0,0,14,0
2623.65,58,4,0,1,0,0,18,0
1317.3,1361,2,0,1,0,1,9,0
9796.72,1366,4,2,2,0,0,22,1
488.68,942,5,2,0,0,0,8,1
473.56,1314,5,0,1,0,0,7,0
602.21,84,3,3,0,0,1,9,1
131.12,1141,5,3,1,0,0,11,0
648.23,712,4,3,0,0,0,8,0
513.3,1558,3,3,0,0,0,5,0
1274.61,1243,1,0,2,0,0,17,0
1543.42,1762,0,1,1,0,1,8,0
7159.32,1941,4,2,0,0,0,22,1
2836.78,1807,5,1,1,0,1,12,0
615.91,901,7,1,1,1,1,3,1
446.57,1126,4,0,2,0,0,17,0
1793.49,657,5,1,1,0,0,18,0
292.88,456,2,0,1,0,0,4,0
6846.27,659,0,1,2,0,0,19,0
3566.86,773,7,2,1,0,1,16,1
685.96,791,3,0,0,1,1,21,1
197.72,851,5,0,1,1,0,0,1
4246.59,526,4,1,1,0,0,20,0
977.95,266,1,2,1,0,1,16,1
3781.27,1311,2,1,2,0,0,22,0
222.64,141,4,3,1,0,0,5,0
602.22,895,3,3,0,0,0,16,0
1102.4,406,3,0,0,0,0,15,0
1149.38,293,3,1,0,0,0,0,0
699.2,1959,0,1,1,0,0,14,0
2044.38,1930,2,1,1,0,1,10,0
377.05,1055,4,1,0,1,0,7,0
951.1,1195,2,2,0,0,0,9,1
1236.82,355,2,1,0,0,0,1,0
1834.34,205,2,1,0,0,0,3,0
2234.15,1502,3,1,1,0,0,13,0
356.15,994,4,0,0,0,0,6,0
236.49,1956,1,1,0,0,0,1,0
3935.04,291,2,0,0,1,0,23,0
1528.92,111,6,0,1,0,0,12,0
518.8,1092,1,2,0,0,0,12,0
5172.71,1719,0,2,0,0,0,23,0
1231.11,373,6,0,2,0,0,18,0
3566.35,196,3,1,1,0,0,23,0
1173.23,126,2,0,0,0,0,6,0
8610.59,1711,4,1,1,0,0,4,0
6344.48,262,3,3,0,0,0,13,0
854.94,887,1,0,1,0,1,4,1
2897.41,924,0,0,1,1,0,23,0
2090.95,1822,4,0,0,0,0,23,0
4309.73,155,4,2,1,0,0,11,0
417.83,1605,3,1,2,1,0,6,0
2177.76,108,3,2,0,0,0,23,0
3160.31,1447,4,1,0,0,0,22,0
188.91,35,4,1,1,0,0,22,0
335.88,1895,3,0,0,0,0,0,0
142.7,1068,3,2,0,0,0,6,0
837.64,655,1,0,0,0,0,3,0
2247.43,723,2,0,0,0,0,1,0
4926.37,998,1,1,2,0,0,20,0
1180.97,416,5,1,1,0,0,2,0
5589.33,1000,3,0,0,0,0,18,0
275.86,285,0,0,0,0,0,0,0
199.66,1471,2,0,0,1,0,11,1
1037.38,518,3,2,0,0,1,23,0
1610.12,1754,3,1,2,0,0,13,0
1061.36,27,7,0,1,0,0,12,0
138.73,227,1,3,1,0,0,2,1
1003.13,1820,2,1,0,0,0,18,0
297.53,1925,5,1,0,0,0,16,0
2142.38,1449,4,1,0,1,0,5,0
1582.24,1592,2,0,1,1,0,9,0
428.43,1392,8,1,0,0,0,1,1
655.98,1334,0,4,0,0,0,14,1
380.23,848,4,1,0,1,0,1,0
1030.01,1129,1,0,2,0,0,17,0
2850.19,18,1,0,0,0,0,13,0
409.23,1229,2,1,0,0,0,19,0
1815.37,43,2,1,1,0,1,15,1
645.32,89,2,0,1,0,0,7,0
496.27,586,5,2,2,0,0,22,0
985.32,157,2,1,1,0,0,3,0
389.46,1290,1,1,1,0,0,13,0
630.4,134,6,1,2,0,0,3,0
331.0,464,0,1,1,0,1,2,0
7822.23,1625,4,1,1,0,0,6,1
1135.99,1772,2,1,2,0,0,11,0
544.72,1156,1,2,0,0,1,4,1
1358.29,741,3,3,2,0,0,1,0
980.12,1058,5,2,1,0,0,18,0
879.22,83,5,0,0,0,0,2,0
2026.71,929,3,0,1,0,1,17,1
2339.07,1156,5,0,0,0,0,2,1
645.16,1452,1,0,0,1,0,11,0
616.58,866,2,1,1,0,0,2,1
832.93,204,5,1,2,0,0,7,0
109.74,1823,0,0,1,0,0,5,0
241.0,1360,2,1,1,0,0,5,0
4302.17,962,5,2,0,0,0,3,1
5681.48,497,3,0,1,0,0,9,1
854.88,442,8,2,0,0,0,19,0
1951.9,828,5,2,0,0,0,16,0
1497.05,1282,1,1,3,1,0,12,1
23834.3,1316,2,0,0,0,0,7,0
3359.59,1990,2,2,0,0,0,2,1
964.96,1149,1,0,1,0,0,5,0
421.77,1980,1,0,2,1,0,13,1
219.98,1687,5,2,0,1,0,6,0
1344.08,871,3,1,0,0,0,12,0
514.73,1783,3,1,0,0,1,13,0
264.47,1199,1,0,1,0,0,8,0
574.46,1908,0,2,2,0,0,18,0
371.84,1516,4,2,0,0,0,12,0
5926.22,869,2,2,1,0,1,19,1
2648.21,1838,1,2,0,1,0,7,0
1087.92,80,4,2,0,0,0,12,0
4817.18,1643,3,1,2,0,0,15,1
1184.85,812,2,3,1,0,0,20,1
463.46,915,2,3,1,0,0,20,0
5029.74,1329,3,2,0,0,0,0,0
1879.78,1534,5,2,1,1,0,10,0
388.68,1368,6,0,1,1,0,1,1
906.56,570,3,0,0,0,0,14,0
456.86,1115,2,0,1,0,0,9,0
275.12,1671,2,1,1,1,0,18,1
2768.82,862,4,0,1,1,1,12,1
7401.34,169,0,2,0,0,1,7,0
270.81,1358,4,3,2,1,0,23,1
1925.55,1658,1,0,1,0,0,15,0
572.12,1012,4,0,0,0,0,2,0
673.76,236,3,0,0,1,1,12,1
606.44,399,1,0,2,0,0,22,1
462.21,588,4,1,1,0,0,2,0
1151.16,821,2,1,0,1,0,7,0
477.73,1013,3,1,1,1,0,8,0
1437.21,477,5,2,0,0,0,4,1
1042.9,1559,3,0,1,0,1,7,0
863.55,845,2,0,0,0,0,10,0
442.5,585,5,3,0,0,0,20,0
615.99,1112,4,1,1,0,0,15,0
2334.12,615,3,1,2,1,0,17,0
1809.7,606,3,1,0,0,1,20,0
412.59,961,4,1,1,0,1,22,1
1211.16,1852,1,1,0,0,0,17,0
2324.79,778,3,1,2,0,0,2,1
206.56,1277,2,1,0,1,0,9,0
1888.16,358,3,2,0,1,0,14,0
565.31,1082,5,1,1,0,0,1,0
1940.3,1967,2,1,1,0,0,8,0
511.19,1423,4,0,0,0,0,14,0
180.39,521,2,2,1,0,0,9,0
215.39,525,1,1,1,1,1,20,1
1150.65,1943,3,0,2,0,0,18,1
1421.86,1441,4,0,1,0,0,1,0
443.94,393,4,3,0,0,1,2,0
2076.82,1667,1,2,2,0,0,1,1
208.2,1246,3,1,2,0,0,17,1
1026.51,1353,5,1,0,0,1,15,1
326.68,1396,2,4,2,0,0,13,0
571.44,1535,2,0,0,0,0,16,0
1149.86,153,4,1,0,1,0,21,1
463.86,893,4,2,0,0,0,13,0
746.54,1903,5,1,2,0,0,10,1
2999.78,984,4,0,0,0,0,16,0
615.91,480,2,2,1,1,0,20,0
2529.29,583,1,1,3,0,0,18,1
354.35,1956,2,1,1,0,0,0,0
1862.74,857,4,1,1,0,0,22,0
4635.82,20,0,1,0,0,0,15,0
92.61,593,9,2,1,0,0,18,0
494.28,1974,1,0,1,0,0,23,0
1952.9,228,5,1,0,0,0,6,0
895.12,1370,3,1,1,0,0,14,0
1589.45,19,2,1,0,0,0,5,1
599.45,444,3,1,1,0,0,10,0
1195.82,1701,3,1,0,0,0,9,0
938.54,368,3,0,3,0,0,14,0
3525.52,899,3,0,1,0,0,0,1
1414.34,1643,4,1,0,0,0,11,0
1537.02,889,1,0,0,1,1,15,0
726.42,1884,5,4,1,1,0,18,1
673.44,726,2,0,1,0,0,8,0
711.55,1775,6,0,1,0,1,13,0
1626.93,147,2,1,0,0,0,1,1
719.83,1717,7,2,1,1,0,10,0
1465.24,1528,2,1,0,0,0,4,0
8737.69,430,1,2,0,0,0,15,0
2620.51,848,2,1,1,0,0,5,0
791.54,1464,3,0,0,1,0,1,0
3645.37,198,4,5,0,0,0,21,0
729.18,997,1,1,0,0,0,6,0
142.86,1311,0,1,0,0,1,0,0
400.18,565,4,1,0,0,0,17,0
168.88,369,3,1,2,0,0,23,0
771.62,1264,2,1,1,0,0,10,0
1117.02,802,1,2,1,0,0,15,0
5863.12,1311,3,1,0,0,0,18,0
1520.7,700,7,1,0,0,0,8,0
880.86,1419,1,1,0,0,0,15,0
2513.43,996,4,0,1,0,0,1,0
120.16,518,3,0,1,1,0,10,0
1387.99,1819,6,2,1,0,0,19,0
2370.52,775,6,1,3,0,0,2,1
249.99,561,2,0,0,0,0,10,0
3441.81,1888,1,0,0,1,1,2,1
1538.4,1736,2,4,0,1,0,7,1
723.94,60,0,1,0,0,1,4,0
2064.79,545,3,0,0,0,0,20,0
10622.11,1017,2,0,0,1,0,0,1
1315.36,303,5,0,3,0,0,14,0
1405.6,1268,2,2,2,0,0,10,0
692.73,1708,3,1,2,1,0,4,1
468.79,1231,5,1,2,0,0,1,0
2515.77,1399,4,0,1,1,0,7,0
465.87,283,1,1,1,0,0,8,0
1177.99,478,5,0,1,0,0,4,0
680.17,1046,2,2,1,0,0,0,0
1770.43,559,4,2,1,0,0,13,0
1530.98,349,6,0,2,0,0,19,0
3094.99,1513,2,2,2,1,1,20,0
658.51,1968,1,3,0,0,0,12,0
837.25,670,3,0,1,1,0,8,0
412.09,258,3,0,1,0,0,8,0
703.25,655,4,3,0,0,0,3,1
1599.27,1071,2,1,1,0,0,20,0
2337.85,1051,3,1,0,0,0,11,0
436.08,1991,1,1,1,0,1,19,1
2616.53,1051,2,1,1,1,0,10,0
4254.1,1421,4,2,2,0,0,12,0
1658.11,1975,5,1,1,1,0,17,0
7163.8,145,2,1,0,0,0,11,1
505.84,587,3,2,0,0,0,8,0
315.87,1723,2,2,0,0,0,17,0
185.17,522,1,1,0,0,0,1,0
4895.37,1145,3,1,0,0,0,15,0
2109.84,801,5,1,3,1,0,11,0
1037.34,1486,5,0,1,0,0,21,0
1450.94,1701,2,0,0,1,1,19,0
355.85,382,4,1,0,0,0,17,0
12654.3,776,2,0,0,0,0,21,0
1247.9,673,0,0,1,0,0,16,0
1223.41,1927,5,0,2,0,0,6,0
2265.99,1442,3,0,0,0,0,4,0
1774.03,327,2,0,1,0,0,0,1
1371.81,1415,4,4,1,0,0,22,0
497.47,1321,1,1,1,0,0,5,0
1757.18,630,2,3,2,1,0,9,1
7201.36,1847,3,1,0,0,1,9,0
4210.85,1799,3,0,0,0,1,22,0
5394.78,84,4,0,1,1,0,6,0
657.72,146,6,0,0,0,0,12,0
407.64,1195,3,1,1,0,0,7,1
967.01,1358,2,1,3,0,1,11,1
1159.48,424,1,1,2,1,0,14,0
3275.39,1333,3,1,1,1,0,5,0
201.85,1550,4,2,1,0,0,6,0
5062.17,661,3,2,0,0,0,5,0
936.35,1905,2,0,2,1,0,2,0
715.6,763,6,1,2,0,0,0,0
398.57,569,0,1,0,0,0,16,0
209.59,347,7,1,1,1,0,18,1
2497.81,1326,4,2,0,0,0,18,0
1180.06,1946,5,1,0,1,0,0,0
301.88,347,1,1,0,0,0,20,0
300.34,408,1,2,0,0,1,10,0
783.85,133,2,1,2,0,1,4,1
5819.8,1706,3,0,0,1,0,11,0
845.91,614,3,1,0,0,0,6,0
243.92,988,1,1,2,0,0,22,0
857.7,106,0,1,0,0,1,8,0
834.87,171,3,0,0,1,0,17,0
73.93,640,3,2,1,1,0,0,1
1038.68,1274,3,1,0,0,0,5,0
870.5,1568,1,0,2,0,0,21,0
2199.99,1752,3,0,2,0,0,19,0
6967.11,262,3,3,2,0,0,4,1
3383.16,1866,6,0,2,0,0,22,0
838.08,494,0,1,0,1,1,19,0
362.66,1268,3,2,0,0,0,0,0
14376.64,1475,3,1,0,0,0,21,0
1163.54,903,7,0,0,0,0,12,0
1112.02,1821,3,0,0,0,0,17,0
1070.49,290,5,2,0,0,0,6,0
1336.87,1287,1,0,0,1,0,14,0
949.22,1873,5,1,0,0,0,11,0
617.91,1869,3,0,0,0,0,13,0
634.69,1338,1,0,1,0,0,15,0
1061.3,85,1,0,1,0,0,5,0
636.88,1439,3,1,1,0,0,12,1
537.62,1353,4,1,1,0,0,10,0
1219.79,45,2,0,0,1,0,4,0
849.82,815,7,0,1,0,0,11,0
4934.43,333,4,2,0,0,0,15,0
77.4,465,1,0,0,0,1,17,0
3266.61,200,4,1,0,0,0,5,0
3812.67,1225,4,0,0,1,0,22,0
137.91,329,4,1,3,0,0,22,0
778.46,1704,4,1,1,0,0,3,0
756.39,240,2,3,1,0,0,7,0
268.4,1908,3,1,2,0,0,3,0
503.8,798,2,1,1,0,0,22,0
361.2,702,3,0,0,1,0,18,0
6325.03,583,1,0,1,0,0,17,0
2795.25,657,3,0,1,0,1,1,1
3911.03,1383,0,0,0,0,0,15,0
2256.73,1925,1,2,1,0,0,20,0
354.59,721,3,1,0,1,0,8,0
649.03,360,3,2,1,0,1,1,1
1788.93,1402,2,0,0,0,0,11,0
323.07,385,3,1,1,0,1,2,0
2237.24,1744,4,0,0,0,1,16,0
862.36,1489,2,0,0,0,0,10,0
753.84,1246,2,0,0,0,0,14,0
2232.68,799,4,1,2,0,0,22,0
1710.03,1699,6,1,1,0,1,12,0
764.36,365,1,0,1,0,0,10,0
3495.84,72,3,0,0,0,1,21,0
372.02,1264,2,1,2,0,1,8,1
2030.29,504,2,1,0,0,0,5,0
1984.46,1438,3,1,0,0,0,5,0
804.69,127,2,2,1,0,0,23,0
1519.49,1511,5,0,1,0,1,12,0
313.84,1621,2,0,2,0,0,7,0
2762.87,1551,0,0,0,1,1,0,1
911.51,1272,3,1,0,0,1,9,0
650.2,482,2,1,1,0,0,7,0
3130.69,1336,5,2,2,0,0,22,0
542.21,1468,2,1,1,0,1,19,1
268.15,283,3,0,1,1,0,2,0
231.22,1026,2,1,1,1,0,7,0
2010.24,74,6,2,0,0,1,8,0
304.77,1088,4,1,1,0,0,10,0
6341.02,773,7,0,0,0,0,2,1
136.74,347,0,0,1,0,0,16,0
5981.68,324,3,1,0,0,0,2,1
1354.27,239,1,0,0,0,1,22,0
995.54,1421,2,1,2,0,0,15,0
635.93,337,4,0,0,0,0,4,0
1634.57,341,2,2,4,1,0,3,1
1056.13,1303,9,0,3,0,0,3,0
3305.36,1377,3,2,1,0,0,9,0
1229.33,946,2,1,0,0,0,17,0
1274.49,892,6,0,1,0,0,5,0
762.34,1487,1,0,2,0,0,7,1
1035.93,462,4,2,0,0,0,2,0
1491.89,1737,3,3,1,0,0,22,0
198.31,1317,4,0,1,1,0,7,1
284.81,798,5,0,0,0,0,0,1
2305.99,733,3,2,1,0,0,10,0
1300.97,1431,6,0,0,1,0,2,0
912.34,162,3,1,0,0,0,22,0
1117.04,1527,6,0,0,0,1,22,0
1552.44,448,4,0,0,0,0,18,0
639.21,1719,3,0,0,1,0,20,0
503.56,1479,5,2,1,0,1,14,0
1333.88,1909,2,1,2,0,0,3,0
412.25,265,2,1,0,0,0,3,0
1649.54,1010,3,0,1,1,1,12,1
199.82,132,3,1,1,0,0,9,0
3069.15,1858,1,4,2,0,0,14,1
1759.17,120,3,0,2,1,0,5,0
1416.62,1916,4,2,0,0,0,23,0
2929.8,1243,2,0,0,0,0,16,0
5799.2,1441,2,0,3,0,0,0,1
3024.1,672,3,0,3,0,0,22,1
174.01,505,4,1,1,0,0,10,0
305.03,1324,2,0,2,0,0,4,0
587.09,109,3,0,0,0,0,20,0
1125.62,1262,2,3,0,0,1,19,0
1840.25,293,4,2,0,0,0,1,1
530.73,988,3,0,0,0,0,17,0
1321.82,1603,6,0,0,0,0,14,0
515.23,828,3,0,2,0,0,5,0
594.95,187,1,0,0,0,1,0,0
268.63,1060,2,1,0,0,0,14,0
435.62,1585,4,1,0,0,0,18,0
283.81,256,5,2,0,0,0,10,0
413.28,1459,4,1,1,0,0,16,0
3145.23,1643,3,0,1,0,0,8,0
424.37,1032,2,2,4,0,0,22,1
15250.72,748,2,3,2,0,0,1,1
1796.0,1202,7,2,1,0,0,18,1
1319.27,1266,0,0,2,0,0,20,0
464.82,41,4,1,4,0,1,16,1
2209.03,1381,5,3,2,0,0,4,1
616.69,757,5,0,0,0,0,4,0
1238.94,113,4,3,0,0,0,22,0
14187.05,1901,0,1,1,0,0,12,0
996.19,768,2,2,1,0,1,4,1
3460.86,1190,3,1,0,0,0,1,1
542.84,1528,3,0,0,0,0,18,0
1058.93,854,8,1,1,0,0,22,0
6443.33,78,3,0,1,0,0,10,0
585.83,719,1,0,2,0,0,1,0
6717.35,1847,1,1,1,0,0,5,0
2225.53,878,1,0,1,0,0,15,0
624.86,1220,2,2,0,0,1,9,1
2064.01,402,4,0,1,0,0,21,0
2900.26,833,1,1,2,0,0,7,0
2042.26,64,4,0,0,0,0,16,0
228.1,652,4,1,1,1,1,12,1
529.99,886,3,2,2,0,0,4,1
856.18,1449,2,0,1,1,0,22,0
1017.97,1066,2,1,3,1,1,21,0
2039.93,373,4,1,1,1,1,5,1
1309.89,1980,5,0,0,0,0,1,0
288.49,306,3,0,2,0,0,3,0
1603.91,209,2,0,0,0,0,9,0
2019.46,467,3,2,0,1,0,10,1
1919.44,932,3,0,1,0,0,9,0
3231.76,1328,2,0,1,1,1,1,1
2524.81,1991,2,0,0,0,1,7,0
1735.72,1609,8,0,0,0,0,16,0
1022.32,1416,5,1,0,1,0,0,0
208.31,1177,5,0,0,0,0,19,0
1685.16,647,3,1,0,0,0,4,0
1349.77,362,2,1,0,0,1,7,0
1438.82,1288,2,1,0,0,0,7,0
305.9,1240,7,1,0,0,0,13,0
372.02,721,3,1,2,0,1,13,0
3143.69,716,2,0,1,0,0,14,0
1054.1,1646,2,2,1,0,0,21,0
2167.87,543,3,1,0,0,0,18,1
1128.13,1548,0,3,0,0,0,8,0
1129.76,1663,4,1,0,0,1,14,0
2802.55,1849,1,0,2,0,0,11,0
654.55,194,4,1,0,1,1,19,1
1207.27,652,2,1,0,0,0,20,0
690.71,1051,6,0,0,0,0,12,0
710.17,1070,2,0,1,0,0,7,0
804.99,647,2,1,1,0,1,7,0
1369.41,1853,5,1,1,0,1,22,0
679.43,954,5,1,4,1,0,15,0
3849.72,1082,1,4,0,0,0,16,0
448.27,1037,5,1,1,0,0,22,0
909.71,949,5,1,1,0,0,13,0
706.46,1636,7,0,0,0,0,10,0
4660.97,961,1,3,1,0,0,9,1
1334.82,49,5,2,1,0,0,19,0
3077.41,803,3,2,1,0,1,7,1
248.25,1118,1,1,1,0,0,14,0
1432.32,607,2,0,2,0,0,3,0
2669.46,1681,3,2,0,0,0,20,0
1190.68,1608,4,2,1,1,1,11,1
3182.68,1475,1,1,1,0,1,3,0
653.74,1403,4,1,0,0,0,19,0
4488.83,10,2,2,0,0,0,23,0
10925.97,674,3,1,0,0,1,0,0
762.93,726,0,1,1,0,0,14,0
702.4,516,2,3,0,0,0,22,0
4690.92,224,6,1,1,0,1,6,1
5321.83,1405,5,0,1,0,0,0,0
650.11,1565,5,0,0,0,0,4,0
720.4,1326,4,1,1,0,0,13,0
827.34,203,1,0,0,1,1,22,0
285.87,942,3,2,0,0,0,15,0
437.62,589,2,1,0,0,0,6,0
401.76,571,2,0,0,0,1,21,0
508.88,957,2,2,1,0,1,9,0
1059.25,196,3,1,1,1,0,10,1
1386.05,1346,0,0,0,0,1,1,0
5169.34,418,4,1,3,0,0,6,0
404.09,1643,10,1,0,0,0,9,0
2934.59,1366,3,1,0,0,1,23,0
885.37,1413,2,1,1,0,0,4,1
1043.71,9,5,3,0,0,0,13,0
2153.43,532,4,0,0,0,0,3,0
356.84,149,2,0,2,0,0,0,0
1607.46,383,5,2,1,1,0,17,1
1295.24,1553,9,4,1,0,1,5,1
1794.45,1036,0,0,2,0,0,12,0
1464.35,476,2,2,0,0,0,11,0
12775.7,1618,2,0,0,0,0,7,0
579.55,579,2,0,0,0,0,11,0
644.84,1669,9,1,1,0,0,2,0
588.08,1980,1,0,1,0,0,1,0
629.25,1077,2,0,3,1,0,6,1
579.76,1460,2,0,0,0,0,20,0
3601.18,206,1,0,0,0,0,7,0
4539.19,1968,3,1,1,0,0,20,0
619.71,986,3,0,1,0,0,2,0
477.06,915,3,1,1,0,0,5,0
1757.09,745,4,1,1,1,0,20,0
631.3,913,2,2,0,0,0,4,0
2065.1,54,1,2,0,0,0,21,0
1343.35,1002,5,2,1,0,0,7,0
240.87,1604,6,2,0,1,1,6,1
5153.88,1514,4,0,2,0,1,7,0
6606.95,1827,2,1,0,0,0,15,0
594.2,344,3,2,0,0,1,4,0
744.19,1193,2,1,0,0,0,8,0
1459.52,1933,3,0,3,0,0,3,0
1532.2,1185,2,2,1,0,0,6,0
2118.67,1551,2,0,0,0,0,1,0
8186.2,703,3,1,1,0,0,4,0
918.79,527,3,2,0,0,0,20,0
493.59,1311,2,1,1,0,0,10,0
276.08,1899,1,0,1,0,1,19,1
527.99,412,2,0,1,0,1,3,0
1060.9,1546,7,0,2,0,0,0,1
6598.24,569,3,0,1,0,1,10,0
653.53,199,1,1,0,0,0,7,0
1371.68,1185,4,0,0,0,0,13,0
1078.77,775,2,1,0,0,0,17,0
3598.94,389,1,2,0,0,0,12,1
13724.43,474,5,1,0,0,0,21,0
644.92,1405,2,3,2,1,1,10,1
672.2,765,0,0,2,0,1,4,1
3115.55,1655,1,1,2,1,0,12,1
2168.72,592,3,2,0,0,0,17,0
6951.46,1148,1,1,1,1,0,20,0
1966.34,1849,2,0,2,0,0,0,0
765.64,1096,2,3,2,0,1,3,1
1979.61,982,4,4,0,0,1,11,1
3323.27,994,3,1,0,0,0,7,0
2491.11,168,2,0,0,0,0,6,0
1821.24,284,1,0,0,0,0,0,0
3186.49,1518,1,1,0,1,0,5,0
3530.86,1060,2,0,1,0,0,2,0
4368.43,824,4,0,1,0,1,8,0
2097.94,1199,1,0,1,0,0,18,0
927.86,1223,4,1,2,1,1,19,1
1269.93,1140,5,0,3,0,1,22,1
3664.73,1960,6,0,0,0,0,9,0
484.47,1339,3,1,0,0,0,15,0
1585.53,1963,5,0,2,1,0,5,0
740.01,1244,1,1,0,0,0,4,0
1128.61,891,3,0,1,0,0,23,0
3938.09,1602,3,1,1,0,1,17,1
1327.56,1801,4,1,2,0,0,3,1
1148.76,134,1,1,2,0,0,7,0
281.5,1655,1,0,2,0,0,10,0
2312.89,122,0,0,1,0,0,8,0
2091.18,833,1,1,0,0,0,21,0
9540.06,1923,5,0,2,0,0,19,0
806.11,1022,5,0,2,0,0,13,0
1365.33,1994,2,3,0,1,0,20,1
1407.24,1445,3,1,2,0,0,7,0
5310.56,895,1,3,0,0,0,1,1
996.95,1516,4,0,0,0,0,10,0
1449.57,1623,6,2,0,1,1,20,0
2014.04,289,6,0,3,0,0,0,1
1321.61,1673,2,0,1,0,0,20,0
701.74,1077,1,2,0,0,0,4,0
1331.54,1229,0,1,1,0,0,17,0
3208.73,1372,2,0,0,0,1,19,0
392.87,1075,2,0,1,1,1,5,0
1252.59,839,6,2,1,0,0,20,0
544.51,1946,6,0,0,0,0,2,0
3622.96,912,7,2,1,0,0,21,0
239.08,40,2,2,2,0,0,18,0
627.08,250,3,1,0,0,0,8,0
1599.12,218,6,1,2,1,0,3,0
5247.59,179,2,0,1,0,0,8,0
1026.85,1575,6,1,1,0,0,15,0
629.42,183,1,1,0,0,0,4,0
7195.11,1760,3,3,1,1,0,19,1
257.75,1188,4,0,0,0,1,4,1
121.66,1770,3,1,1,0,0,11,0
1702.77,1401,1,1,0,0,0,22,0
663.78,705,6,2,2,0,0,15,0
394.95,497,3,5,1,0,0,9,0
2226.88,597,4,1,0,0,0,0,0
1399.4,461,6,1,1,0,0,10,0
623.86,1779,2,1,0,0,0,15,0
304.81,474,2,2,1,1,0,12,0
2624.01,685,2,2,0,0,1,23,0
2101.07,1929,1,1,2,0,1,4,1
993.09,1061,4,0,1,0,0,14,0
6950.97,1623,2,1,1,0,0,18,0
376.12,1665,4,2,1,1,0,1,1
238.53,1730,0,0,4,0,0,1,0
549.0,319,5,0,1,0,0,6,0
1047.76,1579,0,2,1,0,0,1,0
1398.76,1436,0,1,1,1,0,1,0
861.58,356,2,2,0,0,0,9,0
1559.4,1695,8,1,1,0,0,4,1
313.71,617,3,1,0,0,0,9,0
4646.01,1989,4,1,1,1,0,14,0
1010.14,229,1,1,0,1,0,9,1
3351.94,729,1,0,1,0,0,5,0
1544.92,1288,2,0,0,1,0,18,0
1731.52,1954,3,1,1,0,1,18,1
1938.69,1511,4,1,1,0,0,15,0
1715.93,561,4,3,0,0,0,23,0
2085.41,1376,2,1,0,0,0,21,0
4142.91,1466,6,2,0,0,0,3,0
1334.78,635,4,0,2,0,1,5,0
2228.32,459,4,1,0,0,0,19,0
1002.51,1839,4,1,4,0,1,23,1
4629.1,25,0,2,1,1,0,6,0
557.58,1155,8,0,0,1,0,15,0
6640.49,1965,3,2,1,0,0,11,0
1053.47,370,4,1,1,0,0,19,0
262.23,1460,5,0,1,0,0,12,0
1246.51,1248,6,0,1,0,1,4,1
554.99,1012,5,0,1,0,0,7,0
2541.84,611,0,1,2,1,0,23,0
570.99,1376,4,0,0,0,0,1,0
701.92,1826,1,1,0,0,0,9,0
165.75,1509,1,2,0,0,0,9,0
697.63,1221,2,1,0,0,0,5,0
97.14,109,2,1,1,0,0,4,0
225.0,1884,3,3,1,0,0,10,1
2345.88,1244,1,1,1,0,0,9,0
2406.19,1800,4,0,0,0,0,5,0
1678.17,1947,1,1,2,0,0,8,1
416.97,720,4,0,1,0,0,4,0
1045.54,1343,2,1,0,0,0,3,0
1092.69,1106,4,0,0,0,0,3,0
344.34,1561,3,1,1,0,0,10,0
4931.5,1722,10,3,1,0,1,7,1
2636.91,432,2,1,0,0,0,1,0
879.22,1921,2,0,0,0,1,17,0
1126.52,1032,4,2,0,0,1,18,0
1350.71,636,4,0,3,0,0,11,0
142.35,1173,6,3,2,0,0,10,1
856.47,1122,1,1,1,0,0,20,0
554.47,1752,3,1,1,0,1,23,0
402.78,1125,2,0,2,0,0,13,0
827.91,1754,4,1,2,0,0,9,1
6618.91,367,4,0,0,0,1,7,0
2081.5,1486,3,1,0,1,0,16,0
619.44,925,4,1,0,0,1,13,1
1944.16,414,1,0,2,0,0,2,0
4444.2,1283,2,2,0,0,0,5,1
2764.55,1927,3,1,1,0,0,8,0
1164.01,356,4,2,0,1,0,7,0
574.25,11,2,1,1,0,0,11,0
2204.43,1440,4,0,1,1,0,0,0
1625.36,1595,4,2,0,0,1,17,0
2684.35,1274,4,0,1,0,1,7,0
2069.73,1676,2,2,1,0,0,11,1
3132.39,1871,2,2,1,0,0,1,0
642.11,1574,9,0,2,0,1,2,1
4094.48,1146,3,1,0,1,1,3,1
1336.22,1944,2,0,1,0,1,17,0
8736.46,65,2,0,0,0,1,9,0
550.49,1682,3,1,1,1,0,18,0
6222.73,1326,1,1,2,1,0,20,0
1336.64,125,5,1,1,0,0,18,0
571.68,312,2,1,1,0,0,17,0
675.95,1215,2,3,0,0,0,18,1
796.04,775,3,2,0,0,0,21,1
1676.0,1002,3,1,0,1,0,13,0
1849.8,873,3,1,0,0,0,2,0
617.88,1474,2,0,1,1,1,12,1
1070.25,1832,2,2,0,0,0,15,0
9341.95,694,2,0,0,0,0,19,0
6170.55,1183,2,2,0,1,0,11,1
1696.5,1377,3,0,0,0,1,20,0
1139.11,1844,2,1,1,0,0,19,0
1236.49,990,3,1,0,1,0,1,0
2025.39,799,2,0,2,0,0,13,1
394.34,674,1,0,0,0,0,7,0
847.78,1287,1,1,1,1,0,1,1
206.73,1753,2,0,0,1,0,6,0
1634.71,912,2,2,0,0,0,21,0
2094.76,406,3,1,0,0,0,23,0
676.42,996,2,0,2,0,0,5,1
5292.19,1717,2,1,1,0,1,1,1
321.9,1627,3,1,0,0,0,1,0
253.57,1041,2,1,0,0,0,1,0
1372.59,637,4,3,2,0,0,8,1
3124.71,1284,1,1,0,0,0,17,0
5907.2,1981,5,1,0,0,0,17,0
693.06,890,2,2,1,1,1,18,0
3224.98,1379,2,0,0,1,0,22,0
1055.21,489,6,1,1,0,0,23,0
922.76,1238,3,0,0,1,1,14,1
2653.57,239,2,1,3,0,1,23,0
2105.53,180,1,0,0,0,0,1,0
226.7,1443,6,2,1,0,0,9,1
4800.81,1708,4,0,0,0,0,13,0
4359.41,1167,0,0,1,1,0,17,0
586.66,317,1,1,1,0,1,4,1
1629.13,1268,1,0,0,1,0,5,0
1797.28,232,4,1,1,0,0,12,0
1423.22,1708,2,1,1,0,1,0,0
632.51,1813,6,1,1,0,0,17,0
560.25,1613,5,2,3,0,1,4,1
1068.96,1327,1,1,2,0,0,11,0
3543.0,331,2,2,0,0,0,4,0
1888.62,561,4,0,0,1,0,7,0
757.02,949,3,0,0,1,1,16,0
2372.5,248,3,0,0,0,0,22,0
63.53,283,2,1,1,0,0,5,0
3459.11,1311,6,0,1,0,0,0,0
192.54,940,3,0,1,0,1,3,1
763.23,32,3,0,2,0,0,12,1
357.93,1524,2,1,0,0,1,8,0
300.46,1694,2,1,2,0,0,8,0
3501.08,530,2,0,1,0,1,17,1
686.98,381,3,1,1,0,0,5,0
1550.77,63,1,4,1,0,1,18,1
1046.37,128,3,1,3,0,0,0,0
1767.0,1552,1,1,1,0,0,15,0
1184.2,163,5,1,1,0,0,5,0
303.99,958,2,0,0,0,0,18,0
2969.85,1275,3,3,1,0,0,12,0
669.31,1673,2,0,1,0,0,12,0
231.23,1854,3,2,2,0,0,21,1
714.72,295,3,0,1,0,0,18,0
4918.5,179,5,1,0,0,0,7,0
2566.3,229,2,0,0,0,0,14,0
773.83,883,1,0,1,0,0,14,0
773.36,394,4,2,0,1,1,5,0
795.02,692,3,0,2,0,1,10,1
8749.47,1420,4,1,1,0,1,16,0
1606.7,72,2,0,0,0,0,20,0
1685.88,318,3,0,2,1,0,11,1
3072.61,1923,5,0,0,1,0,13,0
1392.41,595,6,0,0,0,0,23,0
846.37,379,3,0,1,0,0,15,0
901.13,907,3,2,0,0,0,16,0
1020.86,136,2,1,2,0,0,11,0
1056.56,730,2,0,2,0,0,10,0
2270.21,1645,4,2,0,0,0,4,0
1155.1,1402,3,0,2,0,0,19,0
2281.62,1943,4,2,0,0,0,17,0
1011.59,1143,3,0,1,0,0,5,0
1186.35,906,4,0,0,0,0,18,0
148.68,530,4,0,0,0,0,3,0
2741.68,1868,1,1,0,0,0,2,0
1550.74,935,5,1,2,0,1,18,0
2975.03,666,3,1,2,0,0,22,0
60.57,523,4,1,1,0,0,1,0
8851.79,1674,5,1,1,0,0,14,0
953.76,387,2,0,0,0,0,16,0
3321.54,574,6,0,0,0,0,14,0
387.65,583,2,2,1,0,0,17,0
2023.88,573,0,2,1,0,0,12,0
382.44,644,6,0,1,0,0,0,0
587.71,573,4,2,1,0,0,21,0
7435.58,1928,5,2,0,0,1,15,0
906.25,870,5,1,0,0,0,23,0
1362.99,1293,1,0,1,0,0,6,0
2617.74,1548,4,2,1,0,0,22,0
1800.25,547,2,0,0,0,0,11,0
1274.64,1510,2,0,1,0,0,13,0
1579.65,438,3,1,1,1,0,13,0
12129.74,1587,1,2,1,0,0,14,0
1035.23,555,0,0,1,1,0,6,0
1340.9,1764,5,1,0,1,1,16,1
3135.85,111,4,0,1,1,0,4,0
3312.72,1346,2,1,0,0,0,21,0
3594.03,527,4,0,3,0,0,1,1
2077.1,177,2,0,0,0,1,7,0
349.67,674,4,1,0,0,0,21,0
5616.32,1575,3,1,0,0,0,17,0
348.51,1562,2,1,2,0,0,17,0
1484.21,624,0,0,0,0,0,2,0
515.8,1989,3,0,2,1,0,5,1
1028.51,944,5,3,0,0,1,20,0
1523.5,473,1,0,0,1,0,6,0
1512.26,1587,3,1,1,0,0,5,0
1672.24,994,3,0,0,0,1,15,0
5506.65,879,2,1,2,0,0,0,1
1725.95,1412,2,0,0,1,0,23,0
859.06,1122,3,0,0,0,0,11,1
2875.8,1435,4,1,0,0,0,3,0
3602.81,1399,3,1,1,0,1,10,1
321.31,170,4,1,0,0,0,19,0
1993.01,1014,1,1,3,0,0,7,0
2210.94,56,0,0,1,0,0,4,0
814.39,1757,1,0,1,0,0,10,0
4340.34,325,0,1,0,0,0,14,0
943.83,658,3,2,0,0,0,14,0
1243.36,957,2,0,0,0,0,11,0
922.35,260,2,1,2,0,1,19,0
1113.85,641,3,2,0,0,1,17,0
366.4,562,3,3,1,1,0,2,0
259.81,340,1,1,0,0,1,19,0
5401.89,1862,2,0,1,0,0,16,0
470.14,404,0,0,2,0,1,15,0
406.92,532,2,1,0,1,0,6,0
127.31,1198,3,1,0,0,0,16,0
578.85,795,6,1,0,0,1,10,0
292.05,1562,0,0,1,0,1,6,0
5664.73,1184,3,0,1,0,1,21,0
3010.37,1034,7,0,0,0,0,11,0
551.06,594,3,1,0,0,1,14,0
10429.94,1280,0,0,1,0,0,9,0
2927.09,617,4,5,0,1,0,15,0
792.48,652,1,2,0,0,0,10,0
90.07,714,4,1,0,1,1,6,0
10839.4,344,2,3,2,1,0,14,1
273.26,1560,4,2,0,0,0,10,0
211.58,1397,1,1,1,0,0,12,0
3049.0,1459,2,2,1,0,0,1,1
12578.6,1958,6,1,2,0,0,7,0
4377.67,46,2,2,0,0,0,3,0
1927.37,1753,5,1,1,0,0,0,0
1987.74,904,0,0,1,0,0,6,0
2574.51,55,7,0,1,1,1,15,0
2342.39,1102,7,0,1,1,0,9,0
1452.72,1515,4,1,2,0,0,12,1
1217.07,1695,2,0,0,0,0,2,0
1030.1,856,2,0,0,0,1,9,0
515.96,1296,3,1,1,0,1,16,0
828.26,660,1,1,0,0,0,17,0
201.75,1574,0,0,1,0,0,9,0
993.92,111,4,0,1,0,0,17,0
408.06,1039,4,3,0,0,1,20,0
363.73,78,4,1,1,1,1,21,1
1312.77,501,4,0,0,0,0,8,0
4411.64,588,5,0,0,0,0,9,0
2747.14,418,2,0,1,0,0,5,0
228.04,1864,5,2,0,0,0,6,0
407.63,275,2,0,0,0,0,7,0
2809.53,1518,1,2,1,0,0,9,0
410.56,1221,4,0,0,0,0,5,0
876.0,1400,3,2,3,0,0,18,1
1900.84,1755,2,0,0,1,0,1,1
416.4,1087,1,1,0,1,0,12,0
1218.5,1385,2,2,2,0,0,5,0
288.87,973,3,1,0,0,0,2,1
601.02,1568,1,2,1,1,0,21,1
1509.87,991,6,0,0,0,1,3,1
222.96,1769,6,3,4,1,1,22,1
1703.56,1134,2,1,0,0,0,21,0
1075.31,1701,5,0,1,0,1,19,0
1905.48,194,3,0,1,0,0,3,0
1371.85,1543,2,2,2,0,1,8,1
4290.42,1968,5,1,0,0,0,22,0
1242.93,1675,5,0,1,1,0,10,0
713.79,1483,6,0,0,1,0,8,0
1239.29,855,0,2,0,0,0,6,0
1888.05,799,0,2,3,0,0,0,0
1151.55,1964,2,1,0,0,0,4,0
1142.06,301,3,2,0,0,0,7,0
543.49,968,5,1,1,1,1,5,1
565.15,568,2,1,4,0,0,17,1
269.72,672,0,1,1,0,0,5,0
6308.02,1520,5,0,2,0,0,9,0
316.12,149,4,3,2,0,0,23,0
548.45,1823,2,0,1,0,0,14,0
534.64,769,1,1,2,0,0,1,1
2683.63,1485,5,1,0,0,0,13,0
816.52,139,3,1,1,0,0,1,0
3818.99,861,4,0,1,0,0,22,0
559.2,1860,4,0,1,0,0,20,0
1449.53,292,3,0,1,0,0,9,0
475.64,335,1,0,1,1,0,12,1
9368.88,699,1,1,0,0,0,16,0
334.42,1859,4,0,1,0,0,3,0
1494.91,1208,2,2,0,1,0,18,0
2066.84,307,3,1,1,0,0,11,0
1658.72,925,2,2,0,0,0,0,0
911.15,981,4,1,1,0,0,9,0
963.12,898,2,1,3,0,1,9,0
1145.75,1286,5,1,1,0,0,15,1
946.71,927,2,1,0,0,0,2,0
2875.2,1334,3,1,0,0,0,2,0
10001.83,344,2,1,1,0,0,20,0
627.98,1448,3,1,2,0,0,3,0
278.72,657,4,2,0,0,0,1,0
1003.97,1797,3,1,0,0,0,13,0
14468.21,1538,4,1,1,0,0,5,0
490.94,1850,1,1,4,0,0,19,0
5648.34,1548,3,1,1,1,0,16,0
5870.53,261,2,1,0,0,0,15,0
630.44,1386,1,0,1,0,0,12,0
1937.17,1980,2,1,1,0,0,23,0
5588.11,169,4,0,0,1,0,13,0
750.6,660,4,0,2,0,0,2,0
894.64,200,1,5,1,1,0,10,1
612.97,1409,0,0,0,0,0,9,0
397.52,1336,3,1,3,0,0,14,0
572.91,582,5,0,1,0,0,11,0
322.49,1336,4,1,0,0,0,9,0
1134.65,566,1,2,0,1,0,8,0
507.77,395,3,2,0,0,0,13,0
1385.46,1795,6,0,1,0,0,8,0
231.39,351,5,3,0,0,0,11,0
1526.73,28,4,1,4,0,0,19,0
2523.82,1903,6,1,3,0,0,11,0
149.35,1899,2,0,1,0,0,23,0
1594.09,632,4,1,0,0,0,5,0
3743.1,1157,5,1,0,0,1,0,1
327.13,380,0,0,0,0,0,1,0
5840.5,1626,2,1,2,1,0,3,0
1667.4,528,5,1,1,0,1,10,0
541.85,1311,1,1,1,0,0,2,0
1037.15,1308,3,0,1,0,0,3,0
1916.64,903,2,3,2,1,0,2,1
1183.23,1766,4,2,2,0,1,9,1
1879.49,1673,10,0,0,0,0,4,0
436.73,807,0,0,1,0,0,17,0
1299.01,227,2,3,0,0,0,10,0
266.74,1451,6,0,2,1,1,11,0
981.2,27,4,0,1,0,0,9,0
444.12,1356,2,1,1,0,0,6,0
525.56,1141,2,0,0,0,0,23,0
3774.76,89,3,0,1,0,0,2,0
3265.96,619,5,0,1,0,0,1,0
2016.54,1757,1,2,2,0,0,7,1
367.85,1759,3,0,0,1,0,11,0
799.18,122,3,0,0,1,0,16,0
3688.95,1918,1,0,2,0,0,8,1
1263.6,866,2,1,0,1,0,13,0
11151.5,33,4,3,2,0,0,19,1
1625.09,603,1,0,1,0,0,5,0
1328.82,696,2,1,0,0,0,3,0
805.03,888,1,0,0,0,0,3,0
1253.31,1794,2,2,0,0,0,19,0
941.55,1422,2,0,0,0,0,10,0
2226.33,525,3,0,0,1,1,1,0
2854.64,1048,1,4,1,0,0,11,0
499.7,1349,3,5,0,0,0,0,1
289.68,34,0,0,0,0,0,2,0
174.83,247,2,0,1,0,0,22,0
1822.55,1879,3,1,0,1,0,21,0
363.81,1043,2,0,1,0,0,11,0
127.37,1054,2,1,0,0,0,6,0
1617.41,49,3,3,2,0,1,13,0
13266.53,1963,3,1,1,0,0,5,0
1090.0,912,3,0,2,0,0,15,0
2536.37,180,1,1,1,0,1,4,0
1190.14,1394,2,0,1,0,0,1,0
993.38,1908,1,2,1,1,0,8,1
2749.23,738,0,1,3,0,0,2,0
820.35,1969,2,2,1,0,0,21,0
1432.81,1419,5,1,1,0,0,1,0
1512.77,590,5,0,0,0,0,23,0
562.23,496,2,2,0,1,1,11,0
2957.33,431,5,2,0,0,0,4,0
920.61,1231,1,0,0,0,0,14,0
515.05,1059,5,1,1,1,0,1,1
1875.27,1786,4,1,0,0,1,23,1
446.54,1607,2,1,0,0,0,15,0
1127.98,1437,8,3,2,0,0,21,1
1086.68,364,1,0,1,0,1,19,0
3248.33,310,2,2,3,0,0,9,0
1762.87,982,3,0,1,0,0,0,0
1069.53,1303,3,0,0,0,0,20,0
2484.35,1176,3,0,1,0,0,0,0
4403.73,227,3,3,0,0,0,15,0
1915.65,1267,3,2,0,0,0,21,0
1108.05,10,3,1,1,0,0,9,0
295.35,1853,2,2,2,0,0,10,1
378.0,1416,3,0,1,0,0,17,0
808.17,48,7,0,0,0,0,8,0
596.15,1648,4,2,2,0,0,8,1
909.62,204,2,1,0,0,0,2,1
1160.55,989,4,0,0,0,0,11,0
1862.53,894,3,0,1,0,0,8,0
1021.98,157,3,0,1,0,0,2,0
1783.8,855,1,0,0,0,0,19,0
1169.67,26,2,0,1,0,0,21,0
152.1,421,0,1,1,0,0,3,0
428.66,1844,1,2,1,1,0,1,1
949.48,1702,3,0,0,0,0,5,0
327.11,761,6,0,4,0,0,9,1
1998.05,774,2,0,0,0,0,6,0
5068.25,264,4,2,0,0,1,18,0
3709.91,1553,2,2,2,0,0,20,0
885.86,588,5,4,0,0,0,19,0
4869.4,958,2,1,2,0,0,23,0
1272.41,470,6,0,2,1,0,1,1
782.83,254,1,0,2,0,0,2,0
593.83,1742,3,0,2,0,1,9,0
810.4,1570,4,2,3,0,1,15,1
743.84,1171,2,1,1,0,0,20,0
1300.39,1350,4,1,2,0,1,8,0
1287.65,1362,0,0,0,0,0,21,0
1099.98,740,1,3,0,1,0,0,1
1697.54,118,5,1,2,0,1,3,0
3607.05,1189,3,1,0,0,0,3,0
2834.31,550,5,1,0,0,1,10,0
248.42,911,5,0,1,0,0,16,0
85.29,870,2,3,1,0,0,11,0
2791.46,808,2,1,1,0,0,3,0
279.53,1673,3,1,1,0,0,10,0
875.88,821,3,1,0,1,0,0,1
340.32,1782,2,4,1,0,0,15,0
180.91,1222,2,1,1,0,0,17,0
1884.58,1398,1,2,1,0,0,13,1
2342.92,1602,0,2,0,0,1,14,0
616.15,1616,2,1,0,0,0,5,0
82.18,564,0,1,0,1,0,22,0
635.08,1153,6,0,0,0,0,19,0
1622.63,414,2,3,0,0,1,16,1
249.91,1404,3,1,0,0,0,23,0
1317.33,880,3,1,0,0,0,22,0
1079.97,993,6,0,0,1,0,16,0
1957.24,1,0,2,0,1,0,15,0
1235.93,167,2,0,0,0,0,8,0
414.44,16,2,1,2,0,0,21,1
3628.49,657,0,1,1,0,0,20,0
935.86,112,3,2,0,0,0,15,0
1067.1,1392,3,0,1,0,0,0,0
431.27,1126,3,2,0,1,1,13,0
703.96,594,2,2,1,0,0,8,0
452.69,1430,4,1,1,0,1,23,0
922.47,507,3,3,0,1,0,16,0
6073.61,1635,1,0,0,0,0,18,0
278.13,671,2,0,1,0,0,10,0
218.42,1064,3,1,1,1,0,9,1
4775.1,1691,4,1,0,0,0,6,0
889.51,1572,1,0,1,0,0,18,0
561.68,1405,3,1,1,0,1,3,1
3102.32,759,4,0,1,0,0,19,0
598.47,1540,1,1,0,0,0,16,0
6809.06,497,5,0,3,0,0,13,0
2160.13,1910,3,0,4,0,1,12,0
673.23,965,3,1,0,0,0,23,0
9483.5,281,2,4,1,0,0,22,1
598.42,351,2,1,0,0,1,2,0
2303.29,334,3,0,2,0,0,8,0
1479.25,1950,1,3,0,0,1,1,1
4030.89,1967,4,2,2,0,0,12,0
5226.57,761,4,1,0,0,0,19,0
1132.3,1548,0,1,1,0,0,0,0
516.25,1307,3,2,0,1,0,6,0
1737.1,1965,5,1,0,0,0,9,0
556.84,728,6,1,0,0,0,7,0
8212.29,1343,4,1,1,0,0,3,1
1257.07,823,1,0,1,0,0,0,0
761.03,1438,1,0,2,1,0,13,0
1319.07,1618,1,2,0,0,0,15,0
285.11,14,4,0,0,0,0,15,0
415.04,1080,1,2,1,0,0,12,0
3642.46,1427,3,2,1,0,0,23,0
568.56,342,1,2,0,0,0,6,0
384.94,1818,5,0,0,0,0,14,1
1875.54,199,4,0,1,1,0,10,1
3589.27,1884,7,0,1,0,0,0,0
2250.6,678,2,1,0,0,0,16,0
2969.2,1989,4,1,2,0,0,3,0
514.5,1316,4,2,2,0,0,8,0
264.59,658,1,1,1,0,1,15,0
4921.33,1465,2,2,0,0,0,13,1
794.19,78,4,2,1,0,0,1,0
853.35,112,2,0,3,0,1,10,0
4138.94,535,2,2,1,0,0,1,1
1912.62,1399,2,1,0,0,0,21,0
1730.02,1140,3,1,2,0,0,21,0
9556.74,1166,1,3,0,0,0,10,0
576.22,992,1,2,2,0,0,2,1
2773.43,1221,1,1,1,0,0,7,0
1160.97,790,3,2,1,0,0,12,0
1434.53,1564,2,1,2,1,1,11,1
5056.7,1323,5,0,1,0,0,22,0
1822.27,1100,4,0,0,1,0,18,1
1878.63,530,6,3,0,0,0,20,0
3205.13,100,2,0,0,0,0,6,1
761.32,1503,4,0,1,0,1,14,1
473.8,973,5,0,4,0,0,5,0
385.75,1492,4,4,0,0,0,11,0
153.49,1660,6,1,0,0,0,3,0
8571.58,1901,5,1,0,0,0,8,0
363.87,1316,3,1,1,0,0,17,0
878.97,1015,4,2,0,1,0,6,1
831.46,125,3,0,1,0,0,14,0
1491.3,1015,3,2,1,0,0,2,1
2479.31,519,2,1,2,0,0,10,0
2592.75,23,3,1,0,0,0,11,0
612.12,162,3,0,1,0,0,3,0
927.86,629,3,0,1,1,1,21,0
1454.74,506,4,2,2,1,0,11,1
855.18,882,4,1,1,1,0,5,1
5471.71,1888,2,3,1,0,0,11,0
1791.8,1045,2,1,1,1,0,15,0
2286.73,1788,3,1,2,1,0,22,1
2127.88,1862,2,2,0,0,1,23,0
3545.64,1488,2,0,0,0,0,12,0
1314.25,483,0,1,0,0,0,5,0
299.82,1526,4,0,0,0,0,1,0
1635.47,1967,1,2,1,0,0,13,0
571.72,309,3,1,0,0,0,13,0
646.38,1620,2,0,1,0,1,21,0
1971.13,874,3,0,0,1,0,5,0
3783.04,1577,3,1,1,0,0,6,0
1120.21,203,1,0,0,0,0,4,0
1493.43,1440,5,2,0,1,0,15,0
6016.22,640,3,0,0,1,0,16,0
1395.14,142,4,0,1,0,1,5,0
14789.65,1880,4,4,1,0,0,23,1
1930.45,1004,2,3,0,0,0,20,0
188.53,615,3,1,1,0,0,0,1
2329.34,107,1,0,1,0,1,21,0
1605.45,529,1,3,1,0,1,6,1
3982.85,1561,1,1,0,0,1,5,1
2149.91,576,4,0,0,0,0,21,0
954.84,969,3,0,0,0,0,6,0
322.37,1878,5,0,1,0,0,23,0
889.78,1911,2,1,2,1,0,19,0
468.47,1773,7,2,1,0,0,22,0
613.68,688,6,1,0,0,0,9,0
1975.5,291,6,0,0,0,1,18,1
5824.94,805,3,0,0,1,1,10,0
1627.29,1335,3,1,2,0,0,18,1
331.66,1937,3,0,0,1,0,8,0
1710.61,668,2,3,2,0,1,17,1
3628.71,385,5,0,1,0,0,6,0
595.99,1077,2,0,1,0,0,23,0
959.09,1609,4,1,2,0,0,19,1
1112.86,1207,0,1,1,0,0,17,0
500.25,1393,2,2,1,0,1,7,0
2097.04,701,8,1,2,0,0,7,0
971.7,13,3,0,0,0,0,20,0
1668.25,1583,2,1,0,0,1,10,0
451.47,960,2,1,0,0,1,7,1
708.07,160,1,1,1,0,0,20,0
2258.33,1308,3,3,1,1,0,3,0
755.34,565,2,0,0,0,0,22,0
6166.98,1311,2,0,1,1,0,12,1
735.36,8,3,1,1,0,0,0,1
1372.91,72,5,0,2,0,0,13,0
2786.64,892,1,0,0,0,1,7,0
265.51,98,3,0,0,0,1,8,0
188.52,87,4,2,2,0,1,6,1
238.49,1866,4,0,0,0,0,20,0
3876.1,101,5,0,0,0,0,13,0
631.53,281,5,0,0,0,0,5,0
14160.32,883,0,0,2,0,1,12,0
623.75,1313,4,1,1,0,1,16,0
1318.9,749,3,1,1,0,0,8,0
5126.15,196,2,0,0,0,0,12,0
8152.61,391,3,0,2,0,0,12,1
8617.1,609,4,2,1,0,0,17,1
3671.54,450,5,0,2,0,0,8,0
3053.56,1392,5,0,1,0,0,13,0
1983.32,1454,2,1,0,1,1,19,0
2388.36,1120,4,0,0,0,0,14,0
631.95,1285,1,2,1,0,0,2,0
483.86,1536,6,3,2,0,0,15,1
1092.94,121,5,1,2,0,1,13,1
925.02,1390,4,0,1,0,0,1,1
696.99,1809,1,1,1,0,0,8,0
2200.38,332,2,1,2,0,0,20,0
2850.66,1076,3,0,0,0,0,6,0
1198.0,1420,5,3,1,0,0,19,0
4805.57,318,1,0,0,0,0,10,0
350.13,675,0,3,2,0,0,13,1
903.56,702,2,2,0,1,0,8,0
535.49,1301,2,1,2,1,1,0,1
169.6,1621,4,0,1,0,0,18,0
1009.61,1218,1,2,2,1,0,12,0
970.93,693,1,1,0,0,0,10,0
4981.32,1017,3,0,2,0,0,14,1
2060.72,21,5,2,2,1,0,3,1
393.79,399,2,4,1,0,0,14,0
7002.99,1739,1,0,0,0,0,7,0
3718.34,202,3,0,0,0,0,11,0
1962.74,466,3,0,1,0,0,23,0
874.38,1175,1,1,1,1,0,22,0
420.13,896,3,2,0,1,1,4,0
755.81,1183,1,0,1,0,0,2,1
3257.61,310,4,3,0,1,0,22,1
7219.83,1975,2,1,0,0,0,14,0
5131.96,504,1,2,1,0,0,4,1
672.6,26,3,0,0,0,1,5,0
357.95,1845,3,0,1,0,1,13,0
1262.55,66,5,2,1,1,0,11,0
187.08,1959,3,0,0,1,0,16,0
1515.0,263,2,2,0,0,0,14,0
946.15,472,2,1,1,1,0,23,0
688.12,167,2,2,2,0,1,9,1
222.58,800,1,0,1,0,1,6,0
1832.8,1178,1,2,0,0,1,20,0
643.74,343,4,1,0,0,1,12,0
340.39,718,6,1,1,0,0,17,0
62.04,413,2,0,2,0,0,8,0
1066.87,1689,2,1,1,1,0,6,0
6452.68,1208,3,1,0,0,0,9,0
5774.8,1695,2,2,0,0,0,16,0
694.3,1218,4,2,0,1,0,17,0
600.52,1026,2,1,1,0,0,2,0
1752.46,1239,1,1,2,1,0,19,0
404.08,687,1,3,0,0,0,11,0
1482.95,1611,3,0,0,0,1,21,0
2359.21,797,2,0,2,0,1,14,0
3740.35,1663,4,0,1,0,1,13,0
992.12,483,3,0,1,0,0,3,1
894.55,1585,4,2,0,0,1,15,0
455.78,1993,3,0,2,0,0,3,0
479.68,1056,2,0,1,1,1,14,0
874.39,1694,3,2,0,0,0,14,0
1583.46,15,2,1,2,0,0,10,1
2734.17,1342,2,4,0,1,0,18,0
491.19,1870,4,4,2,0,0,14,1
4878.97,1267,1,0,0,0,0,14,0
836.21,17,2,0,0,0,0,13,0
1073.45,534,4,2,1,1,1,1,1
519.46,1780,2,1,3,0,0,0,1
97.1,1950,0,1,0,0,0,21,0
2654.59,81,3,3,0,0,0,1,0
2291.23,656,3,2,3,0,0,0,0
827.72,436,1,2,1,0,0,10,0
1172.61,1032,7,3,0,0,0,0,0
1837.09,1984,6,0,2,1,0,8,0
229.86,1019,6,0,1,0,1,13,0
646.1,679,4,1,0,0,0,2,0
2426.64,1311,6,0,0,0,0,2,0
312.85,780,5,2,1,0,0,20,0
1470.79,1825,3,0,1,0,0,5,1
282.43,186,1,0,0,0,0,2,0
1748.35,1548,5,2,1,1,0,21,0
1058.24,1817,4,0,1,1,0,21,0
218.08,422,1,1,0,0,0,6,0
3514.81,1840,4,2,1,0,0,3,1
526.06,466,1,1,0,0,0,8,0
487.72,83,3,0,2,0,0,3,1
1340.19,567,5,0,1,0,0,1,0
3458.66,643,2,0,0,0,1,4,1
397.1,1661,7,2,0,0,0,10,0
1166.4,1507,5,0,1,0,0,15,0
1683.81,325,2,0,0,0,0,9,0
2193.18,1443,2,0,1,0,1,8,0
1308.24,51,6,0,0,0,0,17,0
759.74,1051,1,1,2,1,0,15,0
479.34,677,1,0,0,0,0,6,0
1195.29,981,2,3,2,0,0,21,0
375.35,1936,2,0,1,1,1,12,0
59.07,793,2,1,1,0,1,12,0
1696.9,1569,1,0,0,0,1,5,1
2707.92,1086,2,0,1,0,0,18,1
103.24,657,2,2,0,1,0,18,0
399.52,1195,2,2,0,0,0,23,0
2036.84,1310,8,0,0,0,1,1,0
8582.63,1833,2,0,0,0,0,10,0
1119.67,117,4,0,1,0,0,3,0
529.53,1028,3,2,0,0,1,2,0
913.34,1090,6,0,1,0,1,8,1
4336.73,1084,2,0,0,0,1,5,1
574.81,905,1,0,0,0,0,10,0
493.15,502,2,2,1,0,0,10,1
676.72,799,3,0,0,1,0,23,0
422.7,857,5,0,1,0,0,17,0
1239.76,1253,3,0,1,0,0,12,0
5567.37,1124,5,3,2,0,0,7,0
1514.86,1143,1,1,0,0,1,21,0
852.05,69,4,2,1,1,0,16,0
819.09,664,2,1,0,0,0,13,0
229.71,792,3,2,0,1,0,2,0
2652.11,221,3,2,2,1,1,11,0
1014.51,1010,2,0,0,0,0,15,0
915.55,1965,3,0,1,0,0,10,0
26718.4,223,3,1,0,0,0,12,0
1478.46,677,3,0,1,1,0,18,0
517.09,1978,8,2,1,1,0,18,1
715.97,1528,6,1,3,0,0,20,0
3458.0,211,1,1,1,1,0,6,0
1228.16,1815,3,0,0,0,1,11,0
260.27,931,3,2,1,0,0,13,1
2749.65,1599,2,0,0,0,0,16,0
562.2,886,2,0,2,1,0,19,0
7138.78,882,2,1,0,0,1,0,1
3229.39,262,8,0,1,0,0,12,0
701.12,518,3,1,2,0,1,16,1
3948.21,1272,2,0,0,0,0,14,0
1173.63,1765,5,1,0,0,0,6,0
2572.86,798,3,0,1,0,0,11,0
1780.65,1281,3,0,0,0,0,20,0
470.43,1087,3,0,1,0,0,18,1
576.2,1416,1,2,2,0,0,6,1
3071.62,540,2,0,0,0,0,23,0
784.64,1881,2,0,1,0,0,7,0
732.42,417,6,2,1,0,0,2,1
421.95,53,3,0,1,0,1,19,0
1675.05,1788,1,2,0,0,0,14,0
8625.9,38,2,1,0,0,0,13,0
377.08,308,2,0,0,0,0,22,0
1123.52,846,2,1,2,0,0,18,0
4501.75,1675,2,0,2,0,1,15,0
1012.68,898,6,2,1,0,1,18,0
1723.95,53,3,1,1,0,0,8,0
379.03,606,3,1,1,0,1,12,1
1682.96,1630,5,1,1,1,0,19,0
909.46,452,2,3,0,0,0,10,0
2938.72,461,2,0,0,0,0,5,0
3595.31,775,1,3,1,1,1,8,1
14611.49,1510,4,1,1,0,0,3,0
1957.91,1859,2,0,1,0,0,20,0
1518.98,1161,2,1,1,0,1,6,1
1331.93,1998,2,0,0,0,0,21,0
770.34,1396,1,2,3,0,0,11,1
1538.38,1983,5,1,1,0,0,11,0
816.15,1280,5,1,0,0,0,14,0
1297.85,395,1,1,0,1,0,14,0
4095.31,1061,0,3,0,0,1,21,0
400.8,1678,1,0,0,0,0,1,0
3428.5,1171,0,0,0,0,1,22,0
4093.33,1032,1,3,0,0,1,22,0
974.51,1275,2,2,0,0,0,23,0
131.39,647,3,1,0,0,0,0,0
597.16,1595,2,0,2,0,0,0,0
4011.8,1659,3,1,0,1,0,21,1
1071.84,1471,3,1,1,0,0,2,1
403.71,263,2,0,0,0,1,13,0
661.97,632,3,2,0,0,0,13,0
2541.78,1463,4,0,2,0,0,14,0
1894.54,1283,4,2,1,0,0,14,0
863.56,1347,1,0,0,0,0,17,0
759.89,530,3,1,2,0,0,1,0
741.18,301,5,2,1,1,1,7,0
435.98,1889,9,0,0,0,0,4,1
5515.82,485,3,0,0,0,0,14,0
794.47,92,4,1,0,0,1,1,1
3703.96,1188,4,1,0,1,0,1,1
5020.66,1680,4,2,0,0,0,12,0
2975.93,1359,1,0,1,0,0,19,0
712.21,1949,2,0,2,0,0,7,0
1642.1,315,1,1,0,0,0,3,0
1070.42,1938,5,1,0,0,0,6,0
444.21,945,3,1,0,0,0,3,1
1516.8,238,1,3,1,0,1,1,1
337.3,1710,3,3,1,0,1,9,0
3596.37,83,3,2,0,0,1,15,0
689.1,669,4,3,0,0,1,0,1
1340.98,1990,4,1,2,0,0,9,0
1455.77,1133,2,2,1,0,0,1,0
846.49,178,0,1,1,0,0,12,0
1971.78,250,5,0,1,0,0,1,0
682.05,765,2,0,0,0,0,6,0
2620.96,1591,0,4,3,1,0,5,1
285.44,667,3,2,0,0,0,1,0
1244.36,903,0,1,3,0,0,20,0
7623.03,91,2,0,1,0,1,9,1
403.3,339,4,2,3,0,0,8,0
556.83,1662,2,2,1,0,0,8,0
1833.36,1873,7,1,1,0,1,14,0
1312.36,169,0,0,0,0,0,20,0
1557.18,1163,1,1,0,1,0,8,0
1788.6,1541,2,1,2,0,0,6,1
2068.79,578,1,0,0,0,0,2,0
3326.58,1647,1,0,0,0,0,16,0
1652.13,1208,3,0,1,1,0,9,0
861.56,780,2,0,1,0,0,20,0
2148.6,170,3,0,2,0,0,17,0
7331.11,362,1,0,0,0,0,8,0
960.42,244,3,0,0,0,1,16,1
413.84,1867,2,0,1,0,1,9,0
3317.88,138,3,0,1,0,0,19,0
972.26,1052,2,0,0,0,0,8,0
124.88,519,7,1,0,1,0,4,0
2559.13,1422,4,0,0,1,0,15,0
642.05,333,7,1,1,0,0,12,0
1001.71,965,2,1,1,1,1,5,1
1528.41,1341,1,1,0,0,0,0,1
1326.77,563,4,1,0,0,0,12,0
2229.32,426,2,1,0,0,0,16,0
709.47,1160,5,1,1,0,1,8,1
1831.89,1714,2,0,1,0,1,16,0
845.94,641,2,2,1,1,0,8,0
2295.74,709,1,0,1,0,0,1,0
2029.14,1291,1,1,0,0,0,8,0
430.33,107,5,2,0,0,0,3,1
3248.61,560,2,0,2,0,0,18,0
641.65,138,3,2,0,1,0,8,0
2460.35,1935,2,0,1,0,1,21,1
1583.33,615,4,1,0,1,0,8,0
6892.46,47,3,1,1,0,1,1,1
877.02,1689,5,1,1,0,0,15,0
773.31,368,2,1,2,0,0,5,1
1075.54,6,2,0,3,1,0,16,0
809.83,523,4,0,1,0,1,10,0
2440.46,529,3,1,0,0,0,2,1
217.82,1679,2,1,0,0,1,16,0
382.34,1296,3,1,0,0,1,8,0
376.98,1848,2,3,1,1,0,2,0
2836.45,66,7,3,1,0,0,20,0
6066.96,420,2,0,1,0,0,7,1
987.87,1363,5,1,0,0,0,5,0
926.28,934,2,0,3,0,0,19,0
1176.21,498,2,2,1,0,0,11,1
3504.76,1493,5,0,0,1,0,6,0
433.83,331,3,0,1,0,1,12,0
1391.82,768,5,0,2,0,0,1,0
2907.93,1001,2,1,0,0,0,8,0
1810.02,1663,3,3,0,0,0,22,1
1325.55,1155,0,0,2,0,0,17,0
2984.08,530,3,2,1,0,0,4,0
73.46,1743,3,2,4,0,0,14,0
2160.03,1625,4,1,0,0,0,13,0
570.16,1462,2,0,2,1,0,6,1
175.8,243,2,0,0,1,0,7,0
1828.41,1487,3,1,0,0,0,12,0
4331.45,350,7,2,2,0,0,21,0
955.8,1041,3,0,3,0,0,21,0
2843.74,1490,0,3,2,0,0,19,1
5498.76,735,4,1,0,1,0,12,0
4084.34,882,3,1,0,1,1,13,1
5653.13,363,5,2,2,1,0,4,0
2303.37,1234,6,3,2,0,1,13,0
1182.56,1015,3,0,0,0,0,4,0
220.97,1635,3,0,0,0,0,4,0
857.43,525,3,1,1,0,0,12,0
471.89,831,4,0,0,0,0,18,0
9613.68,782,1,0,0,0,0,9,0
919.76,1723,4,0,1,0,0,3,0
1240.42,420,4,4,1,0,1,11,0
1903.57,786,5,0,2,0,0,15,0
1145.51,133,2,0,1,0,1,18,0
5973.28,14,2,0,0,0,0,3,0
588.37,1817,2,1,1,0,0,4,0
1332.23,1068,4,1,1,0,0,23,0
521.93,1401,1,0,1,0,0,4,0
292.94,295,4,1,0,1,0,21,0
594.8,1420,0,1,0,0,0,11,0
1056.76,1128,7,1,1,0,0,23,0
713.87,445,2,1,1,0,0,7,0
548.71,1086,6,2,1,0,0,2,0
268.72,1589,0,1,0,0,0,15,0
1009.18,1845,2,2,1,0,0,23,1
243.54,412,5,0,0,0,0,10,0
2345.04,1955,3,1,2,0,0,8,0
1190.87,630,2,2,0,0,0,23,1
255.3,321,3,1,2,0,0,12,0
804.96,1155,2,0,1,0,0,6,1
516.9,1835,4,3,0,0,0,4,1
1508.96,818,2,3,1,1,0,12,0
4189.98,1223,3,2,2,0,0,17,0
168.15,905,2,1,1,0,0,3,1
1230.32,36,2,1,0,0,0,22,0
934.37,791,6,0,1,0,1,21,1
2145.96,1240,4,1,0,0,0,13,0
1357.22,586,1,2,1,0,0,10,0
516.99,306,5,0,1,0,0,22,1
797.07,1591,2,4,1,0,0,4,1
494.71,1008,1,1,1,1,0,13,0
3216.37,893,1,2,1,1,0,9,1
1120.26,12,1,0,0,0,0,22,0
7340.71,83,0,2,1,0,0,19,0
1032.09,1056,3,2,0,0,0,12,0
540.01,1432,4,1,0,0,0,9,0
241.36,1110,4,1,1,0,0,7,1
180.7,1987,8,0,1,0,1,14,0
224.95,1768,2,1,0,1,0,22,0
1432.43,1435,1,1,3,0,0,23,1
1823.89,957,4,0,1,0,0,14,0
225.61,1811,3,1,1,0,0,1,0
2683.93,713,5,2,1,0,0,5,0
676.5,1587,2,1,0,1,0,5,0
1270.03,1856,4,0,3,0,0,1,1
5498.45,1280,1,1,3,0,0,23,1
2688.77,241,6,0,0,0,0,4,0
838.38,1741,4,1,1,0,0,0,0
449.8,898,5,0,1,0,0,21,0
127.51,1956,3,0,0,0,0,6,0
534.24,896,2,1,1,0,0,2,0
887.91,907,2,0,0,1,0,21,0
408.63,1732,1,1,2,0,0,14,0
961.74,1476,4,0,0,0,1,16,1
1184.23,756,3,0,2,0,0,7,0
875.81,1856,2,2,1,0,1,23,0
572.49,1025,2,1,2,0,0,5,0
1298.1,601,1,1,0,0,0,14,0
1706.06,282,1,0,1,0,0,15,0
368.56,651,1,0,1,0,0,21,0
4495.95,599,5,0,2,0,0,15,0
993.68,1538,1,1,0,0,0,19,0
1117.5,979,3,0,0,0,1,14,0
2226.56,1885,1,0,0,0,1,12,0
1384.67,1704,2,1,2,1,0,18,0
2844.48,1143,1,4,0,0,1,4,1
1461.36,1012,2,1,2,0,0,14,0
594.41,900,4,0,0,0,0,4,0
1574.2,1529,2,0,2,0,0,6,0
349.42,1104,2,2,0,0,0,20,0
1222.39,1647,2,4,0,0,0,9,0
1060.79,1701,0,2,0,0,0,7,0
890.59,894,3,1,0,1,1,4,1
964.36,957,1,0,1,1,0,19,0
167.03,219,5,3,0,1,0,13,0
633.51,1541,2,0,0,0,0,4,0
1203.33,1935,3,1,1,0,0,22,0
1286.73,727,2,3,0,0,1,3,1
392.42,1009,0,0,0,0,0,12,0
3888.22,1731,3,0,1,0,0,4,0
461.2,1490,3,1,0,0,0,2,0
2891.29,1818,3,1,0,0,0,4,0
1681.08,518,3,2,1,0,0,3,1
574.66,1915,4,0,2,0,1,6,0
6472.46,812,0,1,0,0,0,21,0
332.41,502,4,0,0,0,0,12,0
2749.44,58,6,2,0,0,0,18,0
2982.69,1361,3,1,2,0,0,9,0
560.81,1534,2,3,3,1,0,12,0
4413.69,814,1,0,0,0,0,14,0
854.02,614,3,1,1,1,1,16,1
1463.66,426,7,1,0,0,0,2,1
1422.71,1584,4,0,0,0,0,18,1
958.81,1394,2,1,3,0,0,0,1
2467.12,1435,3,0,0,0,0,19,0
2424.76,1812,1,2,1,0,1,5,0
190.85,1990,3,1,1,0,0,19,0
4041.37,883,4,0,0,0,0,22,0
207.99,1699,3,1,1,1,0,0,1
3079.57,1868,2,1,2,1,1,5,0
3383.63,432,3,3,2,0,0,8,0
368.35,1987,2,1,0,0,0,1,0
727.19,1220,5,0,1,1,1,19,1
362.96,1401,5,1,1,0,0,2,0
884.55,948,3,1,1,0,0,13,0
805.9,1389,2,1,0,1,0,13,0
2391.46,1860,5,1,1,0,0,13,0
4065.57,1668,3,0,0,1,0,14,0
4427.91,935,3,0,1,0,0,15,0
625.05,405,2,2,1,0,0,21,0
889.61,492,2,0,1,0,1,2,0
203.68,66,1,0,0,1,0,17,0
489.87,912,3,0,0,0,0,7,0
2878.0,391,3,0,2,0,0,0,0
5516.96,83,2,1,1,0,1,9,1
319.15,1003,3,0,1,0,1,7,0
606.4,481,3,2,0,0,0,12,0
1068.05,777,4,0,1,0,0,5,0
1451.22,1253,2,0,2,0,0,12,0
488.04,785,6,2,0,0,1,10,0
1675.83,1755,3,0,1,0,1,17,0
682.77,1249,2,2,1,0,0,14,0
1080.9,1137,2,2,1,0,0,1,0
1893.69,652,2,3,0,0,0,16,0
1103.7,1209,3,0,0,0,0,17,0
708.83,1536,1,2,1,0,0,19,0
982.78,1197,2,2,0,1,0,8,0
1003.89,1912,3,2,0,0,0,10,0
757.47,523,5,1,0,1,0,15,0
846.58,1933,1,2,2,1,0,23,0
5424.32,1695,4,0,1,0,0,13,0
1921.61,205,6,0,0,1,1,15,1
816.09,742,0,1,1,0,0,0,0
2201.63,1562,3,1,0,0,0,21,0
785.39,319,3,1,0,0,1,23,0
3544.4,1183,0,1,0,0,0,9,0
1587.07,278,4,0,1,0,0,12,0
985.06,902,4,1,0,0,0,12,0
1715.94,148,2,1,2,0,0,11,0
227.95,778,2,2,0,0,0,19,0
355.4,1107,5,0,2,0,0,11,0
332.31,419,1,0,1,0,0,5,0
1265.15,538,5,1,0,0,1,1,0
6201.3,1607,1,2,0,1,0,8,0
10211.81,1573,4,1,1,1,0,4,1
2075.69,392,3,1,0,0,0,11,0
1809.57,1157,4,1,2,1,0,19,0
181.08,940,4,0,0,0,0,5,0
637.35,1662,0,1,0,0,0,10,0
498.81,1651,0,0,0,0,1,1,1
589.43,1628,2,1,0,0,0,11,0
926.91,242,5,0,1,1,0,9,1
683.97,1475,2,1,1,0,0,10,0
151.52,999,2,1,2,0,0,18,0
2316.73,1224,2,0,1,0,0,6,1
375.12,1743,2,1,0,0,0,1,0
1393.04,1141,4,2,1,0,0,21,0
8726.18,1243,5,0,1,0,0,20,1
437.3,1329,4,1,0,0,0,2,1
87.33,243,2,3,0,0,1,3,0
823.86,1316,4,3,2,0,0,14,0
3297.63,976,3,1,2,0,0,6,0
7772.5,1818,1,0,0,1,0,14,0
320.68,1325,5,1,0,0,1,9,1
1802.08,1853,2,0,1,1,0,17,0
688.62,684,4,2,1,0,0,3,0
986.39,1412,2,1,1,1,0,1,1
15434.23,588,1,0,0,0,0,15,0
243.97,1233,3,2,0,0,0,13,0
1413.38,1338,1,0,1,0,0,20,0
1750.56,617,0,0,1,1,0,20,1
3247.97,26,0,2,2,0,0,2,1
1209.53,863,3,1,0,0,0,11,0
1492.27,79,5,1,3,1,0,23,1
741.26,1012,2,0,0,0,0,22,0
1435.3,128,4,1,0,0,0,7,0
778.06,413,2,2,1,0,0,21,0
2041.77,137,4,0,0,0,0,2,1
757.78,1358,2,2,0,1,0,13,0
1598.95,548,3,0,1,0,0,10,0
1065.01,388,7,0,1,0,0,16,0
3381.42,571,5,1,2,0,0,10,0
1041.7,1254,3,1,4,0,0,7,1
186.23,1016,0,2,0,0,0,1,0
3873.53,421,1,0,0,0,0,3,0
443.31,1148,3,3,1,0,0,17,0
570.34,1112,3,0,0,0,0,14,0
604.46,1873,1,0,2,0,0,15,0
4334.83,141,3,1,0,0,0,16,0
129.58,1940,1,1,0,0,0,6,0
25279.49,1809,2,0,0,0,0,16,0
3152.83,51,2,0,0,0,0,0,0
1370.92,987,3,0,1,0,0,3,0
1038.06,1591,4,0,1,0,0,20,0
1459.07,929,6,0,1,0,1,2,0
1846.64,1429,2,0,2,0,0,10,0
2090.62,1361,3,0,0,0,0,14,0
1911.43,662,1,2,1,0,0,6,0
1199.4,1689,4,1,1,0,0,8,0
900.24,1987,6,2,0,0,0,22,0
942.68,1755,2,0,1,0,0,18,0
902.43,1755,2,1,0,0,0,16,0
3407.62,366,2,3,0,0,0,18,0
1985.36,908,2,1,2,0,0,10,1
57.95,1935,5,2,1,0,0,13,0
2113.08,998,3,2,0,0,0,15,1
1332.4,854,4,0,1,1,0,21,0
1076.31,258,5,2,0,0,0,10,0
743.58,1412,6,1,2,0,1,1,1
3374.87,45,5,1,0,0,0,6,0
2828.57,269,1,1,3,0,0,9,0
506.3,1335,5,0,0,0,0,4,0
1647.56,672,2,0,1,0,0,17,0
415.03,1019,2,1,3,0,0,0,0
275.99,1302,2,2,2,0,0,20,0
585.98,857,3,0,1,0,0,4,0
2597.73,1499,4,1,0,1,0,7,0
2844.45,1591,2,0,1,1,0,21,1
1831.86,145,3,0,2,0,1,19,1
2264.47,1990,2,0,1,0,1,5,0
1837.53,235,5,1,0,0,0,19,0
577.39,691,2,1,1,1,0,6,1
1689.05,720,7,0,0,0,0,21,0
2441.6,1160,2,3,0,1,0,23,1
2331.56,1469,5,0,0,0,1,3,1
3600.81,353,4,2,0,0,1,13,0
2226.76,1418,5,0,1,1,0,10,0
1558.45,994,2,0,0,0,1,23,0
3197.58,275,7,2,0,0,0,17,0
1067.93,1408,6,1,2,0,0,9,1
454.01,910,3,0,0,0,0,23,0
931.63,1347,4,1,1,0,0,16,0
520.66,1207,6,2,0,0,0,20,0
558.26,1597,3,0,0,0,0,1,0
949.07,440,3,0,0,1,0,17,1
496.5,1087,4,1,0,1,0,21,0
805.96,1897,3,0,0,1,0,18,0
165.07,1751,7,0,4,1,0,18,1
1357.36,872,4,0,0,0,0,19,0
1097.96,651,6,1,0,0,0,10,0
484.4,943,4,1,0,0,0,14,0
2120.16,1670,5,2,2,0,0,19,0
2800.55,34,7,1,2,0,1,3,1
219.74,705,3,1,0,0,0,2,0
511.46,867,2,0,0,0,1,12,0
508.19,985,3,1,0,0,0,14,0
428.42,832,3,1,0,1,0,7,0
2513.61,1501,3,3,0,0,0,9,1
903.41,1111,4,1,0,0,0,5,0
841.75,1234,2,2,0,0,0,2,0
147.84,462,2,1,0,0,0,14,0
2070.24,81,0,1,0,1,0,1,1
317.58,322,2,1,0,0,0,23,0
1164.37,415,5,2,1,0,0,21,0
1447.19,1875,3,1,1,0,0,23,0
4275.51,992,3,1,0,1,0,4,0
296.24,190,2,1,0,0,1,11,0
53.54,1974,3,1,0,0,0,21,0
1317.97,1884,2,2,2,0,0,2,0
6637.64,1257,5,0,2,0,1,17,0
3785.55,392,2,1,0,0,0,15,0
1352.43,1962,4,0,0,0,0,3,0
670.73,1193,2,0,0,0,0,2,1
2458.05,1467,1,0,0,1,0,17,0
414.24,1787,2,3,0,0,0,5,0
1765.8,168,1,0,0,0,0,17,0
1817.96,1255,3,2,0,0,0,18,0
3165.95,1174,2,0,2,0,1,18,0
17320.74,664,0,0,1,0,0,9,1
1623.62,1574,1,1,0,0,0,12,0
659.21,1410,5,0,1,1,0,6,0
1068.94,381,2,2,0,1,1,15,0
186.97,1833,1,2,0,0,1,3,1
547.46,1299,0,2,0,0,1,7,0
728.3,1641,1,2,2,0,0,14,0
649.31,898,4,1,0,0,0,13,0
1277.11,1884,2,1,1,0,1,9,0
481.82,864,5,1,1,0,0,21,0
3364.49,62,3,0,2,1,0,18,0
1096.86,1491,5,0,1,0,0,12,0
1086.48,528,3,1,0,0,0,1,0
790.06,862,4,4,0,0,1,10,1
1280.74,150,3,2,0,0,0,17,0
2502.63,1166,2,1,0,0,0,18,1
460.76,116,2,0,0,0,0,9,0
567.86,824,2,4,0,0,0,0,0
809.38,65,4,0,1,0,0,22,0
285.47,1453,4,0,0,0,0,9,0
483.35,310,2,2,0,0,0,4,0
681.15,706,1,0,0,0,1,15,0
2629.08,854,4,1,1,1,0,18,0
1425.9,1454,2,2,0,0,0,2,0
1330.87,1024,1,1,2,0,0,9,0
2568.04,1185,4,0,1,1,0,13,1
955.88,1999,3,0,0,0,0,13,0
1620.46,306,2,3,2,0,0,15,0
989.08,1385,4,1,0,0,1,23,1
1429.9,1302,3,2,0,1,0,2,0
612.31,1320,4,1,1,0,0,15,0
95.7,1575,5,0,1,0,0,0,0
958.84,873,4,0,1,0,0,5,0
4549.39,169,2,0,0,1,0,2,0
2768.93,1483,3,2,0,0,0,14,0
2879.57,1604,1,1,2,0,1,6,1
3774.91,1031,1,0,1,0,0,22,0
1198.3,1621,1,1,0,0,0,5,0
1335.84,1735,7,0,0,0,0,9,0
591.31,1156,1,0,0,0,1,17,0
799.45,588,2,0,0,0,0,20,0
2029.96,762,2,1,0,1,1,2,1
3655.12,347,4,0,2,0,0,12,0
953.9,955,0,1,2,0,1,3,1
699.11,1745,1,0,0,0,1,2,0
1097.21,1620,3,1,0,0,0,15,1
2000.61,735,2,2,1,1,0,10,1
258.82,1277,3,1,0,0,0,13,0
110.37,410,2,1,0,0,0,17,0
632.36,543,3,0,1,1,1,6,0
323.53,355,4,0,0,0,0,1,0
659.75,713,5,4,1,0,0,4,1
945.98,1989,0,1,3,0,0,17,0
696.98,1588,4,1,1,0,0,21,0
4686.62,1392,4,0,0,0,0,6,0
1520.42,584,3,0,2,0,0,2,0
1481.0,511,1,1,0,0,1,14,1
2043.07,533,1,0,0,0,0,18,0
351.13,528,7,0,0,0,0,9,0
3099.86,947,1,0,0,1,0,20,1
1016.62,1552,4,2,1,0,0,7,0
2144.11,1426,1,1,0,1,0,13,0
375.46,1199,1,0,1,0,1,5,0
231.88,824,3,0,1,0,1,1,1
2484.66,1948,2,1,1,0,1,1,0
1597.84,1874,4,1,2,1,0,5,1
444.94,78,4,0,1,0,0,10,0
459.59,440,3,0,0,1,0,20,1
3379.34,1776,4,1,0,0,0,22,0
333.82,549,2,0,0,1,0,17,0
5668.46,1256,6,0,1,1,0,19,0
445.58,400,1,0,1,0,0,8,0
2076.4,1237,1,1,2,0,0,22,1
789.49,1217,3,2,2,0,1,1,1
2004.58,1596,1,1,0,0,0,22,0
636.44,701,3,2,0,0,0,8,0
931.88,1291,1,0,0,0,0,12,0
1142.44,126,3,2,0,1,0,23,0
402.55,1739,3,0,1,0,0,20,1
2300.37,834,1,0,1,1,0,0,1
656.41,1406,1,1,1,0,0,19,1
872.53,544,3,0,1,0,0,20,0
405.71,502,3,0,0,0,0,11,0
84.58,1427,2,2,0,0,0,0,0
905.94,824,2,0,0,1,0,18,1
12241.85,1285,2,1,0,0,0,4,0
2403.31,387,3,2,0,0,0,1,0
1075.71,412,3,2,1,0,0,9,0
843.12,1370,4,0,0,0,0,18,0
1121.55,1118,3,0,1,0,0,8,0
1895.27,328,3,0,0,1,1,20,0
336.7,100,2,1,0,0,0,0,0
3341.99,1821,1,1,2,1,0,2,1
2242.58,461,1,1,1,0,1,23,1
2248.88,1339,2,1,1,1,0,21,0
1700.16,25,3,0,2,0,0,8,1
1118.36,1942,5,0,0,0,0,21,0
2149.22,494,6,0,1,0,0,11,0
1981.91,353,3,1,2,0,0,8,0
769.67,869,2,1,1,0,0,6,0
617.94,1141,4,0,1,1,0,23,1
1214.22,199,1,1,0,0,0,12,0
5161.69,1303,4,0,1,0,1,17,1
317.63,1606,3,1,1,1,0,23,1
252.77,847,2,2,1,1,0,10,0
1293.05,1103,3,1,0,0,0,1,1
1153.88,1448,6,1,0,0,0,0,0
1304.2,1378,3,1,0,0,0,17,0
1399.62,526,0,1,1,0,0,6,0
877.26,541,2,1,1,0,0,1,1
4865.2,1680,3,1,0,0,0,12,0
221.21,477,5,1,0,1,0,8,1
478.91,1879,3,2,2,0,0,23,0
989.05,10,2,3,2,0,0,11,1
212.05,1583,5,1,2,1,0,2,1
919.79,1527,4,1,0,0,0,5,0
5776.02,1284,6,0,1,0,1,1,1
1119.78,524,2,0,0,0,1,1,0
1381.19,810,7,0,1,1,0,17,0
311.01,1762,3,1,0,0,0,5,0
592.08,772,2,1,0,0,0,1,1
753.56,1620,4,1,0,0,0,1,0
798.14,1884,1,0,1,0,0,12,0
3950.68,860,0,1,0,0,0,13,0
1915.42,1030,0,2,0,1,0,12,0
360.88,1934,4,1,0,0,0,0,0
1403.19,1783,2,0,1,0,0,4,0
1804.83,1059,3,3,1,0,1,11,1
3429.43,175,3,2,2,0,0,12,0
5326.98,442,5,1,0,0,0,3,0
397.39,1601,5,1,0,0,0,6,0
487.43,1171,2,2,0,0,1,0,1
311.82,1593,2,2,0,0,0,16,0
867.82,1217,2,0,2,0,0,16,0
1748.23,1037,4,3,1,0,0,17,0
2943.44,1928,5,2,0,0,0,9,0
1016.43,1554,3,1,1,0,0,5,0
796.44,246,2,0,0,0,0,15,0
1276.35,675,4,1,0,0,0,15,0
475.73,1879,8,0,0,0,0,16,0
8862.1,114,3,0,0,1,0,13,0
219.72,1012,2,2,1,0,0,18,1
1319.15,794,2,0,4,0,0,4,1
8296.64,233,3,0,1,0,0,15,0
1104.12,1702,4,0,0,0,0,22,0
906.84,980,5,1,1,0,0,2,0
767.05,1346,1,1,0,0,0,22,0
915.63,1562,1,0,0,0,0,9,0
4327.95,126,2,0,1,1,0,23,0
120.08,1337,3,0,1,0,0,4,0
5081.87,511,5,2,1,0,0,21,0
264.02,1508,3,1,0,0,0,0,1
839.95,281,4,1,0,0,0,11,0
713.91,798,4,0,0,0,0,18,0
1975.45,978,0,1,2,1,0,17,1
221.82,903,0,0,2,1,0,10,0
1740.93,1307,5,1,1,0,0,2,1
8302.48,651,4,1,2,1,0,2,1
280.57,1637,4,1,0,0,0,20,0
1325.71,392,5,1,0,0,0,4,0
565.67,1547,1,0,1,0,0,15,0
1678.89,382,4,0,1,0,0,18,0
1117.83,216,3,1,1,0,0,21,0
577.39,542,4,1,1,1,0,5,0
1786.25,606,3,3,0,0,0,1,0
6663.15,116,4,2,4,0,0,16,0
906.05,509,6,2,2,0,0,3,1
2252.41,1524,2,2,1,1,0,22,0
300.88,271,3,0,2,0,0,12,0
421.39,1464,6,0,0,0,0,15,0
1758.83,1315,6,3,3,1,1,11,1
4837.32,1063,3,0,0,0,0,19,0
1564.96,1048,6,3,1,0,0,22,1
801.87,776,7,2,1,0,0,20,0
1095.86,1067,1,1,2,1,1,5,0
314.06,1194,1,0,0,0,1,6,0
2007.24,340,3,1,0,0,1,19,0
2650.05,169,6,0,2,0,0,8,0
697.78,1839,5,1,0,0,0,23,0
685.37,1562,3,1,2,0,0,7,1
1430.64,1716,1,0,0,0,0,4,0
708.59,1496,2,2,2,0,0,3,1
1026.46,662,2,2,3,0,0,9,0
8952.8,1669,4,0,1,0,0,22,0
856.6,143,3,1,0,0,0,15,0
766.37,1700,1,2,0,1,0,19,0
573.9,1125,4,2,2,0,0,12,0
2308.13,575,1,2,0,1,0,3,1
914.86,1629,1,1,0,0,1,11,0
572.85,1743,3,0,1,0,1,8,0
4110.52,475,7,1,1,0,0,0,1
4535.1,1969,5,0,0,0,0,12,0
601.59,311,3,0,2,0,0,16,0
169.6,1608,2,1,0,0,0,6,0
3003.44,1084,3,1,4,0,0,17,1
553.01,1977,4,1,0,1,1,20,0
2417.83,1053,1,2,1,0,0,16,0
152.92,531,4,1,0,0,0,21,0
2677.39,991,3,1,0,0,0,19,0
326.63,73,4,3,2,0,0,9,1
2277.34,1418,4,1,1,0,0,8,1
1112.4,869,4,1,1,0,0,23,0
422.45,394,4,2,1,0,1,12,0
729.94,1782,3,0,0,0,0,7,0
2178.34,481,2,3,0,0,0,18,0
1219.13,473,3,0,0,0,0,17,0
1967.29,313,3,3,1,1,0,11,0
7914.41,1462,2,2,2,0,0,21,1
229.47,952,1,1,1,0,0,13,0
5525.96,324,3,2,0,1,0,17,0
1217.26,1013,6,0,1,0,0,22,0
446.4,965,2,0,0,1,0,9,0
289.94,87,3,1,2,1,1,21,1
907.67,359,4,1,1,0,0,8,0
2756.32,695,2,0,1,1,0,18,0
965.31,197,0,2,1,0,0,23,0
4969.9,756,3,1,0,1,0,11,0
256.94,1864,1,3,1,0,1,7,1
1083.46,977,3,4,1,0,0,15,1
313.44,1409,2,2,3,0,0,14,0
1577.56,1142,4,3,1,1,0,14,0
2662.14,498,5,3,1,0,0,4,0
719.99,908,4,2,0,0,0,10,0
81.11,931,5,0,1,0,0,23,0
1338.02,1908,4,1,0,0,1,22,1
1697.21,462,3,0,0,0,0,3,0
1643.03,1520,0,0,1,0,1,1,0
3773.59,1618,2,1,2,0,0,17,0
375.76,970,5,3,1,0,1,20,1
2165.09,1271,6,0,0,0,0,3,0
3613.77,1999,2,0,0,0,1,9,0
185.2,234,4,1,0,0,1,7,0
1509.68,417,3,2,0,0,0,17,0
662.37,1491,3,0,0,0,0,10,0
1010.78,1506,3,2,1,0,0,6,0
1552.58,1389,3,0,0,0,1,6,0
673.69,153,5,1,1,0,0,15,1
557.96,272,1,0,0,1,0,22,0
1134.73,392,4,2,0,0,1,6,0
369.72,547,1,0,1,0,0,9,0
370.25,725,3,0,1,0,0,7,0
2163.26,1747,1,0,0,0,0,19,0
347.65,1454,2,1,0,0,0,15,0
2135.19,1675,1,2,0,0,0,12,0
1741.66,189,3,2,1,0,0,6,1
195.23,812,2,1,1,0,0,18,0
556.93,1931,1,1,2,0,0,8,0
3619.57,1276,2,2,0,0,0,3,0
411.1,395,2,1,0,0,0,18,0
689.24,662,6,1,0,1,0,6,0
1740.73,853,4,1,1,0,0,14,0
2400.4,1243,1,1,1,0,0,9,0
852.75,594,1,1,1,0,1,9,0
603.35,190,2,1,0,0,0,8,0
4547.67,234,5,1,1,0,1,20,0
6241.02,1712,1,3,0,0,0,21,0
2918.6,232,3,2,0,0,0,1,0
1194.3,358,6,3,1,0,0,10,0
488.69,478,3,0,0,1,0,1,0
477.97,1599,7,0,2,0,0,8,0
1849.21,1971,1,2,1,0,0,18,0
1666.36,1453,7,1,0,0,0,6,0
4454.18,237,6,0,0,1,0,20,0
2101.59,1057,2,1,0,0,1,5,0
243.94,213,2,1,0,0,1,21,0
3139.9,1596,1,0,1,0,0,9,0
404.21,379,2,1,1,0,0,11,0
746.97,1026,2,0,1,0,1,3,0
1408.39,909,2,2,2,0,0,18,0
8068.05,450,0,1,1,0,0,20,0
24585.66,569,3,1,1,0,0,9,0
2011.68,1451,3,0,1,1,1,13,1
913.06,813,3,2,2,0,0,14,0
1871.52,1823,4,1,0,0,0,11,0
2664.19,1674,4,2,0,0,1,7,0
795.79,279,5,2,0,0,1,12,0
6602.55,214,2,4,1,1,1,13,0
1380.32,1775,2,0,1,0,0,20,0
1803.97,1309,2,1,1,0,1,11,0
2134.36,1567,3,2,0,0,0,13,0
1671.68,718,3,3,1,0,0,15,0
2537.51,970,1,0,3,0,1,8,1
591.55,1298,1,1,0,0,0,13,0
627.47,1035,8,1,0,0,1,15,0
364.98,871,4,0,1,1,0,9,0
1701.9,1071,0,0,0,0,0,4,0
2389.73,1539,5,0,0,1,0,9,0
1733.28,1666,2,0,0,0,1,9,0
5851.73,438,0,1,4,0,0,16,1
1090.51,1608,2,1,0,0,0,21,0
2140.39,671,6,2,1,0,0,16,0
368.08,904,3,0,2,0,0,17,0
744.64,1451,0,1,0,0,0,12,0
2198.52,1456,0,0,0,1,0,2,0
2563.43,1154,1,1,2,0,1,3,1
817.32,1046,1,0,0,0,0,11,0
1020.86,892,3,3,0,1,0,11,0
240.36,389,7,2,0,0,0,19,0
767.37,135,6,1,0,1,0,11,0
2671.47,532,3,1,2,0,0,7,0
1949.26,220,2,0,0,1,0,12,0
1809.25,333,3,1,1,0,0,4,1
1152.6,1154,3,1,0,0,1,20,0
1104.41,1056,4,1,0,1,0,23,0
566.61,1626,3,1,2,0,0,8,1
2205.76,1795,2,1,0,0,1,7,0
1670.66,1449,3,1,1,0,0,4,1
1793.67,1322,4,2,2,1,1,11,1
648.05,1528,4,0,2,1,0,19,0
127.31,1869,2,0,1,0,0,11,0
3285.1,1785,4,1,2,1,0,15,0
679.37,1709,5,3,0,1,1,20,1
462.77,357,3,0,0,0,1,13,0
2193.99,1479,6,2,0,0,0,11,0
740.99,401,3,0,0,0,0,5,0
3165.09,896,6,0,0,0,1,8,0
2032.47,1583,1,0,1,0,0,17,0
2172.36,990,4,0,1,0,1,1,1
279.79,709,5,2,0,0,0,9,0
3684.7,1944,4,2,0,0,1,5,0
1424.04,1479,4,1,0,0,0,22,0
758.03,1915,2,1,2,0,0,22,0
1265.71,1058,2,0,1,0,0,22,0
185.63,1790,4,0,1,0,0,13,0
1650.2,248,1,2,1,0,1,19,0
391.75,946,1,0,1,1,1,22,0
283.53,42,3,0,1,0,0,21,0
239.28,801,4,1,2,0,0,3,1
3336.54,123,4,1,1,0,0,13,0
584.49,27,1,3,0,0,1,10,1
5083.36,1486,2,0,1,0,1,20,0
641.75,571,5,0,1,0,0,10,0
198.87,1171,1,1,0,0,0,8,0
359.05,496,5,1,2,0,0,8,0
3773.7,1651,2,0,1,1,0,22,0
938.33,486,3,2,1,1,0,10,0
633.79,1484,1,2,0,0,0,0,0
1286.93,899,6,0,0,0,0,20,0
1811.27,711,2,0,0,0,0,22,0
3352.29,1152,3,0,0,1,0,22,0
4668.06,376,3,1,1,0,1,10,0
765.27,665,1,1,2,0,0,16,0
291.18,1905,1,0,2,0,1,3,1
725.26,783,2,2,0,0,0,7,0
1422.66,851,4,0,1,0,0,15,0
418.32,1980,3,3,1,0,0,16,0
421.09,1107,3,0,2,0,0,2,1
1546.56,1559,2,0,2,0,0,21,0
1044.56,1547,1,0,1,1,0,5,0
1133.2,1723,4,0,1,1,0,22,0
513.63,1652,1,2,0,0,0,19,0
870.96,674,2,1,3,0,0,2,1
435.18,1127,5,1,1,0,0,17,0
2670.97,1779,4,0,2,0,0,0,0
3087.91,1543,5,0,2,0,0,0,1
173.09,362,4,0,1,0,0,9,0
432.89,684,2,2,0,0,0,0,0
245.54,1280,3,2,0,1,0,4,1
572.48,247,4,0,0,0,0,12,0
1008.85,1216,1,2,2,0,0,14,0
257.33,1650,3,2,1,1,0,11,0
436.22,535,2,2,0,0,0,8,0
401.84,1894,0,3,1,0,0,19,1
1349.2,314,1,2,0,0,0,10,0
1175.38,1300,3,1,0,0,0,7,0
532.86,1947,3,1,1,0,0,3,1
1308.74,1397,3,0,0,0,1,2,1
634.81,444,2,2,0,1,1,11,0
835.76,1672,9,0,0,0,0,4,0
5845.64,869,4,1,1,0,0,20,0
4190.02,1219,2,1,1,0,0,4,1
298.99,1282,2,2,1,0,0,1,1
2514.26,1814,6,1,1,0,0,10,0
2468.58,582,5,0,4,1,0,7,1
347.84,871,4,1,0,0,0,9,0
2486.86,1384,3,0,0,0,0,3,0
5104.78,548,3,1,1,0,0,4,1
356.9,1132,1,0,1,1,0,10,0
438.12,1048,3,2,0,0,0,0,0
3034.07,1676,3,0,0,0,1,22,0
1438.7,465,4,2,4,0,0,20,1
1903.55,1046,3,3,0,0,1,11,1
1541.62,502,6,2,4,0,1,12,1
1620.83,851,4,2,0,0,1,15,1
291.06,1865,4,0,2,1,0,19,1
3125.4,716,5,1,0,0,0,6,0
3531.9,892,1,1,2,0,0,12,0
871.84,1760,5,2,0,0,0,20,0
1049.98,501,1,0,2,1,1,11,1
237.2,735,5,1,1,0,1,19,1
1834.0,593,3,1,0,0,0,15,0
1943.13,407,0,0,0,0,0,12,0
1030.51,1354,2,0,3,0,0,2,1
3375.68,703,2,2,1,0,0,5,1
785.19,286,1,2,0,0,1,7,0
1928.71,147,1,1,1,0,1,22,0
395.57,794,3,1,2,0,0,18,0
1071.11,384,4,0,0,0,0,6,0
921.17,11,1,2,0,0,0,12,0
1373.76,276,2,0,0,0,0,11,0
757.84,886,1,1,2,0,0,23,0
961.53,1592,2,2,1,0,0,11,0
2505.01,1709,4,1,2,0,0,19,0
708.56,964,0,3,0,0,0,23,1
219.95,303,3,2,0,0,0,22,0
6308.06,204,4,0,3,0,1,4,1
4365.35,345,2,1,0,0,1,10,0
301.19,1784,4,1,3,0,0,11,0
2185.74,826,3,2,3,1,0,21,1
663.17,1290,1,2,1,0,0,20,0
1427.22,22,1,0,1,0,0,9,0
1471.77,839,2,2,0,0,0,15,0
867.48,536,2,2,1,0,0,23,1
500.81,1730,3,0,1,0,0,19,1
549.75,1120,2,1,0,0,1,9,0
438.7,981,3,2,3,0,1,3,1
477.32,1469,7,0,2,0,0,22,1
1025.38,263,5,1,0,1,1,0,1
536.06,584,2,0,1,1,0,6,0
2169.07,1013,3,0,0,0,0,14,1
4852.48,1779,6,2,0,0,0,2,1
613.97,383,5,0,0,0,0,10,0
1393.26,1574,5,1,0,0,0,4,0
1807.47,917,2,2,0,0,0,14,0
1758.12,392,1,0,1,0,0,3,0
1183.17,889,4,0,2,0,1,6,1
2304.65,1625,1,0,1,0,0,19,0
1776.23,540,6,0,0,0,1,15,0
318.09,1116,1,1,2,1,0,4,1
2615.36,566,1,2,0,0,1,8,0
2663.22,1183,3,2,0,0,0,15,0
511.18,884,2,2,0,1,0,1,1
1139.04,228,4,1,0,0,0,20,0
2171.84,473,4,3,0,0,1,8,0
889.52,372,3,2,2,0,1,1,1
3206.64,1400,2,0,0,0,0,8,0
11659.45,1577,2,2,1,1,0,15,0
499.7,37,6,1,2,0,1,11,1
275.6,1661,3,0,0,1,0,18,0
1485.96,1958,8,2,2,1,1,12,1
2256.48,691,0,1,1,0,0,15,0
870.56,844,1,3,0,0,0,13,0
4690.34,1061,5,1,0,0,1,1,1
287.55,101,4,0,0,0,0,3,0
2192.77,1567,5,0,1,0,0,22,0
598.33,1214,3,0,1,0,0,9,0
6120.37,1536,2,1,1,1,0,10,0
8042.66,658,9,0,2,0,1,17,1
509.46,90,3,2,0,0,0,20,0
632.98,1030,4,2,1,0,0,20,0
2590.45,905,4,0,0,0,0,13,0
744.62,1163,6,1,4,0,0,7,0
1047.95,95,5,1,1,0,0,10,0
1124.83,1655,5,4,4,0,0,17,1
160.83,1902,6,0,3,1,0,5,0
1081.56,632,2,0,0,1,1,19,0
550.19,1410,2,0,2,0,0,3,0
669.73,123,3,4,0,0,0,0,1
4645.4,1309,5,1,2,0,0,15,0
312.15,366,4,2,0,0,0,1,0
2473.04,1913,3,1,1,0,1,0,0
829.68,691,5,2,0,0,1,4,1
829.02,1514,1,0,0,0,0,21,0
2417.22,325,3,0,0,1,0,10,0
1540.79,407,1,0,0,0,1,13,0
1940.33,996,3,2,1,0,0,8,0
2887.61,519,2,1,3,0,0,22,1
787.36,896,1,1,0,0,0,18,0
594.53,1848,2,0,1,0,0,13,0
370.5,1663,9,0,1,0,0,6,0
480.39,77,1,1,0,1,1,16,1
20933.26,234,4,1,0,0,1,5,0
3807.32,830,1,2,2,1,1,1,1
283.99,586,1,3,1,1,0,4,1
292.23,484,4,0,1,1,0,6,0
1775.55,1488,3,2,0,0,1,13,0
1895.55,271,4,1,0,1,0,3,0
1898.62,1845,3,1,2,0,0,21,0
849.84,939,1,0,3,0,0,4,0
967.34,1491,3,1,1,0,0,3,0
1522.15,469,3,1,0,1,0,8,0
1194.99,632,2,0,1,0,1,7,1
119.19,547,3,0,0,1,1,11,0
871.49,719,1,0,1,0,1,8,0
468.06,1008,7,2,0,0,0,3,0
1306.64,270,2,1,0,1,0,0,1
21704.16,605,4,1,0,0,0,14,0
1583.64,965,2,0,0,0,0,18,0
801.49,378,2,2,1,0,1,8,0
2756.73,177,5,2,1,0,0,15,0
1777.01,274,4,1,0,1,0,3,0
1669.19,1715,1,2,2,0,1,15,0
2011.93,1665,1,0,1,0,0,12,0
8574.46,637,3,0,0,0,0,0,0
353.93,27,5,1,3,0,0,12,1
1760.99,576,2,0,0,0,0,11,0
434.25,60,5,0,1,0,0,23,0
1911.25,731,2,0,0,0,0,1,0
437.6,1241,3,1,0,1,1,16,1
722.44,1705,2,0,0,0,0,18,0
816.4,661,6,1,1,0,1,22,1
2909.73,270,3,1,0,0,0,23,0
2747.52,1140,3,2,2,1,1,2,1
315.54,245,5,0,2,0,0,22,0
1158.56,660,0,0,0,0,0,13,1
539.38,1628,1,0,1,0,0,18,0
311.53,85,2,2,1,1,0,20,1
882.7,1623,2,1,1,0,1,6,1
805.54,907,1,0,0,0,0,15,0
12415.69,1656,2,3,0,0,1,6,1
1690.8,1474,0,3,3,0,1,21,1
276.55,1876,4,1,1,0,0,0,1
623.42,536,3,3,0,1,0,19,0
3045.39,1911,1,1,0,0,1,0,1
8852.39,89,0,2,0,0,0,8,0
224.53,549,1,2,1,0,0,13,0
167.35,854,1,2,1,0,0,18,1
7122.15,895,1,3,2,0,0,17,0
1619.08,507,1,2,2,1,0,9,0
460.22,408,6,1,1,0,1,22,0
1871.75,1295,5,0,2,0,0,20,0
78.59,524,3,1,1,1,0,17,1
1100.34,1518,3,4,0,0,0,4,0
1522.06,607,4,1,0,1,0,16,0
2763.55,1003,2,0,3,0,0,10,0
397.86,448,6,1,1,0,0,5,0
1194.74,543,6,0,0,0,0,23,0
434.66,949,1,0,2,0,1,20,0
1415.71,350,2,0,1,0,0,0,0
447.94,1769,4,1,0,0,0,5,0
729.16,852,2,0,1,0,0,20,0
405.12,328,2,0,1,1,1,7,1
2103.03,1836,2,0,0,0,1,4,1
2587.51,1310,3,0,2,0,0,18,0
867.3,1059,3,0,0,0,1,12,0
1139.38,1557,4,1,0,0,0,5,0
257.6,623,0,0,2,0,0,8,0
812.67,488,2,0,0,0,0,3,0
1042.94,1855,2,1,0,1,0,21,0
15075.0,1884,2,2,0,0,0,9,0
360.7,487,1,0,1,0,1,17,0
4741.82,145,6,2,1,0,0,7,0
2971.61,1548,5,1,1,0,0,13,0
1451.91,756,3,2,0,0,1,14,0
6365.32,146,0,1,1,0,0,9,0
1590.98,1021,4,0,2,0,0,21,0
1618.34,1775,3,3,0,1,0,20,0
1039.9,1527,2,0,1,0,0,1,0
3727.78,1628,3,0,2,0,0,19,1
3282.86,828,2,0,0,0,0,17,0
586.59,1859,3,1,0,0,0,1,1
293.17,627,5,4,0,0,1,3,1
895.18,1551,6,3,1,0,0,18,0
492.73,1296,0,1,1,1,0,23,1
1029.14,534,2,1,1,0,0,19,0
3779.84,630,2,0,0,0,0,14,0
694.16,881,3,2,1,0,0,13,0
1050.66,1119,1,1,1,1,0,13,0
1162.15,1471,3,2,0,1,0,4,0
2561.71,415,7,2,2,0,1,12,1
115.94,257,2,2,1,0,0,17,0
597.83,1867,4,2,0,0,0,14,0
1354.63,1286,3,2,0,0,0,2,1
3641.24,87,1,0,3,0,0,0,0
670.55,905,6,2,2,0,0,13,0
167.91,1460,0,2,0,0,0,14,0
2037.97,1854,2,3,1,0,0,19,0
580.93,570,4,3,0,1,1,21,1
333.73,742,5,0,3,0,0,21,0
587.37,108,1,0,1,0,0,15,0
911.85,1043,1,0,0,0,0,4,0
599.0,1389,3,2,0,0,0,4,0
120.84,1677,5,0,1,0,0,7,0
2689.38,1403,2,1,1,0,0,12,0
3924.03,160,0,0,1,0,0,18,0
2103.85,100,2,1,0,0,1,14,0
351.54,265,3,1,0,0,0,12,0
896.51,1774,3,0,0,0,1,2,0
1089.5,750,3,2,1,0,0,13,0
1995.79,1073,1,2,0,0,1,19,1
2139.53,677,1,3,0,0,0,15,0
526.28,799,3,2,3,0,0,9,0
1190.34,1439,4,1,0,0,0,0,0
1732.43,1083,5,1,1,1,0,6,1
4702.37,183,3,2,1,0,0,2,0
2218.32,659,1,0,0,1,0,4,0
2414.04,1471,3,2,0,0,0,2,1
1192.52,1922,3,1,1,0,0,5,1
4493.82,1325,4,1,1,0,0,21,0
1652.03,608,3,1,0,0,0,18,0
463.55,1579,3,1,3,0,0,1,0
4462.08,1378,2,1,1,0,0,10,0
2203.72,1793,1,1,1,0,1,22,0
704.13,1237,4,2,1,0,0,23,0
678.92,1213,7,2,2,1,0,12,0
1475.24,643,4,0,3,0,0,10,0
1742.69,347,5,1,1,0,0,6,0
1335.81,812,6,1,2,0,0,21,0
1497.14,1927,4,4,2,0,0,12,0
6002.66,801,2,1,1,0,0,8,0
3202.04,1161,3,1,0,0,0,10,0
1326.95,1054,1,0,0,0,0,18,0
2811.04,146,1,2,1,0,0,7,0
390.52,1848,3,2,1,0,0,17,0
1632.6,1492,3,1,0,1,1,1,1
6696.27,1641,3,0,0,1,1,8,0
881.79,503,4,2,0,0,0,15,0
469.83,799,0,0,1,1,0,20,0
571.3,968,4,4,2,0,0,20,0
368.84,1215,6,0,1,0,0,17,0
500.32,471,2,2,1,0,0,10,0
757.1,690,8,1,2,0,0,19,0
268.93,1369,1,0,2,0,0,13,0
1113.9,1775,4,1,0,1,0,8,0
2703.43,1,3,0,1,0,0,23,0
442.41,110,3,0,0,0,0,2,0
5010.46,1874,5,2,1,0,0,6,0
1827.66,1811,3,0,1,0,0,17,0
3073.53,1907,2,0,0,1,0,11,0
568.03,894,3,1,1,0,0,7,0
2577.37,1770,3,2,2,0,0,22,1
367.99,1088,2,0,2,1,0,6,0
2671.1,756,2,1,0,1,1,23,0
1302.24,53,2,0,2,0,0,6,0
1906.93,262,3,0,3,0,0,9,0
338.46,1553,6,1,1,1,1,8,1
448.06,1326,5,1,1,0,0,23,0
1992.67,1992,2,0,0,0,0,15,0
424.81,886,0,1,0,1,0,23,0
1742.73,234,5,0,0,0,0,19,0
279.46,73,1,1,0,0,0,10,0
2561.05,1381,2,0,1,1,0,9,0
319.73,951,4,1,0,0,0,19,0
1905.12,1627,7,0,1,0,0,5,0
2050.07,484,1,0,0,0,0,5,0
546.33,1030,2,0,1,0,0,0,0
1962.6,1734,2,0,1,1,1,2,1
1422.89,877,2,2,0,0,1,21,0
639.8,1732,2,1,0,0,0,6,0
399.99,1832,4,2,0,0,0,1,0
154.06,859,3,2,2,0,0,8,0
1555.65,1858,7,1,0,0,0,21,1
229.34,137,2,0,1,0,0,4,0
1206.34,779,4,1,1,0,0,5,0
842.65,1428,4,1,0,1,0,11,0
2162.77,628,6,2,1,0,0,18,0
810.75,555,2,1,1,0,0,7,0
788.83,743,3,1,0,0,0,14,0
2279.86,570,3,1,1,1,0,22,0
1533.12,1230,1,0,1,0,1,19,0
1504.41,410,1,0,0,0,0,0,0
1753.32,1830,1,1,0,0,1,9,0
236.14,1630,0,0,1,0,0,17,0
2337.39,1060,0,1,1,1,0,2,0
2023.27,230,5,3,0,0,0,21,0
396.75,1251,4,0,1,0,0,2,0
859.13,1719,0,0,1,0,0,20,0
1054.36,262,4,2,1,1,1,7,1
958.63,1155,1,3,2,0,0,8,0
1531.28,1601,3,1,0,0,0,4,1
4588.77,892,2,0,2,1,0,13,0
3234.94,448,3,0,0,0,0,12,0
295.24,186,4,1,1,1,0,17,0
2042.79,1653,2,1,0,1,0,15,0
4142.0,1210,3,1,1,0,1,17,0
1614.55,1298,1,1,0,0,0,17,0
3264.89,1687,0,1,1,1,0,10,0
8203.12,352,2,2,0,0,0,3,1
3052.48,1437,1,2,2,1,1,8,1
1407.13,1175,4,0,0,0,0,9,0
3118.44,384,2,0,1,0,0,9,0
1267.61,1060,3,1,1,0,1,13,0
1123.16,326,5,1,2,0,0,1,1
771.69,465,1,1,2,0,0,19,0
5236.52,466,4,1,3,0,1,13,1
483.75,1119,6,0,1,0,1,21,0
5076.45,1158,6,0,0,0,0,22,0
1807.8,162,2,1,0,0,0,3,0
270.61,556,2,2,1,1,0,13,1
1583.91,300,2,0,0,0,0,4,0
134.29,1819,2,0,2,0,0,5,0
2049.82,356,2,0,2,1,0,1,1
2657.74,1264,1,2,0,1,0,4,1
606.46,564,2,0,1,0,0,14,0
1240.84,1962,3,0,2,0,0,7,0
7740.0,793,3,0,0,0,0,5,0
661.33,1023,4,1,1,0,0,16,0
380.35,586,2,1,0,1,1,6,0
4825.47,1831,3,1,1,0,1,4,1
7805.53,750,4,0,2,1,0,16,0
1100.69,1191,3,4,1,0,0,9,1
3015.33,140,4,0,3,0,0,16,0
4194.28,1163,4,1,0,0,0,23,0
521.92,1905,4,2,3,0,0,5,0
674.99,235,4,1,0,0,0,22,0
3755.12,1027,1,2,1,0,0,11,0
5913.62,256,2,1,0,0,0,19,0
1925.38,371,8,2,0,0,0,11,0
454.95,278,5,1,1,0,1,3,1
7998.91,516,4,0,0,1,1,4,0
644.86,904,4,2,1,0,0,6,0
784.36,1806,2,0,0,0,0,16,0
1544.32,1236,7,1,0,1,0,10,0
5188.3,1240,2,0,1,0,1,20,1
2575.96,270,5,0,1,0,1,22,0
1660.49,476,3,2,1,0,0,15,0
1742.87,1552,2,1,1,0,1,18,0
1145.41,928,3,1,0,0,0,14,0
1916.28,64,1,1,0,0,0,2,0
87.4,1775,6,1,1,0,0,19,0
815.17,460,3,0,1,0,0,23,0
1395.94,1040,6,1,1,0,0,6,0
346.88,564,2,1,0,0,0,12,0
1613.76,1043,7,1,1,0,0,0,1
893.84,1349,2,1,0,0,0,1,0
6345.34,908,6,0,0,0,0,16,1
5287.07,93,2,0,0,0,1,5,0
688.28,773,2,0,0,0,0,1,1
943.09,810,2,0,1,0,0,16,0
1018.47,1041,3,1,1,0,0,9,0
698.08,1647,4,1,0,0,0,10,1
1332.78,840,2,0,0,0,0,6,0
513.74,1896,2,3,0,0,0,17,0
354.03,488,2,1,0,0,0,15,0
2044.1,1118,3,1,0,0,1,21,0
2058.08,1034,2,1,1,0,0,19,0
490.63,1748,1,2,1,0,0,18,1
2684.78,749,4,1,0,0,1,4,0
583.14,1790,5,0,0,0,0,14,0
1412.57,528,3,1,2,0,0,16,0
2490.76,1513,1,2,1,1,0,17,1
1060.39,1168,4,1,0,0,0,5,0
1728.04,554,3,1,0,0,0,9,0
654.3,515,3,0,2,0,0,11,0
901.03,1943,1,1,0,0,0,5,0
892.6,1494,2,0,2,0,0,19,0
519.79,377,3,0,1,0,0,0,0
918.94,1692,3,0,0,0,0,18,0
233.08,1518,5,2,2,1,0,21,0
671.05,1709,6,2,1,1,0,4,1
824.79,484,5,0,1,0,1,19,0
848.8,452,1,1,1,0,0,12,0
861.35,1560,2,1,1,0,0,20,0
1030.95,787,1,2,2,1,0,17,1
1771.25,1099,3,0,1,0,1,4,0
2629.42,1064,5,3,0,1,0,13,1
572.63,302,1,0,1,0,0,2,0
329.24,1576,2,4,1,0,0,7,1
386.82,1086,3,0,1,0,0,19,0
673.71,1774,3,0,0,0,0,2,0
771.3,1527,1,3,0,0,1,20,0
507.76,999,2,0,1,0,0,7,0
300.03,1269,6,1,0,1,1,16,0
694.98,18,2,0,1,0,1,16,0
1314.78,1676,2,2,2,0,1,10,1
1988.29,398,2,1,2,0,0,3,0
628.02,1007,4,0,0,0,0,5,0
725.6,594,1,2,2,1,0,20,0
434.11,189,4,1,2,0,0,19,0
1062.69,1644,6,0,0,0,0,6,0
469.45,1770,5,1,1,0,0,1,1
1945.22,1804,2,0,1,1,0,14,0
183.85,104,1,0,0,0,0,18,0
765.38,1947,3,1,0,0,1,1,1
1481.94,1670,5,1,1,0,0,2,1
1317.95,1368,5,1,1,1,0,22,1
16204.33,1395,2,3,0,0,1,7,1
1555.89,33,3,1,1,0,0,4,0
401.8,749,5,0,0,1,1,11,0
996.79,374,6,0,1,0,0,11,0
185.63,1872,2,0,0,1,0,22,0
1011.71,1202,6,0,0,0,0,10,0
476.73,1036,1,0,1,1,0,21,0
2739.12,1887,3,1,1,0,0,6,0
632.99,1977,0,5,1,0,0,16,1
975.78,741,2,1,0,0,0,8,0
580.82,1845,2,1,1,0,0,20,0
6240.72,1805,2,1,0,0,1,2,0
795.33,890,0,1,2,0,0,6,0
6853.79,456,2,0,2,0,0,16,0
2475.39,1894,3,1,1,0,0,1,1
1775.91,1667,6,0,0,0,0,11,0
1585.62,249,6,3,0,0,1,10,0
1625.87,448,2,0,1,0,0,4,0
159.55,1018,5,0,0,0,1,5,0
829.74,980,3,1,1,1,1,5,1
2553.34,1594,6,2,0,1,0,10,1
1044.3,1028,4,1,1,0,0,9,0
269.03,1260,4,0,1,0,0,20,0
1040.64,173,3,0,1,0,0,21,0
6027.61,1346,2,0,3,0,0,1,0
3815.75,371,1,3,2,0,0,21,0
1030.7,1572,5,1,0,0,0,18,0
2839.69,791,3,3,0,0,0,17,0
760.13,749,2,1,1,0,0,22,0
199.56,787,4,1,1,0,0,14,0
435.08,1320,4,1,0,0,0,0,0
5233.78,840,1,1,0,0,0,13,1
833.81,400,3,1,0,0,0,5,0
859.73,1082,4,0,1,1,1,13,1
812.54,1899,4,0,1,0,0,13,0
7362.37,1554,5,0,0,1,0,10,0
5574.51,548,4,1,1,0,1,9,1
10084.76,408,5,1,1,0,0,15,0
935.38,641,3,5,1,0,0,6,0
1473.84,1537,2,0,1,0,0,12,0
240.65,64,4,1,1,1,0,6,0
4802.7,574,5,3,2,0,0,20,0
341.12,1902,1,0,1,0,0,19,0
1362.09,420,6,0,3,0,1,2,1
366.02,1867,8,0,0,0,0,19,0
608.58,146,3,1,1,0,0,9,0
474.73,1296,1,2,0,0,0,15,0
597.12,17,2,4,1,1,0,6,1
639.62,1816,6,2,0,0,0,4,1
633.8,98,3,0,1,0,0,8,0
2523.33,452,3,1,0,0,1,23,1
363.27,1763,1,1,2,0,0,8,0
1367.23,975,4,1,0,0,0,10,0
3706.93,898,6,1,1,1,0,22,1
656.42,1016,0,1,0,1,0,13,0
534.9,1267,4,1,1,0,0,3,1
870.85,479,3,0,0,0,0,6,0
3567.87,201,2,1,0,0,0,18,0
1331.56,1930,3,2,2,0,0,1,1
644.7,1973,3,1,0,1,1,8,0
1779.12,1497,0,2,1,0,0,12,1
364.2,179,3,2,0,0,0,19,0
2167.56,508,6,2,0,0,0,8,0
1650.13,453,6,1,1,0,1,23,0
806.09,270,5,2,1,0,0,3,0
474.1,1258,2,2,1,0,0,0,0
451.84,1648,1,0,0,0,1,12,0
1872.1,486,0,3,0,1,0,11,0
3748.01,578,1,0,0,0,0,14,0
579.81,338,3,1,0,1,0,13,0
1734.35,861,2,1,1,0,1,17,1
136.04,1973,2,0,1,0,0,15,1
611.17,757,1,3,1,0,1,11,0
1063.1,757,5,2,1,1,0,13,0
441.56,1472,1,1,0,1,1,22,0
429.87,584,2,2,1,0,0,12,1
562.4,1381,4,0,1,0,1,4,1
1468.79,1073,2,0,1,0,0,1,0
909.3,1520,4,2,1,0,0,11,0
116.95,346,4,1,1,0,0,7,0
131.54,702,2,1,2,0,0,5,0
597.73,293,2,0,0,0,0,9,0
1733.13,1713,7,1,1,0,0,9,0
70.28,1988,5,0,0,0,0,2,0
665.32,1697,3,2,0,0,0,0,0
647.91,1174,3,1,1,0,0,20,0
4395.51,1606,4,0,0,0,1,11,0
746.19,1569,4,1,0,0,1,6,0
1608.39,796,4,1,3,0,1,21,1
1263.02,1880,1,0,0,0,0,14,0
130.25,1022,5,2,0,0,0,13,0
2364.23,1284,5,1,2,0,1,1,1
1360.21,1346,2,1,2,1,1,1,1
1823.05,77,3,0,1,0,0,1,0
55616.64,1134,4,1,0,1,1,22,1
136.44,817,2,2,1,1,0,19,0
6153.01,896,3,3,1,0,0,10,0
822.67,651,4,0,0,0,0,20,0
1461.66,547,2,3,1,0,1,22,1
1047.84,1447,4,2,1,0,0,9,0
717.49,394,3,1,2,0,1,2,1
620.28,1259,3,0,1,0,1,9,0
1524.63,1354,1,0,1,0,0,0,0
240.53,1736,2,1,2,0,1,23,0
2322.92,325,3,2,1,0,0,14,0
723.29,151,1,0,1,0,0,23,1
354.22,1570,2,0,0,0,0,15,0
699.24,1660,1,0,0,0,0,17,0
3855.09,879,1,0,0,0,0,5,0
642.05,1056,4,1,1,0,1,20,0
1569.41,272,2,1,2,0,0,3,0
527.97,836,5,3,3,0,0,18,1
2340.04,1846,2,2,1,0,1,6,0
2176.57,1660,3,2,1,0,0,23,0
6964.69,1948,3,0,0,0,0,4,0
920.06,368,7,2,1,0,0,14,0
2140.2,1516,5,3,2,0,1,22,1
1209.63,1340,3,1,0,0,0,17,0
4007.3,590,2,0,0,0,0,21,0
534.41,588,4,0,1,1,1,13,0
2310.01,572,4,1,2,0,0,10,0
902.62,1621,7,2,0,0,0,6,0
1028.45,1392,3,1,0,0,0,21,0
1202.01,80,4,0,0,0,1,22,0
1411.26,1910,3,0,0,0,0,9,0
976.3,1196,2,2,0,0,0,10,1
1359.28,258,3,0,0,0,0,22,0
5314.1,279,2,0,1,1,0,6,0
2937.9,504,2,1,0,0,0,2,0
2615.35,1757,2,2,3,1,0,3,1
695.38,558,3,2,0,0,0,3,0
450.68,491,2,1,3,0,0,6,0
2850.64,1609,4,0,1,0,0,11,0
2633.44,566,1,1,1,0,0,19,0
4782.27,1863,2,3,1,1,0,11,0
599.45,1757,3,1,1,0,0,6,0
871.71,1917,4,0,2,0,0,8,0
212.83,1361,0,2,2,0,0,0,0
740.65,521,3,1,0,0,0,12,0
2970.75,326,1,1,3,0,0,2,0
687.8,1196,2,0,4,0,0,16,0
2080.74,84,2,1,1,0,0,1,1
906.41,1866,7,0,1,0,0,22,0
1516.34,841,3,1,0,0,1,2,0
348.04,1548,3,0,2,0,0,19,0
1194.17,1505,3,1,0,0,0,4,1
55.08,1568,3,1,3,0,1,3,1
909.69,1442,3,1,2,0,0,17,0
214.76,1363,3,0,0,0,1,0,0
3662.84,1825,4,1,2,0,0,9,0
2386.08,320,3,0,2,1,1,20,1
1748.78,304,2,2,2,0,0,2,1
5019.1,1296,8,1,2,0,1,10,1
424.57,690,2,0,0,1,1,22,1
6294.07,1138,4,0,0,1,0,2,1
2785.52,407,2,0,3,1,0,23,0
865.62,1050,4,0,1,1,0,23,0
3413.93,1261,1,2,1,0,1,0,0
362.75,1334,2,0,0,0,1,12,0
480.82,684,0,2,0,0,0,15,0
596.7,233,1,0,1,0,0,19,0
646.14,1022,1,0,0,0,0,7,0
381.25,549,3,2,1,0,0,20,0
3725.97,1289,4,0,1,1,0,11,0
846.53,1037,6,0,1,0,1,12,1
1560.1,496,4,2,1,0,1,9,0
619.96,1340,6,1,1,0,1,9,0
177.58,618,1,2,1,0,0,4,1
1436.63,1662,4,2,0,0,1,20,1
162.02,848,2,2,0,0,1,15,0
1023.89,1006,6,0,2,0,0,13,0
279.13,384,1,2,0,0,0,4,0
8000.63,1017,4,3,1,0,1,12,0
2728.11,642,1,0,1,0,0,5,0
1218.96,316,5,2,3,0,0,7,1
3880.45,256,4,1,0,0,0,2,1
470.45,441,2,2,0,0,0,12,0
1888.39,1139,3,2,2,0,1,10,0
1339.18,299,4,3,0,1,0,12,0
1427.99,915,3,3,0,0,0,2,0
3914.15,1148,2,1,1,0,0,15,0
2281.28,256,1,1,0,1,1,9,0
1463.7,651,7,1,0,0,0,11,1
209.58,1742,3,0,1,0,0,3,0
419.87,47,2,0,0,0,0,18,0
970.0,1753,3,2,2,0,0,13,1
1203.96,1855,6,0,1,0,0,17,0
354.18,903,5,2,1,0,1,6,0
12230.36,463,4,1,1,0,0,4,1
4996.01,1374,1,2,1,0,1,7,1
2002.43,1147,1,1,0,0,1,9,0
1178.55,31,1,0,0,0,1,17,0
886.95,55,2,1,1,0,0,12,0
423.3,153,4,1,1,0,0,19,0
1184.98,456,4,1,2,0,0,9,1
1419.06,286,4,2,1,0,0,17,0
316.79,36,7,2,1,0,0,5,0
1531.77,818,3,0,0,0,0,13,0
938.93,1934,5,3,0,0,0,8,0
162.75,1821,4,0,2,0,0,3,0
463.87,1947,3,1,1,1,0,9,0
725.16,1909,4,0,0,0,0,6,0
7242.25,256,2,2,0,1,0,23,0
1913.24,178,4,0,0,1,0,2,1
288.45,1572,3,1,0,0,0,21,0
1782.97,1278,7,1,1,0,0,9,0
233.39,508,5,0,0,1,0,17,0
3237.93,1698,2,2,0,0,0,22,0
684.63,21,2,0,0,0,0,2,0
998.61,1830,4,0,2,0,0,23,0
4129.03,75,3,1,0,0,0,11,0
302.73,719,5,1,2,0,1,14,0
271.21,460,5,0,0,0,0,3,0
611.8,1202,3,0,1,0,0,20,0
3097.59,1406,3,0,0,0,0,21,0
240.0,1061,2,1,0,0,0,18,0
64.58,1995,3,1,1,1,0,9,0
698.43,1144,4,0,0,0,0,19,0
1904.05,1939,5,1,3,0,1,11,1
3641.9,630,4,1,1,0,0,1,0
690.1,1,3,1,0,1,1,22,1
726.74,1745,8,0,0,0,1,20,1
3476.92,936,0,2,0,0,0,15,0
169.06,311,5,1,1,0,0,18,1
743.58,1232,4,1,0,0,0,2,0
1326.67,1178,1,1,2,0,1,10,1
1718.52,762,3,0,0,1,0,6,0
658.65,683,3,0,0,0,0,18,1
1135.06,315,3,1,2,0,1,15,0
91.07,307,5,1,0,0,0,9,0
567.79,1528,2,2,1,0,0,3,1
1725.91,619,4,2,4,0,0,9,0
410.64,1679,1,2,0,0,0,4,0
1163.26,1544,5,1,3,0,0,12,0
1714.49,1630,4,1,1,0,1,8,0
778.56,1934,2,1,0,0,0,19,0
1300.45,1121,1,0,1,0,0,6,0
418.75,1514,1,1,1,0,1,1,1
891.93,7,4,1,0,0,1,18,1
2018.71,1810,0,2,0,1,0,9,0
1283.02,1036,3,1,0,0,0,22,0
610.01,514,5,0,1,0,0,19,0
1372.26,1970,4,0,0,0,1,23,0
2240.85,349,1,2,0,0,0,7,0
141.18,917,2,1,1,1,0,2,1
3494.95,1031,3,1,2,0,0,13,0
783.48,500,3,1,0,0,0,22,0
1678.22,475,4,0,1,0,0,7,0
3630.94,524,2,1,1,0,0,9,0
278.2,1876,5,0,0,0,1,16,0
539.45,1081,2,0,1,0,0,17,0
821.76,590,3,1,1,0,0,17,0
500.82,1610,5,1,0,1,0,15,0
6216.34,233,4,2,1,0,1,19,1
465.55,791,5,2,4,0,1,15,1
629.2,1054,2,0,1,0,0,3,0
1345.32,367,1,1,1,0,0,17,0
329.59,1850,4,1,0,0,0,4,0
738.28,1631,4,0,2,0,0,23,0
1506.36,1844,5,1,0,0,0,1,1
786.14,56,1,0,0,0,0,4,0
998.86,10,1,0,0,0,0,22,0
645.91,1939,3,1,1,0,0,2,1
241.18,147,3,0,1,0,0,11,0
1512.61,364,2,0,0,0,0,4,0
6341.9,1623,3,2,0,0,1,17,1
1117.0,253,7,3,0,0,0,22,0
1373.7,1723,3,0,3,0,1,10,0
2192.34,940,2,2,1,1,0,16,0
308.18,1769,2,0,1,0,0,4,1
6018.03,1277,4,1,0,0,0,0,1
1342.55,1467,4,2,0,0,0,16,0
5607.48,736,1,0,0,1,1,4,1
526.88,340,3,2,2,0,0,3,1
6755.16,1540,2,0,0,0,0,15,0
2380.71,1377,2,1,0,0,0,6,0
1906.53,624,3,1,1,0,0,0,1
1385.79,705,3,2,1,0,0,3,0
855.32,1677,6,2,0,0,0,10,0
3642.89,323,6,2,1,1,0,22,0
1261.88,1164,6,0,2,0,0,6,0
153.38,861,0,0,0,0,0,8,0
358.82,1975,2,0,0,0,0,13,0
910.65,1469,5,1,0,0,1,4,1
1495.18,95,4,0,1,0,0,18,0
1036.3,553,1,1,0,1,0,10,0
3710.68,1444,2,0,2,0,0,14,0
155.85,1538,2,1,0,0,0,16,0
1265.96,790,1,1,1,0,0,22,0
178.04,1174,1,1,0,0,0,18,0
2344.23,553,2,1,0,0,0,9,0
997.79,1375,2,0,2,0,0,7,0
1668.38,116,2,1,3,1,1,22,1
462.26,632,1,0,0,1,0,1,0
3942.08,1261,7,0,0,1,1,19,1
3107.97,270,5,3,0,0,0,19,1
1965.58,861,2,2,1,0,0,16,1
963.41,291,2,1,1,0,1,22,0
1958.35,1458,1,2,1,0,0,9,0
540.83,9,1,0,2,0,0,16,1
2580.03,1775,2,0,0,0,0,20,0
5707.18,630,4,0,0,1,0,10,0
3199.05,864,3,3,0,0,1,22,1
528.69,1851,2,0,1,0,0,3,0
1574.07,1848,6,1,0,0,1,8,0
300.92,475,10,2,1,0,1,20,0
1943.78,1546,0,0,1,1,0,1,0
1720.9,537,3,0,2,1,0,10,0
169.05,685,2,1,1,1,1,9,1
343.17,1761,4,1,2,0,0,4,1
826.22,1035,5,3,0,0,0,8,1
811.71,613,1,1,0,0,0,11,0
327.18,777,1,1,1,0,0,16,0
1618.05,1927,4,1,0,0,0,12,0
1410.18,1351,3,0,0,0,0,9,0
903.01,1954,3,1,1,0,0,9,0
515.02,595,2,0,0,0,0,8,1
3129.75,276,4,0,0,0,0,5,0
5741.11,370,2,0,0,0,0,13,0
676.17,1514,0,0,1,0,0,3,1
594.57,345,0,0,0,0,0,15,0
1792.22,1797,1,0,1,0,1,13,0
766.6,368,2,3,0,0,0,8,0
953.94,1757,3,2,0,0,0,23,1
2297.68,1335,2,2,1,0,0,5,0
162.49,731,2,1,0,0,0,11,1
4098.2,1625,1,0,1,0,0,11,0
1179.3,1509,3,0,2,0,0,11,1
726.69,15,3,1,1,0,1,13,1
1003.02,758,2,1,2,0,0,16,0
1056.2,688,3,4,1,0,0,7,0
194.18,4,1,2,2,0,0,14,1
4889.95,1870,5,0,2,0,0,9,0
1142.9,1400,3,1,1,0,0,12,0
1707.87,1393,5,1,0,0,0,0,1
2839.97,1489,6,1,2,0,1,3,0
394.98,533,1,1,0,0,0,19,0
1760.71,1744,3,0,0,0,1,21,0
839.12,986,4,0,2,1,0,19,0
2557.46,1161,2,2,0,1,0,15,0
130.68,834,3,1,0,0,0,22,0
993.17,363,4,0,0,0,0,14,0
600.15,1999,5,0,0,1,0,1,0
1689.63,1955,4,1,0,0,0,1,0
1754.68,1240,3,0,1,1,0,1,1
540.43,1392,4,2,1,0,1,6,0
537.98,117,2,1,0,0,0,11,0
981.75,1203,3,0,1,0,0,19,0
447.36,1270,1,1,3,1,0,9,1
2545.25,128,6,3,1,0,0,13,0
758.08,1382,2,0,1,0,0,13,0
59.92,78,4,1,2,0,0,10,1
753.84,741,5,1,0,0,0,4,1
388.17,1317,2,0,1,0,0,0,0
214.59,774,3,1,1,0,0,12,0
318.17,82,2,2,1,0,1,17,0
1223.42,342,3,2,0,1,0,7,0
4140.79,1362,1,0,4,0,1,8,0
1499.95,819,2,1,0,0,1,12,0
597.94,578,6,0,0,0,1,20,0
1730.05,96,2,0,1,0,0,4,0
692.92,1169,2,3,0,0,0,12,0
547.52,577,2,2,1,0,0,2,0
345.72,521,7,2,0,1,0,23,0
190.22,1421,0,1,0,0,0,22,0
742.54,996,4,2,0,0,0,23,0
1284.41,357,5,1,0,0,0,12,1
995.63,186,4,1,0,0,0,13,0
723.45,1694,4,4,3,0,0,9,1
425.92,543,2,1,1,0,0,10,0
2014.74,151,5,1,0,1,0,14,0
293.79,1343,2,0,1,1,0,21,1
2382.79,1778,4,1,0,0,1,19,0
402.54,1692,2,0,0,0,0,19,0
516.75,1083,2,1,1,0,0,11,0
252.96,10,7,1,1,1,0,1,1
664.21,857,8,0,3,0,0,0,0
2908.27,1148,5,1,2,0,0,13,0
1836.52,356,6,0,0,1,0,10,0
2917.32,1370,4,0,0,0,1,10,0
1848.52,794,6,2,0,0,1,12,0
363.7,237,1,2,2,1,0,8,1
787.77,333,4,1,0,0,0,10,0
502.6,17,1,1,1,0,0,11,0
4148.8,1448,2,1,1,0,1,13,0
331.36,324,3,0,1,0,1,5,0
2680.34,23,1,1,2,0,0,22,1
2678.34,931,3,3,0,0,0,13,0
6833.69,459,3,2,0,0,0,2,0
728.01,1484,4,1,1,0,0,20,0
2235.73,521,4,1,0,0,0,10,0
10739.16,719,4,1,1,0,0,5,0
591.32,557,1,2,0,0,0,9,0
236.27,1445,3,2,0,0,0,4,0
167.33,1989,3,0,0,0,0,13,0
2236.6,403,3,0,1,0,0,11,0
166.81,1355,0,2,0,1,0,18,0
755.73,457,3,0,2,0,0,14,0
1698.18,1507,2,1,0,0,0,7,0
1319.72,1522,4,0,0,0,0,19,0
1678.15,1051,3,0,0,0,0,13,0
1369.62,397,4,0,2,0,0,23,0
3939.72,1977,1,2,1,0,0,10,0
423.13,1212,3,3,1,0,0,22,0
557.24,140,4,0,0,0,1,15,0
506.41,521,3,1,2,0,0,3,0
2515.41,746,3,2,1,0,0,6,0
2698.36,92,6,0,0,1,0,2,1
1721.97,77,2,0,0,0,0,1,0
3581.34,852,1,2,2,0,0,7,0
337.63,1268,2,0,0,0,0,20,0
5809.35,845,4,2,0,0,1,6,1
5030.32,667,5,1,2,0,0,11,0
2288.43,1754,4,2,0,0,0,16,0
6514.59,959,1,0,2,0,0,8,0
209.22,989,1,0,3,0,0,5,0
649.08,797,3,1,0,0,0,5,0
525.68,1686,3,2,0,0,0,10,0
2256.29,1865,1,0,0,0,0,8,0
383.7,88,2,1,0,0,0,7,0
2339.04,1642,5,0,0,1,0,15,0
4317.95,915,1,0,1,0,0,0,0
2197.78,1318,1,1,1,0,0,1,1
1456.44,95,2,3,1,0,0,12,0
408.35,1277,6,1,1,1,0,7,0
470.2,551,3,3,0,0,0,5,0
3826.17,399,2,1,2,0,1,19,0
2390.72,767,2,2,0,0,0,2,1
1054.67,1078,2,0,1,0,1,8,0
722.05,1952,0,0,1,0,1,10,0
144.63,243,3,1,1,0,0,17,0
375.83,1134,3,1,1,1,1,11,0
7416.18,1790,1,1,1,0,0,7,0
304.77,624,3,2,1,0,1,9,1
1325.41,1710,3,0,1,0,0,11,0
3003.23,701,4,0,1,1,0,13,0
312.65,1245,3,0,1,0,0,22,0
1319.11,1785,5,0,1,1,0,8,0
2801.51,564,5,1,0,1,0,16,0
1110.43,162,2,1,2,0,0,20,0
19310.48,1993,2,2,1,0,0,2,0
206.73,35,3,2,0,0,0,3,0
3161.27,966,3,1,0,0,0,13,0
922.6,37,3,0,0,0,1,15,0
2373.02,846,0,0,0,0,1,18,0
1704.98,829,3,0,0,1,0,9,0
526.81,623,2,2,0,0,0,11,0
1378.84,1394,0,0,0,1,0,4,0
171.07,1201,4,1,1,1,0,6,0
2004.7,521,4,1,1,0,0,20,0
1477.58,1299,3,1,0,0,0,2,0
2076.96,1657,3,1,0,1,0,15,0
3159.34,105,4,2,1,0,1,0,1
1583.86,156,3,1,0,0,0,22,0
1271.67,336,6,0,0,0,0,0,0
454.38,1050,4,0,2,0,0,19,0
537.96,1958,2,2,0,0,0,11,0
3592.97,296,3,1,0,0,0,13,0
4611.62,1561,1,1,1,0,0,0,0
864.27,1379,3,1,0,0,1,12,0
1148.26,886,4,2,2,1,0,2,1
443.81,69,5,3,0,0,1,18,1
3543.1,1351,4,0,1,0,0,22,0
2133.28,151,2,1,0,0,0,2,0
7640.49,857,3,1,1,0,1,7,1
455.63,577,3,1,1,0,0,11,1
751.44,662,2,3,1,0,0,1,1
1382.22,1344,4,0,1,0,1,22,1
2093.28,757,3,1,0,0,0,21,0
883.89,452,4,0,2,0,0,1,0
458.08,570,4,0,1,0,0,14,0
2647.6,1692,3,1,2,0,0,3,1
2255.52,1136,7,3,1,0,0,23,0
438.66,635,2,1,1,0,1,1,0
4253.27,1486,7,2,2,0,0,23,0
3534.05,1889,4,0,1,1,0,2,1
1254.25,1988,4,0,1,0,1,18,0
1187.49,362,5,1,0,0,0,11,0
1908.47,203,2,1,0,0,1,11,0
463.26,487,1,2,1,0,0,2,1
1130.07,1504,3,1,0,0,0,13,0
127.44,4,3,0,3,0,0,4,1
2634.52,1153,4,0,0,0,0,22,0
230.1,1050,5,1,0,0,0,14,0
4931.61,801,7,2,2,0,1,10,1
788.3,977,5,2,2,0,0,3,1
887.43,27,5,3,0,0,0,16,0
585.38,1066,2,1,2,0,0,22,0
822.18,965,2,0,0,0,0,20,0
4530.25,1607,0,4,0,0,0,23,0
91.12,64,6,0,0,0,0,20,0
3932.24,1049,2,0,0,0,0,18,0
1537.67,72,6,1,1,0,1,18,0
327.99,1506,6,1,0,0,0,7,0
374.16,1897,3,0,2,0,1,14,0
5862.86,900,2,1,0,1,0,8,1
426.02,268,3,3,2,1,0,16,0
346.07,1850,4,1,1,0,0,23,0
3419.72,95,1,3,2,0,0,19,1
1538.48,395,1,1,0,0,1,1,0
429.26,869,5,1,2,0,0,5,0
1361.88,364,1,0,0,0,0,15,0
393.17,1339,2,0,0,0,0,7,0
3297.18,117,0,3,0,0,0,15,0
3169.63,164,4,0,1,0,0,7,0
1866.85,877,1,0,1,0,0,3,0
1574.45,790,4,2,1,0,0,5,0
6381.69,577,6,1,1,0,0,22,0
1096.29,306,2,2,0,0,0,18,0
336.34,772,1,1,0,0,0,12,0
1718.96,1764,4,0,0,1,0,11,0
8831.21,200,3,1,1,0,1,7,0
397.52,1756,4,1,2,0,0,15,0
763.98,180,2,1,0,0,1,15,0
1663.11,358,1,2,1,0,0,2,0
1039.08,740,5,2,0,0,0,1,0
410.63,1276,1,3,1,0,0,14,0
3367.27,1323,2,2,0,0,1,22,0
11159.44,1897,2,0,3,0,0,17,1
1334.26,430,2,1,0,0,0,13,0
444.05,1028,7,0,0,1,1,11,1
233.0,653,6,2,0,0,0,4,0
1419.38,678,4,2,0,0,0,15,0
3307.27,254,5,0,2,0,1,11,0
1763.7,941,4,0,1,0,1,7,1
1094.0,1689,1,1,1,0,1,11,0
608.34,1603,2,2,0,1,1,3,1
367.91,1591,1,2,2,0,0,7,0
2526.91,1120,1,2,0,0,0,19,0
2734.69,167,6,3,2,1,0,16,0
233.75,1857,2,1,1,0,0,1,0
5376.75,1355,2,1,2,0,0,16,0
1947.05,1922,2,1,0,0,0,15,0
4445.26,965,2,1,0,0,1,7,0
286.54,1912,3,1,1,0,1,19,0
279.83,854,6,0,2,0,0,8,0
944.85,1086,1,3,0,0,0,21,0
1813.08,174,1,0,0,0,1,22,0
6610.14,1277,3,1,1,0,0,12,0
2221.81,1485,4,2,1,0,1,1,1
860.33,624,0,0,0,0,1,2,1
392.93,1239,2,0,0,0,1,21,0
3751.84,1263,1,2,1,0,0,21,1
417.92,415,3,0,1,1,0,1,0
5588.51,739,4,0,0,0,0,15,0
825.19,1766,3,0,1,0,0,11,0
5380.74,1769,3,0,0,0,0,6,0
2162.31,675,3,1,0,1,0,3,1
956.24,126,4,0,0,1,0,5,1
652.36,941,4,0,0,0,0,1,0
779.84,253,3,0,1,1,1,7,0
1682.97,1869,3,0,3,0,0,7,0
1184.6,1974,1,0,0,0,0,21,0
605.58,1735,2,2,0,0,0,2,0
929.24,197,5,2,4,0,0,21,0
1186.28,1658,1,2,0,0,0,20,0
130.49,413,4,1,1,0,0,1,0
1733.97,1480,5,1,0,0,0,20,0
411.69,776,1,1,1,0,0,1,0
346.08,1078,2,1,1,0,0,20,0
202.89,1671,1,1,0,0,0,0,0
182.38,1363,1,1,0,0,0,0,0
282.75,1383,5,1,1,0,0,13,1
539.68,1175,2,0,1,0,0,16,0
7733.05,1124,2,0,2,0,0,11,1
648.15,234,2,1,1,0,1,22,0
1309.96,1568,5,3,2,0,1,9,1
1636.77,1086,6,1,0,0,0,4,0
1250.21,1965,1,0,1,0,0,7,0
1014.91,196,1,2,0,0,1,18,0
331.86,542,4,0,0,0,0,2,0
4679.41,1779,3,1,0,0,0,15,0
6682.16,1130,3,0,0,0,0,22,0
203.84,295,1,0,2,0,0,23,0
393.85,645,2,0,1,0,0,21,1
828.97,1475,4,1,0,0,0,10,0
417.99,1558,4,2,0,0,1,0,0
1818.86,156,4,0,0,0,0,12,0
529.39,406,4,1,3,0,1,15,1
9557.26,896,4,0,0,0,0,2,0
3606.7,726,3,1,2,0,1,17,0
1356.38,738,3,1,1,0,0,23,1
3062.5,797,7,0,0,0,0,23,0
3313.96,1707,3,2,1,1,0,20,0
623.94,554,0,2,1,1,0,6,1
484.82,1596,6,0,0,0,0,5,0
1185.76,375,2,0,0,0,1,3,1
2595.76,1613,3,1,0,0,0,15,0
1260.24,455,1,0,1,0,0,11,0
226.56,202,5,0,0,0,0,10,0
491.36,1756,5,2,0,0,0,15,0
1018.44,1476,4,2,0,0,0,16,0
1016.72,1211,1,1,0,0,0,19,0
7883.62,1632,1,3,1,0,1,20,0
274.24,854,3,1,1,0,0,18,0
1818.18,724,3,2,2,0,0,19,0
4861.55,1392,3,1,1,1,0,6,1
10630.15,340,2,1,0,0,0,14,0
731.87,262,4,2,1,0,1,0,0
1792.61,1865,2,1,1,0,0,16,0
1938.68,1948,2,0,0,0,1,18,0
1333.39,1613,4,2,1,1,0,9,0
993.42,543,1,0,0,0,0,14,0
1695.91,551,0,0,0,0,0,20,0
87.16,1330,0,0,0,0,0,22,0
2169.1,1870,2,2,0,0,0,4,0
1244.11,1750,1,0,1,0,0,0,0
877.89,638,5,0,1,1,0,18,0
8491.85,165,2,1,1,0,1,21,0
558.39,758,5,1,2,0,0,0,1
732.84,621,2,2,1,0,1,13,0
8034.93,1112,1,0,3,0,0,21,0
477.2,1224,4,0,0,0,0,19,0
632.63,1295,1,1,0,0,0,15,0
946.69,51,4,1,2,0,0,22,0
2542.07,489,2,0,0,0,0,13,0
1349.92,198,0,2,0,0,0,13,0
301.08,1047,3,1,2,0,0,10,0
644.09,665,4,2,0,0,0,6,1
597.44,1247,5,1,1,0,0,2,0
1015.14,1966,2,1,0,0,0,3,0
1678.82,1245,2,0,2,0,0,11,0
1666.04,663,3,0,0,0,0,2,0
185.67,266,2,3,1,0,0,2,1
3177.79,73,5,0,0,0,1,7,0
1411.73,1905,1,1,0,0,1,13,0
4378.81,77,4,1,3,0,0,9,0
1709.91,544,3,2,1,0,1,19,1
3298.83,881,4,1,2,0,1,0,0
1748.56,435,4,0,0,0,0,10,0
4214.25,1961,4,1,1,0,0,1,0
1848.72,1089,2,2,1,0,1,5,1
994.35,1985,3,1,2,1,0,8,0
10640.63,357,5,1,1,0,0,11,0
2667.87,936,2,0,1,0,1,0,0
1946.41,18,5,0,1,0,1,21,1
306.03,676,3,0,0,0,0,11,0
302.38,1823,6,2,1,0,1,0,1
1469.56,1590,3,1,2,0,1,4,1
1268.41,575,2,3,1,0,1,12,0
593.41,1793,3,4,1,0,0,9,1
1262.67,751,2,1,2,0,0,10,0
5370.23,1460,2,0,1,0,0,20,0
2198.22,996,8,1,1,0,0,23,0
350.37,1465,1,0,0,0,0,1,0
980.92,1033,3,0,1,0,0,3,1
490.31,1494,3,1,1,0,0,21,0
744.19,632,4,0,1,0,1,14,1
725.15,1372,3,1,0,1,0,3,0
680.18,1626,6,0,1,0,1,3,0
312.58,372,3,0,1,0,1,10,1
965.21,970,5,2,0,0,0,3,0
626.03,1848,5,1,2,0,0,7,0
58.59,1199,1,0,0,1,1,20,1
8543.89,1539,5,0,0,0,1,20,0
3257.68,1154,4,0,0,0,1,19,0
752.72,1590,3,2,1,0,0,20,0
1117.47,1317,3,1,0,1,0,8,0
339.8,1720,2,2,0,0,0,14,0
5977.29,1951,6,0,0,0,1,4,1
7312.12,353,5,2,2,0,0,2,0
1282.66,224,5,4,5,0,0,7,0
3051.93,1548,2,1,0,1,0,6,0
1306.73,954,1,0,0,0,0,19,0
288.09,1731,1,3,0,0,0,9,0
726.46,1783,4,2,2,0,0,14,1
1251.29,1533,3,0,0,0,1,14,0
696.07,368,2,0,0,1,0,15,0
881.25,1690,2,1,2,0,0,20,0
1000.85,1614,4,3,1,0,0,0,0
1011.43,1676,1,1,2,0,0,9,0
1155.47,1524,2,0,2,0,0,4,0
379.71,1114,1,0,0,0,0,7,0
535.38,656,1,3,1,0,1,20,1
303.51,1973,6,0,1,1,0,8,1
2915.56,1096,5,1,1,0,0,21,0
133.53,433,0,0,0,0,1,16,1
3475.84,1713,3,0,0,0,0,23,0
4386.77,1372,3,2,0,0,0,12,0
810.64,1287,3,1,0,1,1,20,0
81.2,1295,8,0,1,0,0,12,0
764.09,509,1,3,0,0,0,21,0
1028.46,508,0,0,0,0,0,17,0
399.18,617,5,1,3,0,1,23,1
655.1,420,2,0,0,0,1,22,0
5065.43,1096,0,2,0,0,0,0,0
2132.24,74,5,1,1,0,0,19,0
435.04,1679,3,0,1,0,0,14,0
221.94,1527,3,1,0,0,1,12,0
790.75,574,4,0,1,0,0,12,0
885.85,146,1,0,0,0,0,1,0
1801.18,46,7,4,0,0,0,11,0
642.06,1765,3,1,1,0,0,7,0
1828.95,1129,3,0,0,0,0,17,0
7594.31,1133,2,2,1,0,0,1,0
2478.73,1341,4,3,0,0,0,7,0
1045.15,121,4,0,0,0,0,20,0
913.1,1523,5,3,4,0,0,6,1
767.64,1067,5,1,1,0,0,0,0
3571.14,1964,2,1,0,0,0,13,0
585.63,99,1,1,1,1,0,0,0
1147.36,706,1,1,0,0,0,12,0
1154.24,311,4,2,0,0,0,1,0
663.96,1238,0,1,0,0,1,15,0
277.98,1487,0,3,1,1,1,12,0
1514.7,1765,4,1,0,0,0,2,1
1031.73,423,3,3,0,0,0,0,0
1808.48,1413,2,0,1,0,0,11,0
643.16,1721,1,1,2,0,0,6,0
3717.55,1136,1,1,2,0,0,6,0
456.33,1935,2,1,0,1,0,16,0
6075.63,1883,1,1,0,0,1,20,0
191.02,272,1,5,1,0,0,9,0
1693.87,825,0,1,1,0,0,22,0
1764.16,1126,3,0,0,0,0,16,0
494.94,210,6,0,1,0,0,4,0
1676.38,739,1,1,0,0,0,17,0
3942.3,793,4,1,1,0,0,14,1
119.48,1046,3,0,0,0,1,18,0
1813.01,760,3,2,1,0,0,5,1
90.62,159,2,1,1,1,0,5,1
417.52,1915,1,2,1,0,0,6,0
5592.41,741,2,0,1,0,0,11,0
612.91,1954,4,0,0,0,0,17,0
339.04,343,3,0,0,1,0,4,0
899.7,1424,1,1,2,1,0,23,1
8672.45,1478,2,3,2,0,0,10,0
175.62,699,5,0,0,0,0,17,0
383.25,1167,2,1,1,1,0,3,1
4902.16,1874,4,1,2,1,1,21,1
7028.32,1894,3,1,1,0,0,6,0
988.88,397,11,1,0,0,0,22,1
317.65,536,2,1,2,0,0,9,0
8918.15,141,3,1,0,0,0,10,0
5401.56,961,5,0,0,0,0,1,0
2162.34,240,2,1,0,1,0,17,0
486.68,292,3,1,0,0,0,10,0
1044.16,817,2,0,0,0,0,11,0
934.15,82,1,0,1,0,0,7,0
1526.68,560,4,0,1,0,1,2,1
4679.76,1889,3,1,1,0,0,11,0
2642.33,870,1,4,0,1,0,22,0
373.39,171,3,2,1,0,0,7,0
4343.76,1798,5,1,0,0,0,9,0
1499.87,977,1,1,0,0,0,20,0
2179.97,580,3,1,0,0,0,15,0
4753.05,526,3,1,0,0,0,13,1
360.83,542,2,3,0,0,0,11,0
1058.04,110,3,0,2,0,0,9,0
644.55,1236,1,1,0,0,1,1,0
228.64,1800,4,0,1,0,0,9,0
1551.09,1462,4,1,0,0,0,13,0
13515.01,322,5,1,1,1,0,15,0
174.15,900,2,0,3,0,0,5,0
1061.8,714,7,4,1,0,0,7,1
2080.87,84,5,1,1,0,0,17,0
1240.26,956,3,0,1,0,0,18,0
979.33,376,4,0,1,0,0,0,0
299.1,1077,4,3,0,0,0,10,0
1384.07,1891,4,1,0,0,0,8,0
514.52,1520,1,2,5,0,0,5,0
122.74,1280,2,0,0,0,0,16,0
3621.31,586,5,0,0,0,1,9,0
2859.45,1244,2,0,0,0,0,13,0
1154.78,1679,3,0,0,0,0,4,0
1378.95,100,2,1,0,0,0,19,0
3210.94,129,4,2,0,0,1,22,1
1372.43,918,3,1,2,0,0,5,1
2708.14,219,2,0,0,0,0,19,0
814.45,477,2,0,0,0,0,11,0
4072.38,1807,1,1,1,0,0,11,0
1511.39,1482,2,1,1,0,0,21,0
1331.49,22,4,1,0,1,0,10,1
307.95,1714,2,0,0,0,1,17,0
1461.12,560,2,3,1,0,0,7,0
477.25,629,3,0,1,1,0,0,1
579.24,1019,3,0,1,0,0,0,0
485.23,1353,3,2,1,0,0,1,0
377.57,1912,7,0,0,1,0,15,0
9179.9,1715,1,3,0,1,0,3,0
4151.97,1504,3,0,0,0,0,4,0
7482.84,1809,2,1,3,1,1,9,1
322.82,1898,2,1,1,0,0,1,0
1177.62,339,3,1,0,0,0,2,0
300.81,1896,5,2,0,0,0,11,1
546.92,1883,4,1,1,0,1,11,0
437.85,179,2,2,2,0,1,16,1
3787.96,421,6,2,0,1,0,9,0
737.87,1506,4,3,0,0,0,19,1
3191.92,1007,6,0,1,0,0,19,0
2006.45,49,3,0,1,1,0,11,0
10977.89,1851,4,0,2,0,0,23,0
249.77,1930,0,0,1,0,0,19,0
3863.13,767,5,1,0,0,0,8,0
3451.07,30,0,0,1,0,1,19,0
414.31,85,6,2,0,1,1,9,1
3002.3,789,6,1,1,0,1,8,1
1534.78,1526,3,1,0,0,0,15,0
873.51,1570,2,1,3,0,1,17,1
481.09,329,4,0,2,0,0,11,0
534.26,610,3,1,0,0,0,16,0
8516.94,434,1,1,0,0,1,1,0
1097.38,588,0,3,1,1,0,14,1
2397.38,1711,2,0,2,0,0,11,0
497.25,1877,6,2,0,0,0,23,0
502.78,1273,3,1,0,1,0,14,0
3235.65,1876,2,0,0,0,1,12,0
284.41,1158,4,2,0,1,0,14,0
724.0,690,2,1,1,0,0,15,0
1134.59,1389,4,2,3,0,1,4,1
1225.83,1764,4,3,1,0,0,17,0
916.82,1599,2,1,0,0,0,17,0
1629.16,1804,0,0,2,0,0,3,1
2192.63,425,2,0,0,0,0,17,0
2286.18,1439,4,2,1,1,0,14,0
409.2,770,0,2,0,1,0,19,0
825.38,1680,3,0,0,1,0,5,0
3621.93,512,3,1,3,0,0,4,0
2682.88,1409,5,1,2,0,0,12,0
277.87,1412,3,0,0,0,1,2,0
1558.5,1839,3,0,0,0,0,13,0
151.68,1012,3,0,1,1,0,1,0
1149.33,1473,4,1,0,0,0,16,0
7315.62,564,1,2,0,1,0,6,0
425.01,303,3,1,1,0,0,23,0
476.12,99,3,1,0,0,0,18,0
2354.37,1997,1,0,1,0,0,9,0
234.44,1330,1,2,0,0,0,15,0
582.45,557,1,0,0,0,0,13,0
1991.1,42,4,2,2,0,1,7,0
581.56,991,3,1,0,0,0,16,0
866.13,468,3,1,0,0,0,16,0
2308.11,440,5,1,0,0,0,5,0
1671.62,327,1,0,1,0,0,11,0
1431.99,569,2,1,0,0,0,1,0
781.24,33,2,2,0,0,0,13,0
1587.73,412,0,3,0,0,0,13,0
969.0,1650,2,0,3,1,0,5,0
1733.34,812,2,0,3,1,1,23,1
667.19,1138,3,0,0,0,1,2,0
913.63,508,3,0,0,0,0,20,0
407.5,56,3,2,2,0,1,7,1
1058.91,1580,0,0,1,0,1,20,0
487.36,1748,3,1,1,1,0,7,0
359.95,1376,3,1,0,0,0,19,0
1420.35,1353,4,0,1,0,1,6,0
1356.6,546,3,3,0,1,1,2,1
2399.16,1294,3,1,0,0,0,6,0
712.57,196,4,0,0,0,1,13,0
1649.21,413,3,2,0,0,0,22,0
1902.26,637,5,0,0,0,0,13,0
1710.9,1103,6,1,1,0,0,19,0
480.27,1791,4,0,1,0,0,3,1
1273.3,1681,4,1,0,1,0,5,0
1578.36,1107,10,0,0,0,0,6,0
1104.53,742,3,1,1,0,0,6,0
136.12,137,1,1,0,0,1,10,0
1287.54,539,6,2,1,0,0,8,0
10021.93,689,4,0,0,1,0,21,0
765.06,719,7,0,1,0,0,3,0
529.49,933,7,0,1,0,0,2,0
1592.96,1948,2,0,0,1,1,14,0
1498.74,306,3,0,1,1,0,17,0
3614.6,1335,1,2,1,0,0,0,0
311.73,388,2,2,0,0,0,19,0
2278.75,725,5,0,0,0,0,6,0
1979.15,1890,1,0,1,0,0,13,0
951.32,915,5,3,1,0,0,8,0
1538.69,549,3,0,0,0,1,10,0
3070.08,506,2,0,3,0,0,18,0
2623.63,388,2,0,3,0,0,22,0
349.67,293,3,1,0,0,0,1,1
2490.3,179,3,1,0,0,0,13,0
1027.94,672,3,1,0,0,0,22,0
1179.53,1453,2,1,0,0,0,22,0
1179.91,1904,5,0,0,0,0,5,0
943.65,1548,4,2,2,0,0,3,0
3610.88,1705,2,2,0,0,1,12,0
1008.56,1336,5,1,2,0,0,21,1
357.97,80,2,0,0,0,1,23,0
739.87,1038,1,0,0,0,1,10,0
1311.2,1078,4,0,0,0,0,7,0
3748.89,447,5,1,0,0,0,3,0
2004.39,766,2,1,0,0,0,23,0
468.47,1089,2,3,2,0,1,14,1
13163.33,1396,3,0,0,0,0,16,0
1429.06,503,4,1,1,0,0,20,0
3926.06,570,2,3,2,0,0,0,1
942.26,96,4,1,1,0,0,15,0
1869.37,1557,8,0,0,0,1,4,1
2538.86,1284,3,1,0,1,0,16,0
3707.8,585,5,2,1,1,0,10,1
3156.97,248,4,1,1,0,1,16,0
2623.32,127,3,1,2,0,0,4,0
800.24,499,5,0,0,0,0,20,0
619.09,46,4,2,0,1,0,10,1
1529.36,982,2,2,0,0,0,23,0
2788.13,268,3,0,0,0,0,5,0
877.68,1664,4,0,0,0,0,1,1
3181.7,1566,3,1,0,0,0,20,0
4687.32,94,3,0,2,0,0,5,0
438.64,736,2,3,1,0,0,0,1
474.89,1340,3,0,2,0,0,16,0
953.01,612,1,3,0,0,0,0,0
1491.61,71,2,0,0,0,0,10,0
649.0,593,2,1,1,0,0,11,1
4239.51,449,5,0,2,0,0,16,0
1675.84,1934,4,1,0,0,0,20,0
1140.76,1391,8,1,2,1,0,16,0
260.89,1836,5,2,0,0,1,6,0
294.18,620,6,0,0,0,0,16,0
1452.45,614,1,0,2,0,1,21,0
129.98,1434,3,0,1,0,1,0,0
3018.87,91,2,1,1,0,0,18,0
936.22,1533,0,1,0,0,0,21,0
28087.87,877,2,1,3,0,0,18,0
11024.95,528,3,1,1,0,1,4,0
914.66,1134,1,0,1,0,0,16,1
986.01,775,4,0,0,0,1,5,0
2967.82,672,4,1,1,1,0,7,1
6021.99,765,2,1,0,0,1,1,1
213.14,1113,6,4,0,0,0,7,0
183.76,1631,3,2,2,1,1,3,1
588.73,1296,4,1,0,0,0,22,0
1964.0,1271,3,4,1,0,0,19,0
1802.4,361,2,0,0,0,1,14,1
3196.37,378,5,1,0,0,1,0,0
330.4,1230,3,1,0,0,1,15,0
108.19,345,2,3,1,0,0,15,1
2586.38,1854,5,1,0,0,0,13,0
479.05,798,7,2,0,0,0,20,1
145.69,1784,2,4,0,0,0,3,1
1267.83,455,6,0,1,1,0,14,0
2424.0,908,5,1,1,0,0,19,0
970.63,67,3,0,1,0,1,19,0
693.78,987,2,2,1,0,0,7,0
935.09,1582,2,1,0,0,0,1,0
757.04,979,7,0,1,0,0,21,0
284.85,43,1,0,1,0,0,11,0
536.64,229,2,3,0,0,0,11,1
1846.93,1975,4,2,1,1,0,18,0
1512.74,1837,6,0,0,0,1,21,0
1297.33,1468,3,2,2,0,0,3,1
405.39,234,3,0,1,1,0,15,0
914.61,1223,3,3,0,0,1,18,0
124.33,497,3,2,0,0,0,18,0
1310.91,848,4,2,2,0,0,5,1
4577.27,1056,3,0,1,0,0,21,0
251.1,1288,0,0,2,0,0,21,0
610.37,113,5,1,0,0,0,13,0
1524.02,973,1,0,0,0,1,8,0
3838.52,1854,0,0,2,0,0,12,0
700.49,459,3,0,3,0,0,20,0
548.81,1300,1,2,0,1,0,6,0
153.1,1170,2,2,1,0,1,8,0
1216.14,1381,1,1,0,1,0,8,0
8451.3,6,1,3,0,0,1,2,1
1447.16,1364,3,0,1,0,1,0,0
1072.47,992,4,3,1,0,0,12,0
1513.35,494,4,1,1,0,0,21,0
1084.54,1132,2,0,0,0,0,23,1
486.38,1949,3,0,0,0,0,0,0
2498.09,1796,2,1,2,1,0,16,1
1374.38,71,1,0,2,0,0,15,0
1116.12,939,2,0,0,0,0,8,0
413.49,1364,4,0,0,1,1,20,1
4038.01,674,1,0,0,0,0,13,0
2131.76,1124,3,1,1,0,0,21,0
630.86,1351,2,1,0,0,1,8,0
2986.4,1057,3,1,3,1,0,17,1
666.76,143,5,1,0,1,0,20,0
501.7,1268,2,1,0,0,1,12,0
513.01,736,2,1,2,0,0,21,0
186.59,726,4,1,2,0,0,3,1
1757.32,1656,6,0,1,0,0,21,1
175.71,1704,2,0,1,0,0,16,0
321.04,1885,2,2,2,0,0,12,0
137.61,217,2,1,2,0,0,6,0
1006.19,1925,3,1,0,0,1,20,0
943.58,1998,5,1,1,0,0,0,0
791.0,434,3,2,0,0,0,14,0
386.61,1891,3,2,1,0,0,11,0
339.6,834,2,2,0,0,0,0,0
1744.76,1753,2,0,0,0,0,19,0
632.35,1078,3,1,2,0,1,19,1
1504.71,720,3,3,0,0,0,23,0
452.48,942,4,1,0,0,0,21,0
1314.3,1616,2,0,1,0,0,8,0
4037.08,907,3,2,0,0,1,20,0
1970.74,1916,4,0,3,1,0,13,1
726.03,1969,3,0,1,0,1,17,0
1418.28,995,2,1,2,0,0,6,0
862.07,1175,4,5,1,1,0,7,1
1105.31,55,4,1,1,0,0,7,0
791.86,1541,2,1,0,0,0,9,0
930.45,1472,3,1,0,0,1,8,0
1355.73,1059,3,1,2,0,1,17,0
406.12,861,3,0,0,1,1,4,1
397.07,1007,1,0,0,0,0,18,0
273.54,1143,8,2,2,1,0,13,0
221.35,1221,1,2,0,1,0,4,0
324.64,566,2,1,1,0,0,3,1
1286.22,771,3,2,1,0,1,9,1
449.09,1798,3,0,1,1,0,1,0
1832.83,1879,4,0,1,0,1,15,0
1135.37,878,3,0,0,0,0,2,0
153.16,824,5,0,2,0,0,14,0
2111.12,514,3,1,4,1,0,6,1
2467.1,1618,7,1,1,0,0,10,0
405.91,862,2,1,3,1,1,20,0
1669.35,422,0,2,2,1,1,10,1
465.68,1976,1,0,0,0,0,22,0
1209.15,517,1,0,1,0,0,11,0
309.67,1710,3,3,0,1,0,11,1
182.53,1163,2,1,1,0,0,11,0
747.84,705,6,0,2,0,0,5,0
969.01,1674,5,1,0,0,0,1,1
736.8,809,3,2,0,0,0,14,0
335.62,1652,5,0,2,0,0,1,1
735.17,44,2,0,1,0,0,20,0
1435.54,858,2,0,0,0,0,0,0
1048.49,801,5,0,0,1,0,20,0
1316.2,219,3,0,3,0,0,5,0
561.09,568,4,0,1,0,0,15,0
3539.42,1778,4,1,0,0,0,11,0
338.26,908,3,0,0,0,0,1,0
1785.69,258,2,1,1,0,0,6,0
3575.61,1537,2,1,0,1,1,21,0
1773.85,961,2,1,1,0,0,23,0
895.58,1401,3,0,0,0,1,7,0
646.58,893,1,3,0,0,1,6,0
3090.5,289,0,0,0,0,0,12,0
264.28,1494,0,1,0,0,0,20,0
415.66,972,4,2,1,1,0,21,1
736.89,103,1,2,0,0,0,6,0
3780.66,804,4,0,0,1,0,18,0
1603.22,1173,2,0,0,0,0,11,0
416.53,1108,3,1,2,0,0,15,0
804.07,1956,4,0,1,0,0,6,0
593.29,1050,2,0,0,0,0,2,0
539.27,1199,2,2,1,0,0,15,0
2918.69,1759,5,2,0,0,0,1,0
278.18,1665,3,1,1,1,0,14,1
5479.56,1446,2,0,2,0,0,8,0
2510.48,1678,3,1,0,1,0,8,0
3264.5,1370,4,2,1,1,0,15,0
690.25,302,3,3,1,0,0,4,0
943.94,1322,2,0,0,0,0,11,0
261.61,1159,0,1,0,0,0,5,0
648.94,1079,1,1,1,0,0,6,0
1796.61,56,2,1,1,0,0,16,0
4008.06,1015,1,1,1,0,1,11,1
362.43,374,4,2,0,0,0,23,0
760.89,1612,2,2,2,0,1,1,0
942.66,831,3,0,0,1,0,7,0
271.57,920,5,0,1,0,1,15,0
1980.98,1363,4,1,1,0,0,6,0
531.66,457,1,1,1,1,0,19,0
902.0,1379,5,1,2,1,0,3,1
697.88,132,2,2,0,0,0,19,0
498.03,493,4,3,0,1,0,19,0
1088.93,1578,5,3,2,1,0,20,0
883.94,1888,3,2,0,0,0,23,0
756.08,110,6,2,1,1,1,0,1
529.29,582,0,2,0,0,0,5,0
1509.49,796,2,0,2,1,1,13,1
5730.84,1150,5,2,0,0,0,10,0
1261.29,1884,0,1,1,0,0,1,0
2969.41,1320,1,0,2,0,0,5,0
273.08,1203,2,1,0,0,1,17,1
1284.03,1949,4,0,0,0,0,17,0
366.0,810,1,1,0,1,0,4,0
250.4,886,5,0,1,0,0,3,0
523.55,1221,4,0,0,0,0,22,0
3611.58,773,4,1,2,0,0,8,0
2835.62,1125,2,0,1,0,1,10,0
1398.29,937,2,2,3,1,0,14,1
236.82,573,3,0,1,0,1,0,0
901.19,1207,4,0,1,0,0,13,0
1482.82,1948,2,1,0,0,0,3,1
1307.06,809,4,2,0,0,0,19,0
173.5,879,3,2,2,0,1,1,1
450.2,1033,3,0,0,0,0,12,0
1028.57,413,4,1,1,0,0,21,0
1874.86,1742,8,1,2,0,0,0,0
121.98,1958,4,1,1,1,0,0,1
932.51,830,4,0,1,0,1,1,0
1265.28,566,6,0,0,0,0,10,0
2564.74,1716,3,0,0,0,0,3,0
2192.63,104,2,0,1,1,0,7,1
1963.67,1150,4,3,0,1,0,19,0
492.78,1570,7,2,0,0,1,7,0
162.71,677,4,2,3,0,0,6,0
740.22,945,2,1,1,0,0,18,0
2985.83,1834,2,0,1,1,0,4,0
4418.05,270,1,0,0,0,0,5,0
2231.77,466,5,1,3,1,0,9,1
1684.7,801,4,0,1,0,0,4,0
1603.01,1142,1,1,0,0,1,13,1
628.84,1890,0,2,1,0,0,6,0
962.89,1116,2,3,0,0,0,6,0
5820.08,1636,2,1,1,0,0,1,0
427.28,1005,7,1,0,0,1,23,1
5512.53,1509,6,2,1,0,1,1,1
794.71,1111,4,1,1,0,0,1,0
4127.52,234,3,2,1,0,1,4,1
268.59,913,1,2,1,0,0,7,0
1970.23,1148,7,1,1,0,0,4,0
524.91,1227,2,0,0,0,0,8,0
266.33,1056,5,2,1,0,1,8,0
1364.49,357,4,1,1,0,0,12,0
3009.33,1487,4,1,1,1,1,7,1
471.09,964,5,1,0,0,1,11,0
244.93,1575,2,1,1,0,0,21,0
1000.4,94,4,2,0,0,0,22,0
1004.82,1546,3,0,1,0,1,3,0
1897.55,1751,3,0,0,0,0,5,0
2834.43,1432,4,2,1,0,1,14,0
1033.37,1124,4,0,0,0,0,11,0
7012.88,244,2,1,1,0,0,3,1
1372.29,58,1,1,2,0,0,13,0
775.55,965,1,0,0,0,0,9,0
218.86,1381,6,2,0,0,0,7,0
843.31,1515,3,1,4,0,0,8,0
783.38,320,7,1,1,0,0,0,0
2864.95,1043,3,1,1,0,1,16,0
1741.47,357,3,0,0,0,0,15,0
337.18,117,5,2,1,0,0,3,0
1302.78,1160,3,0,1,1,1,7,1
2146.37,1863,7,0,0,0,0,15,0
5054.49,296,1,0,1,0,1,16,0
2663.79,525,2,1,1,0,0,7,0
2346.89,1125,1,2,1,0,0,23,0
1164.55,1404,4,1,1,0,0,5,0
1616.97,1179,0,1,0,0,0,14,0
3825.73,1618,3,2,3,0,0,19,0
289.23,1624,1,1,0,0,0,7,0
773.22,1129,1,0,0,0,0,14,0
506.45,1666,3,2,0,0,0,12,0
1602.23,1808,0,0,0,0,0,10,0
3752.67,1550,6,0,1,0,0,3,0
603.67,1152,1,3,0,0,0,8,0
100.45,401,4,0,2,0,0,13,0
726.17,1596,3,1,0,0,0,0,0
2733.87,1990,3,0,1,0,0,12,0
1877.38,739,0,1,2,0,0,13,0
1682.75,529,1,0,1,0,0,11,0
828.82,557,4,2,1,0,1,0,0
305.2,550,1,1,2,0,0,3,1
1835.91,1148,7,0,0,1,0,10,0
476.14,360,3,1,0,0,0,11,0
9740.98,64,3,0,0,0,0,8,0
1940.12,1913,4,1,1,0,0,0,1
613.61,765,3,1,0,0,0,22,0
595.03,774,2,0,1,0,0,10,0
999.3,1980,5,0,2,0,0,1,1
863.07,624,5,0,0,0,0,20,0
3350.4,102,3,1,2,0,1,3,0
1321.36,561,2,2,1,0,0,6,0
527.62,1301,3,3,1,1,1,20,0
7262.22,1251,2,1,0,0,0,10,0
1152.06,1047,3,2,2,0,0,4,1
2365.72,844,1,0,0,0,0,15,0
596.91,1721,2,0,1,0,1,7,0
1576.74,1088,0,1,0,0,0,23,0
1496.84,1181,1,0,1,0,0,5,0
165.73,1819,4,0,0,0,0,1,1
8227.81,1414,5,0,2,0,0,20,0
3986.4,1173,2,1,1,1,1,2,1
737.16,839,6,3,0,0,0,22,0
364.21,1387,3,0,2,0,0,19,0
1552.41,681,1,1,0,0,0,19,0
1195.95,1488,4,0,1,0,0,20,0
1565.04,645,2,2,0,1,0,19,1
1328.2,399,3,2,0,0,0,8,0
1819.36,405,6,0,1,0,0,9,0
4662.49,826,1,3,1,0,1,20,1
1935.47,1156,5,0,1,0,0,8,0
383.89,1221,2,1,0,0,0,4,0
4283.66,647,4,2,1,0,1,21,1
5656.81,35,3,2,1,0,0,14,0
25643.79,420,5,3,0,0,0,9,0
356.56,377,3,3,1,0,0,3,0
1398.12,1423,3,1,1,0,0,23,0
136.72,220,4,3,2,1,0,8,1
1906.74,1922,1,1,0,0,0,11,0
633.84,1912,1,1,1,0,0,22,0
7505.91,697,3,1,1,1,0,7,0
505.42,1541,1,0,1,1,1,14,0
202.52,1607,4,1,1,0,0,7,0
684.53,342,3,1,0,1,0,5,0
152.1,753,3,3,0,0,0,10,0
2324.13,1887,1,0,1,0,0,6,0
139.06,416,3,0,1,0,0,12,0
1128.29,1480,4,1,0,0,1,11,0
137.3,1321,3,3,0,0,0,15,0
796.08,938,2,1,1,0,0,21,0
5672.46,1355,5,3,0,0,0,10,1
1572.86,1729,3,1,0,0,0,2,0
462.44,1007,1,2,2,0,0,15,0
1062.94,680,5,0,0,0,0,5,0
1116.57,1363,3,0,1,0,1,23,0
1759.23,748,4,2,0,1,0,20,0
279.54,806,0,1,0,1,0,21,0
1983.4,1322,6,0,0,0,1,21,0
73.38,1784,2,1,0,1,0,23,0
584.13,1701,5,1,1,0,0,21,0
672.99,312,3,3,0,0,0,16,0
2065.91,1607,4,1,1,0,0,2,1
1121.73,1767,1,0,0,0,0,16,0
268.93,55,5,1,2,0,1,14,1
409.53,694,3,1,2,0,0,4,1
1337.66,534,1,1,1,0,0,8,0
1013.26,1819,0,0,0,1,0,11,1
614.54,105,4,3,0,0,0,2,1
678.01,1199,4,1,0,0,0,20,0
2199.9,294,7,0,1,0,1,9,0
653.48,880,3,1,0,0,0,15,0
1004.16,551,2,2,0,0,1,5,0
9604.02,911,1,1,1,0,1,17,1
264.1,375,1,1,3,0,0,15,0
172.11,450,2,1,0,0,0,13,0
2400.88,1469,5,0,0,0,0,5,0
556.33,1084,4,2,1,0,0,7,0
797.72,1416,2,2,0,0,0,13,0
502.12,812,3,0,1,0,0,12,1
845.73,1835,1,4,0,0,1,12,0
5423.72,390,3,0,2,0,0,3,0
2445.8,1236,3,0,1,0,0,19,0
2597.29,667,1,0,0,0,0,13,0
266.07,1709,2,0,0,0,0,20,0
346.83,1559,5,2,1,0,0,20,0
64.13,1264,1,0,0,0,0,7,0
488.15,1512,1,0,0,1,0,23,0
2854.65,1745,5,2,0,0,0,5,0
1838.94,1146,3,3,0,0,0,1,1
878.74,1277,5,2,0,0,0,5,0
1072.45,141,4,0,3,0,0,3,1
550.66,1476,2,2,2,0,0,11,0
1345.82,1876,3,1,1,1,0,18,0
2358.73,874,2,1,1,0,0,3,0
217.92,1856,3,1,1,1,1,8,1
1479.78,1177,2,1,1,0,0,8,1
2786.2,1917,1,2,1,0,0,11,0
724.08,1750,2,0,3,0,0,8,0
2209.9,1332,1,2,2,0,0,15,0
18299.97,1584,5,2,0,1,0,12,0
987.97,1341,5,1,1,0,0,0,0
1625.07,1553,1,1,0,0,0,8,0
524.24,1320,6,0,1,1,1,16,0
1314.55,843,1,1,0,0,0,11,0
1737.62,1369,5,0,1,0,0,17,1
1332.54,1605,3,1,0,0,1,6,0
395.56,597,3,2,0,0,0,15,0
1347.98,1306,2,0,0,0,0,15,0
4732.44,1232,2,1,0,1,0,18,0
1717.52,952,1,1,0,0,0,4,0
2869.77,552,1,0,1,0,0,16,0
865.22,1120,1,2,0,1,0,12,0
2321.34,1476,9,2,1,0,0,21,0
1449.93,1786,5,2,1,0,0,22,0
423.73,373,6,1,1,0,0,6,1
1507.97,648,3,0,2,0,0,8,0
406.79,1097,3,2,1,1,0,17,0
582.38,1837,4,1,0,0,0,17,0
1325.21,1809,5,2,0,1,1,20,0
1476.23,1705,2,1,4,0,0,5,0
333.88,333,3,2,0,0,0,6,0
3146.31,393,6,0,1,0,0,20,0
1943.03,1734,4,0,0,0,0,17,0
542.0,1883,4,0,2,0,0,15,0
235.67,1130,4,1,1,0,1,19,0
948.7,1125,4,0,2,1,0,5,0
702.09,1383,0,0,1,0,0,2,0
1228.0,1771,2,0,2,0,0,17,0
762.71,1816,6,2,1,0,0,5,0
147.31,1353,0,1,0,0,0,23,0
743.71,1913,6,0,1,1,0,19,0
807.85,1642,2,1,1,1,0,6,1
2066.6,395,3,4,1,0,0,15,0
545.55,35,2,2,2,1,0,14,0
5876.25,157,5,0,2,0,0,0,0
162.12,904,2,4,0,0,0,23,0
4069.06,1297,2,1,0,0,1,17,0
876.28,967,4,0,0,0,0,7,0
2590.44,396,5,0,0,0,0,21,0
1187.73,1776,3,0,1,0,0,22,0
3427.39,207,4,0,1,0,0,0,0
744.44,1781,5,0,0,0,1,17,0
365.54,1629,3,1,0,0,0,23,0
4539.19,621,2,2,0,0,0,14,0
978.99,1330,3,3,1,0,0,8,0
1368.62,1650,3,2,0,0,0,11,0
3769.7,1560,5,2,1,0,0,11,0
390.74,805,2,0,1,1,1,12,0
1989.21,462,5,3,1,0,0,18,0
607.96,252,3,3,1,0,0,19,1
960.86,1291,4,1,3,0,1,18,0
1178.83,867,3,2,0,0,1,0,1
244.64,209,7,1,1,0,0,9,0
503.29,955,2,0,0,0,0,14,0
4234.72,1591,5,1,1,0,0,15,0
2660.29,539,5,0,1,1,0,17,1
1030.05,835,3,2,1,1,1,1,0
1398.46,503,4,1,1,1,0,3,0
817.1,956,3,1,2,0,0,18,0
4258.12,514,2,0,1,0,0,11,0
897.53,580,5,1,1,0,0,3,0
1382.77,1938,1,1,0,0,0,2,0
3449.66,1172,5,3,3,0,0,21,0
504.03,1855,3,2,1,1,0,5,0
5212.37,1998,2,1,0,0,0,8,0
237.35,840,1,0,0,1,1,19,1
5595.08,1666,1,0,0,1,0,18,0
755.46,986,3,1,0,0,0,8,0
860.32,83,6,2,2,0,0,2,1
165.67,1066,4,0,0,0,0,1,0
695.9,156,4,0,1,1,0,18,0
387.69,1693,3,0,1,0,0,9,0
597.26,453,3,2,1,0,0,3,1
955.93,1643,6,0,4,1,0,11,0
2857.75,1308,3,0,0,0,0,10,0
1349.65,1212,3,4,1,0,0,5,1
1491.71,617,3,0,3,1,0,3,0
366.68,624,6,3,2,1,0,5,1
454.52,1498,3,0,1,0,0,0,0
6625.79,507,9,0,0,1,0,17,0
525.74,1157,4,0,0,0,0,9,0
5745.71,1295,4,1,1,0,0,6,1
860.01,622,3,2,0,1,0,3,1
1099.15,1097,2,2,0,0,0,15,0
3198.27,1952,2,1,0,1,0,13,0
3912.35,1460,3,1,1,0,0,17,0
981.6,1882,4,1,1,0,0,2,0
743.79,293,5,3,1,1,0,19,1
1036.99,655,6,1,1,1,0,12,0
1537.57,937,0,0,1,0,1,13,0
2673.93,1796,0,3,0,0,0,21,1
1101.28,757,5,2,0,0,0,20,0
2036.29,1461,3,4,0,0,0,20,1
5644.06,996,1,4,2,1,0,9,1
1605.69,1876,2,0,1,0,0,21,0
1497.65,667,6,1,1,0,0,0,0
240.11,1685,2,1,0,0,0,6,0
78.99,60,4,1,1,0,0,14,0
1617.08,1622,0,1,1,0,0,23,0
997.42,1728,0,2,1,0,0,21,0
655.38,327,3,1,1,0,0,18,0
1399.02,1967,5,1,0,1,0,15,0
1032.35,1206,5,3,1,0,1,17,0
3387.27,799,3,2,0,0,0,20,0
1195.25,785,2,3,1,0,0,16,0
519.61,767,4,0,0,0,0,12,0
2951.79,1458,5,0,1,1,0,0,1
882.6,519,3,0,0,0,0,8,0
1856.66,638,2,2,0,0,0,13,0
680.34,83,4,1,1,0,0,23,0
572.59,28,3,1,0,0,1,15,0
1192.93,266,4,3,1,1,0,17,1
1110.79,1307,1,1,0,0,0,20,0
1771.93,397,3,2,2,1,0,22,0
838.28,962,1,2,0,0,0,7,0
174.8,763,4,0,2,1,1,14,0
711.39,980,6,2,2,0,0,19,1
2425.56,1724,1,0,0,0,1,18,0
814.54,1407,1,1,5,0,0,6,1
857.15,811,5,0,1,1,0,21,0
2940.62,581,3,2,1,0,0,8,0
538.09,1343,3,1,2,1,1,9,1
234.44,1862,4,1,3,0,0,10,0
933.9,611,2,1,2,0,0,18,0
675.75,193,2,0,0,1,0,16,0
417.28,227,2,1,2,0,0,1,0
920.23,451,4,2,0,0,0,5,1
1792.75,1206,2,1,0,0,0,3,0
1086.49,932,2,0,0,0,1,4,1
1490.67,1351,1,0,0,0,0,23,0
6723.79,1629,2,0,0,0,0,23,0
778.31,655,3,3,0,0,0,8,0
1448.59,203,3,0,3,0,0,18,0
659.04,402,2,0,1,0,0,15,0
470.43,1668,2,3,0,0,0,19,0
611.0,472,1,1,0,0,0,6,0
679.42,1803,7,0,0,0,0,23,0
1571.01,1670,0,0,0,1,0,7,0
11488.2,890,4,0,0,1,0,13,0
535.9,179,2,1,0,0,0,4,0
722.98,1722,6,1,2,0,0,14,0
1029.55,1980,2,0,1,0,0,6,0
1629.13,1042,4,1,2,0,0,17,0
1427.32,463,3,0,0,0,1,8,1
3960.38,835,1,0,0,0,0,18,0
96.89,1937,3,0,0,0,0,8,0
100.79,609,2,0,0,1,0,19,0
667.89,1570,2,1,1,0,0,3,0
3285.59,926,1,1,2,0,1,12,0
229.14,1427,4,1,3,0,0,13,0
54.18,1417,4,1,0,0,0,23,0
1941.43,936,4,0,0,1,0,17,0
1399.2,300,2,2,0,1,0,15,0
368.63,351,4,1,1,0,0,1,0
409.3,187,3,0,0,0,0,13,0
415.82,1371,2,0,1,0,0,9,0
1224.8,623,2,1,2,0,0,6,0
586.21,1433,3,1,0,0,0,8,0
1797.34,1783,2,4,0,0,0,2,1
63.14,71,5,1,1,0,0,17,0
465.52,1845,2,1,0,0,0,0,0
355.65,1968,2,0,3,0,0,11,0
848.66,1351,3,1,1,0,1,14,0
640.31,1236,3,0,2,0,0,12,0
2435.35,309,5,1,0,0,0,5,0
170.83,1132,2,0,1,0,0,18,0
1147.67,177,0,2,0,0,0,11,1
1916.65,427,2,0,0,1,0,4,0
7020.91,740,1,1,1,0,0,16,1
677.38,531,7,0,1,0,0,11,0
1516.95,1858,2,1,0,1,0,7,0
180.57,418,3,1,0,0,0,20,0
100.29,248,2,0,1,0,1,15,0
2552.36,209,2,0,0,0,0,10,0
1090.55,216,3,2,2,0,0,22,0
3563.55,713,1,2,1,0,0,10,0
277.72,438,2,0,1,0,0,23,0
1844.39,1793,2,2,1,0,1,13,0
7106.87,1642,5,0,0,0,0,6,0
1668.54,311,4,0,1,0,0,11,0
1446.04,1807,3,0,1,0,0,11,0
1106.06,383,2,1,0,0,0,2,0
227.95,981,2,0,0,0,0,10,0
4253.82,1295,4,2,0,0,0,1,0
595.35,121,3,0,0,0,0,2,0
1816.17,407,3,0,1,0,0,14,0
229.74,245,2,2,0,0,0,6,0
337.15,66,5,0,1,0,1,12,0
4605.87,942,2,0,0,0,0,17,0
774.87,228,3,5,0,0,0,22,0
4690.41,882,3,0,1,0,1,20,0
1014.11,137,4,0,0,0,0,18,0
173.83,194,5,1,1,0,0,16,0
2675.97,706,2,1,1,0,0,3,0
607.96,658,3,1,0,0,0,2,0
2205.45,657,5,5,1,1,0,14,0
1124.63,1513,3,0,0,0,0,22,0
234.37,1608,4,1,0,1,0,2,1
1292.45,1378,4,3,0,0,0,7,0
9859.82,930,2,0,0,0,0,7,0
1795.41,1989,4,3,0,0,0,6,0
1035.34,1728,8,0,0,0,0,19,0
3214.23,556,4,3,0,1,1,4,1
1353.8,1181,5,3,1,0,0,10,1
1352.26,958,2,0,0,0,0,17,0
368.11,1500,3,1,0,1,1,22,0
1385.54,1040,2,3,1,0,0,3,0
3088.51,1102,1,0,2,0,0,9,0
475.3,52,3,2,3,0,0,19,0
4557.35,514,3,0,0,0,1,8,0
1000.54,1528,4,0,1,0,0,11,1
451.34,744,1,1,0,0,0,21,0
2973.91,1085,4,0,0,1,0,14,0
823.21,1156,2,2,3,0,0,1,1
2343.77,1406,6,1,1,0,0,8,0
819.13,1588,5,3,2,1,0,13,1
1032.95,1833,2,0,1,0,0,13,0
1796.44,692,4,0,1,1,0,20,0
1466.89,543,2,0,1,0,0,19,0
149.08,410,7,3,0,1,0,20,0
357.36,155,4,0,1,0,1,21,1
2777.79,633,0,0,3,0,0,8,0
960.89,51,6,0,1,0,0,5,0
649.54,1024,1,1,0,0,0,16,0
281.86,994,3,0,0,0,1,1,0
372.51,1119,3,0,0,0,0,13,0
145.21,1712,6,1,1,0,0,14,1
991.0,1547,6,1,1,1,0,20,0
602.79,1928,2,0,0,0,0,11,0
417.14,524,5,0,2,1,0,9,1
1024.41,355,6,2,1,0,0,19,1
1578.09,1069,4,0,1,0,0,17,0
8894.58,802,2,0,2,0,1,9,0
241.8,1229,7,0,0,0,0,1,0
3496.02,1755,2,1,2,0,0,11,0
2901.84,840,0,0,1,0,0,5,0
503.16,1455,3,1,1,0,0,7,0
1343.77,256,7,0,1,0,1,4,1
693.93,248,8,0,0,0,0,5,0
1320.4,533,3,0,0,0,0,3,0
4959.85,41,6,0,1,0,0,18,1
2009.43,1483,3,0,0,0,0,18,0
1823.67,790,5,1,1,0,0,23,0
713.15,1301,3,3,1,0,0,12,1
248.62,1948,3,0,2,1,0,3,1
890.28,195,3,2,1,0,1,11,1
3665.09,1095,4,2,0,0,1,5,1
238.13,1294,2,1,4,0,0,21,0
381.81,1359,4,1,3,0,0,17,0
1244.22,1609,0,0,0,1,0,0,0
409.67,308,5,0,2,0,0,4,1
496.45,1451,4,0,0,0,0,20,0
717.95,1223,5,1,0,0,0,16,1
279.89,76,4,0,0,0,0,16,0
414.01,787,4,2,2,0,0,8,1
2215.93,795,4,1,0,1,0,12,0
296.67,1682,3,1,1,0,0,21,0
221.88,1549,7,1,0,0,0,15,0
584.04,1899,3,0,1,0,0,7,0
2280.06,1665,3,0,0,0,0,6,0
900.62,230,2,2,3,0,0,9,0
689.12,85,5,1,0,0,0,5,1
1146.37,1186,6,2,1,1,0,6,1
191.39,397,2,1,0,0,0,23,1
1798.5,1901,3,0,2,1,0,11,1
1609.11,1395,3,1,0,1,1,22,0
728.28,1587,1,2,1,0,1,16,1
2998.67,215,1,0,1,0,0,5,1
355.14,1025,4,1,0,0,0,13,0
3387.71,377,2,0,1,0,0,12,1
1279.84,412,1,0,1,0,0,20,0
783.25,1659,3,2,1,1,0,4,1
1075.05,800,2,2,1,1,0,12,0
985.09,1224,4,2,2,0,0,23,1
3715.55,1207,3,2,0,0,0,18,0
373.65,410,4,1,0,0,1,8,0
511.57,1422,3,1,1,0,0,14,0
3091.16,216,3,0,0,0,0,8,0
604.54,752,3,0,0,0,0,19,0
2698.72,349,2,1,0,0,1,0,0
5999.53,1604,2,0,2,1,0,11,0
733.78,831,1,4,2,1,0,20,1
2167.57,1618,2,1,3,0,0,13,0
345.95,654,2,0,0,0,1,16,0
2332.59,1022,5,1,2,0,1,9,1
1338.66,1947,2,1,0,0,0,2,0
1759.95,1065,3,0,1,0,1,3,1
575.03,1775,3,0,0,0,1,0,1
208.29,3,3,0,0,0,0,19,0
1813.93,1118,2,0,0,0,1,23,0
139.3,1083,8,0,1,0,0,8,0
798.43,740,5,2,1,0,0,17,0
2810.68,407,4,0,0,0,0,16,0
1328.62,18,4,0,1,0,0,21,0
7695.13,1518,2,2,0,0,0,10,0
3056.75,751,3,0,2,0,0,17,0
570.27,1896,1,1,0,0,0,20,0
1127.0,1532,4,1,1,0,0,7,0
1045.9,586,1,1,0,1,1,0,0
225.39,888,6,0,0,0,0,10,0
428.2,332,4,2,2,0,1,22,0
625.93,1013,5,1,0,1,1,4,1
143.13,169,5,0,0,0,0,22,0
1149.97,776,2,0,0,0,0,20,0
854.85,1696,1,0,1,0,0,12,0
205.84,849,3,1,0,0,0,8,0
1642.89,1705,5,1,2,0,0,10,0
2243.68,941,2,0,1,0,0,5,0
1376.14,206,3,0,0,0,1,9,0
793.09,1893,1,0,1,1,0,23,0
1981.17,521,1,1,1,0,0,20,0
2165.1,1529,1,0,0,0,0,10,0
1491.3,1018,2,2,1,0,0,10,0
480.77,1370,2,1,1,0,0,23,0
1446.06,304,3,2,2,0,0,10,1
3624.53,115,0,0,1,0,1,11,0
603.88,664,3,1,2,0,0,2,0
8936.86,87,1,0,0,1,0,18,0
648.31,1119,0,0,1,0,0,23,0
1132.75,743,5,0,1,0,0,6,0
559.76,428,4,4,0,0,0,22,0
1370.97,1722,5,3,1,0,0,19,0
192.05,450,4,0,1,0,0,20,0
635.21,1650,2,1,2,0,0,13,0
367.92,786,1,2,2,0,0,19,0
1255.56,1565,4,2,0,0,0,8,0
2964.45,715,1,0,1,0,0,5,0
2092.27,2,2,0,0,0,1,17,1
102.34,1102,5,1,0,0,0,4,1
8451.25,1348,3,0,4,0,0,10,0
1473.33,743,3,1,0,0,0,8,0
504.47,1122,1,1,1,0,1,3,1
1283.22,1653,3,3,0,0,1,23,0
1307.92,110,0,2,2,0,0,23,1
562.93,679,2,0,1,1,0,7,0
1336.64,1481,2,2,1,0,0,21,0
597.36,1512,5,2,1,0,0,12,0
731.9,1833,4,2,0,0,0,22,1
552.1,1991,4,1,0,0,1,5,0
261.73,371,2,0,3,0,0,16,0
1268.81,1361,2,1,2,0,1,14,1
1969.04,890,4,0,0,0,1,8,0
1835.15,599,1,0,1,0,1,20,0
2489.72,1995,4,3,1,0,0,2,0
1516.77,1046,2,0,0,0,0,23,0
643.73,722,1,1,1,1,0,23,0
2539.35,305,1,1,1,0,0,1,0
282.16,924,6,0,0,0,0,2,0
445.56,1296,1,0,0,0,1,3,0
418.13,1514,3,2,0,1,0,22,0
3229.41,836,2,0,0,0,0,21,0
2815.2,446,3,1,0,0,0,10,0
1785.23,932,1,0,0,1,0,20,0
3203.28,278,7,1,0,0,0,12,0
455.19,1675,3,0,2,0,0,13,0
1554.01,1877,5,1,1,0,0,8,1
967.61,377,2,0,0,0,1,20,0
2557.75,232,5,0,0,0,0,13,0
977.28,1769,3,1,0,0,1,2,1
746.25,592,3,1,2,0,1,18,0
1883.54,426,3,2,0,1,0,2,0
2633.76,1079,1,1,2,0,0,20,1
562.09,1993,5,1,1,0,1,7,0
1031.66,1827,8,0,0,0,0,21,0
380.53,441,6,2,0,0,0,22,1
90.19,34,3,0,1,0,1,10,0
1340.05,329,3,1,0,1,0,9,0
2016.07,845,4,1,1,0,1,22,0
1425.2,454,3,3,0,0,0,22,0
156.09,1412,5,1,1,0,0,12,0
772.13,764,7,2,1,0,1,0,1
119.3,1454,2,3,0,0,0,18,0
4314.35,1500,2,2,1,0,0,11,0
370.16,1149,3,0,2,0,0,5,0
3848.36,523,2,0,0,0,0,9,0
2823.89,482,2,0,0,0,0,5,0
445.59,317,4,2,2,0,0,18,0
353.26,122,7,2,2,0,0,15,1
1556.77,1571,2,2,1,0,0,11,0
471.39,581,1,1,2,0,1,1,1
1214.98,1337,2,0,0,0,0,0,0
676.66,487,4,0,0,1,0,9,0
184.72,1675,1,1,0,0,0,15,0
117.86,1036,2,2,0,0,0,5,0
1375.65,125,6,0,2,0,0,10,0
625.43,1835,1,1,2,0,0,19,0
630.75,659,2,0,1,0,0,3,0
2199.23,1101,1,0,1,0,0,16,0
3545.53,580,1,3,2,0,0,9,0
835.02,718,1,1,1,0,1,14,0
780.08,1260,3,1,0,0,0,14,0
1808.3,1595,2,2,2,1,0,12,0
282.33,770,2,0,0,0,0,22,0
1370.8,1278,3,0,1,0,0,19,0
1904.33,904,3,2,1,0,0,15,0
2165.12,406,4,1,1,1,0,9,0
158.1,1267,5,1,1,0,0,0,0
512.16,1485,2,1,1,0,0,17,0
455.66,277,2,0,1,0,0,1,1
1211.83,1493,7,0,2,0,0,16,0
1773.56,1244,2,0,0,0,0,4,0
4898.63,1249,3,4,0,0,0,10,0
668.5,925,5,0,0,0,0,12,0
666.76,1125,7,0,2,0,1,15,1
3462.24,854,5,1,0,0,1,14,0
1475.24,1658,6,1,1,1,1,10,0
3895.79,1754,4,1,1,1,0,0,1
1463.71,507,4,0,2,0,0,22,0
344.77,1611,5,2,0,0,1,3,1
289.13,1355,3,2,1,0,1,6,1
232.41,237,1,1,0,0,0,18,0
2126.12,994,11,2,1,0,0,19,0
3599.67,1363,3,0,0,0,0,18,0
6969.94,752,7,0,1,0,0,2,0
2548.11,506,1,0,1,0,0,13,0
3508.13,165,2,1,2,1,0,2,0
613.99,846,5,0,2,0,0,18,0
345.01,1693,2,2,0,0,0,13,0
2565.94,1747,2,0,0,0,0,1,0
1665.17,1957,1,1,1,0,0,12,0
1221.02,1813,6,0,1,1,1,4,1
1615.45,728,2,0,1,0,0,22,0
1515.02,1242,2,0,0,0,0,16,0
3959.28,1769,4,1,0,0,0,1,0
4003.75,376,6,1,2,0,1,11,1
1889.79,1036,2,2,1,0,0,21,0
2554.99,1456,2,1,0,1,1,1,0
1833.65,83,5,0,3,0,0,17,0
691.48,431,1,0,1,1,1,6,0
2336.86,1649,1,2,1,1,0,14,0
271.92,478,2,1,1,0,0,23,0
3146.01,783,0,2,1,0,0,17,0
332.11,1731,1,3,0,1,0,21,0
1459.43,369,2,0,0,0,0,1,0
470.99,1677,6,1,1,1,0,17,1
1907.2,955,3,0,0,0,0,11,0
1060.05,1993,2,2,0,1,0,0,0
222.57,1660,0,1,0,0,0,4,0
1670.2,141,5,0,1,0,0,16,0
615.28,720,2,0,0,0,0,12,0
2646.91,1651,1,4,0,0,0,9,0
1098.09,1742,3,0,1,1,0,12,0
1628.51,1480,1,2,0,1,1,20,1
420.92,1526,2,3,0,1,1,19,1
608.3,1427,2,0,0,0,0,1,0
693.23,1977,3,0,0,0,0,15,0
2582.99,1016,2,3,0,0,0,3,0
5868.63,288,5,0,0,0,1,12,0
490.21,355,5,1,1,0,0,10,0
3219.07,343,4,0,0,1,0,13,0
125.25,149,2,0,0,1,0,8,0
332.22,210,1,1,0,0,0,2,0
420.41,1136,0,1,0,0,0,23,0
283.58,654,2,1,2,0,0,5,0
225.07,976,2,1,0,1,0,3,0
1657.39,536,3,1,0,1,0,16,1
885.31,1073,5,1,1,0,1,15,1
1602.64,1824,3,0,0,1,0,8,0
2187.41,331,4,0,0,1,0,8,0
1430.27,365,2,0,1,0,0,19,0
2117.02,11,7,2,2,0,0,18,0
1022.97,1212,4,0,0,0,1,15,0
334.62,509,8,0,0,0,0,5,0
3158.38,580,3,0,0,0,0,13,0
608.43,1469,6,0,0,1,0,21,0
430.27,1114,2,3,0,1,1,19,0
917.89,622,5,0,0,0,1,16,0
440.18,901,5,2,1,0,1,5,1
722.39,1700,5,3,2,1,0,20,1
1546.97,1472,2,1,1,0,0,23,0
1553.62,718,1,2,2,0,0,19,1
446.83,1056,4,1,0,0,0,10,0
673.37,327,4,1,0,0,0,1,0
3210.98,74,4,2,0,0,0,15,0
1801.55,251,5,1,1,0,1,23,1
8734.75,450,2,0,1,1,0,17,0
3569.31,906,2,0,0,0,0,4,0
3443.67,355,1,1,0,0,0,11,0
273.73,533,1,1,2,0,0,18,0
2353.97,296,3,0,1,0,0,13,0
1039.91,298,4,1,0,0,0,18,0
632.08,1352,2,2,1,0,0,13,0
1297.27,302,3,1,1,0,0,19,0
2822.03,512,6,5,0,0,0,15,0
1809.55,1362,2,1,0,1,0,10,0
455.56,585,2,2,1,0,0,16,0
2304.13,374,4,1,0,1,0,2,1
579.64,1577,2,2,1,1,1,11,1
1361.96,1118,4,2,0,0,0,23,0
809.69,132,2,0,0,0,0,0,0
881.07,1635,5,3,0,0,0,22,0
2359.59,910,1,0,0,0,0,5,0
387.54,1934,3,0,1,0,1,4,0
7670.94,53,4,1,1,0,0,12,0
177.49,1520,3,2,2,0,0,20,0
603.25,229,0,3,1,0,0,5,1
1587.97,640,3,0,0,1,0,10,0
1967.1,1236,3,0,2,0,0,3,1
991.8,797,3,5,1,0,0,2,1
1035.47,791,1,2,0,1,0,9,0
1653.34,1528,3,1,1,0,0,17,0
870.38,495,4,0,1,1,0,9,0
4416.85,853,1,3,2,0,0,18,0
2538.55,671,0,1,0,1,0,19,0
2624.97,1888,7,0,1,1,0,10,0
417.32,1257,3,0,0,0,0,9,0
1012.94,1095,2,0,0,1,1,15,0
812.03,1741,2,1,2,0,0,5,0
401.18,189,1,0,0,0,1,8,0
1572.09,663,3,2,2,0,1,22,0
640.57,8,3,0,0,0,0,20,0
2112.03,332,2,0,1,0,0,15,0
376.08,1636,4,0,1,0,0,8,0
6118.31,1040,4,0,1,0,0,22,0
447.5,666,4,4,0,0,0,20,1
1365.54,669,1,0,0,0,0,23,0
2420.81,1117,4,3,0,0,0,0,1
619.78,1286,5,0,1,0,1,5,0
2572.08,1573,1,0,0,0,1,8,0
320.8,161,6,1,1,0,0,9,0
4684.98,351,1,0,1,0,1,19,0
1112.26,1198,7,0,0,0,0,9,0
604.01,317,2,0,0,0,0,11,0
813.07,937,4,0,1,1,0,8,0
2462.47,18,2,0,0,0,0,2,1
611.27,486,3,3,1,1,0,21,0
518.35,367,3,3,1,0,0,11,0
878.72,351,4,1,0,1,1,16,0
338.0,528,5,0,1,1,1,12,0
6771.95,872,4,2,0,1,0,11,0
622.41,1459,1,1,2,0,0,0,1
2519.0,933,2,0,1,1,0,7,0
1352.18,270,2,1,1,0,0,22,0
409.72,871,5,1,1,0,0,0,0
1090.12,1092,3,0,1,0,0,23,1
2401.87,1054,6,1,1,0,0,0,1
908.45,316,7,1,0,1,0,4,0
3615.96,1845,4,0,0,0,0,2,0
3045.79,737,6,3,1,1,0,13,1
2748.79,164,1,0,0,0,0,12,0
692.52,926,4,3,1,0,0,0,1
372.47,320,7,1,0,0,1,20,0
593.72,1038,6,0,0,0,1,6,0
1334.41,279,0,1,0,0,0,0,0
1892.75,432,5,4,1,0,0,10,1
125.01,668,4,0,0,0,0,17,0
1087.77,634,2,2,0,1,1,2,1
1284.45,1287,4,0,1,0,0,0,0
830.86,1706,4,2,1,1,0,23,0
3988.91,522,5,2,0,0,0,15,0
1672.01,964,2,0,1,1,0,14,0
4065.09,1196,1,2,0,0,1,7,0
883.63,358,2,0,1,0,0,0,0
2800.29,1037,4,0,1,0,0,6,0
5625.51,725,3,1,1,0,1,21,0
4071.2,673,4,1,0,0,0,8,0
367.92,232,2,1,1,1,0,12,0
850.92,1500,3,4,0,0,0,18,0
776.53,471,2,0,2,0,0,9,0
1788.72,1184,3,0,1,0,0,19,0
2178.42,639,5,2,1,0,0,0,0
473.95,560,3,1,1,0,1,1,1
1173.61,1285,5,0,1,1,0,18,0
145.48,573,3,0,1,0,0,15,0
4637.57,1658,1,3,0,1,0,22,1
656.96,602,5,2,1,0,0,8,0
1159.64,1383,4,1,0,0,0,14,0
804.6,255,4,2,0,0,0,6,0
3449.65,602,2,1,3,0,0,23,1
64.23,1539,5,2,0,0,1,18,1
1078.57,280,4,1,0,0,0,5,0
986.52,117,5,0,2,0,0,5,1
696.71,610,5,0,0,0,0,23,0
6162.43,1186,2,1,0,1,0,23,1
451.54,852,0,1,0,0,0,9,0
2372.73,1911,4,0,0,0,0,18,0
1565.96,298,1,2,1,0,0,13,0
3871.97,916,4,2,0,1,0,7,0
562.74,1321,6,2,2,0,1,21,0
526.91,1618,0,0,3,0,1,2,0
3281.55,1382,3,2,0,1,0,22,0
1677.94,1684,1,0,0,0,0,0,0
233.94,518,4,0,0,1,1,2,1
639.51,378,3,3,0,0,0,4,1
1613.86,1721,5,1,1,1,0,5,0
2534.53,426,1,1,1,0,0,17,0
556.0,1788,1,3,2,0,0,19,0
59.49,537,4,0,1,1,0,2,1
1850.52,553,3,2,1,1,0,6,0
323.66,169,0,1,1,1,0,12,0
145.86,515,3,0,1,0,0,10,0
64.57,1388,3,0,1,0,0,14,0
2474.96,1707,4,1,0,1,0,0,0
1247.15,430,4,1,0,0,0,5,0
875.1,569,2,1,1,0,1,14,1
4398.52,83,1,0,0,0,0,1,0
2074.19,330,6,1,2,0,0,9,0
5520.92,691,4,2,0,0,0,0,1
272.4,1157,5,0,1,0,0,14,0
1059.39,1622,2,0,1,0,0,11,0
217.74,457,6,0,0,0,0,13,0
871.85,353,2,0,0,0,0,14,0
855.24,1807,1,1,2,0,0,14,0
2052.09,344,1,0,3,1,1,16,0
1147.76,1118,2,4,0,0,0,23,0
2045.52,1406,2,1,1,0,0,18,0
2215.96,1892,1,1,1,0,0,21,0
9460.96,762,2,2,2,0,0,2,1
800.07,1319,1,3,0,0,1,13,0
427.94,198,0,1,0,0,0,15,0
1402.6,79,3,2,0,0,0,20,0
491.63,678,0,1,0,0,0,13,0
4826.91,551,5,0,2,0,0,1,0
826.15,820,3,0,1,0,0,23,0
622.92,214,4,2,0,1,0,7,1
684.5,1667,5,1,0,0,0,0,1
2249.4,669,2,1,1,0,0,12,0
936.6,989,4,0,0,0,0,7,0
577.28,894,3,1,0,0,0,19,0
5798.48,159,1,1,2,0,0,0,1
465.83,1858,5,2,2,0,0,19,0
1136.34,739,3,0,1,0,0,9,0
2105.5,557,5,2,2,0,1,0,1
214.58,201,2,1,1,0,0,21,0
1772.7,22,4,2,2,0,0,19,1
381.8,1363,3,0,0,0,0,22,0
2496.84,1266,3,1,0,0,0,21,0
418.78,1765,1,0,1,0,0,9,0
2192.44,1930,2,2,0,0,0,1,0
3313.74,1262,3,0,2,0,1,7,1
2595.25,1173,5,0,2,0,0,14,0
1409.96,785,3,3,4,0,1,9,0
870.18,1603,2,0,0,1,0,1,1
616.21,7,2,1,1,0,0,6,1
4774.45,1257,3,0,0,0,0,21,0
544.85,1893,3,2,0,0,0,21,0
388.75,804,3,0,1,0,1,20,0
2133.18,768,2,1,1,0,0,8,0
494.66,579,2,1,0,0,0,13,0
424.09,1786,2,0,0,0,0,2,0
258.89,1101,1,2,2,0,0,15,0
676.61,489,2,0,0,1,1,18,0
1009.58,926,3,0,0,0,0,9,0
1398.41,87,3,0,0,1,0,0,0
2839.28,1788,2,0,1,0,0,6,0
1857.33,1991,3,2,2,0,0,12,0
906.08,222,5,0,0,0,0,11,0
899.47,413,3,0,1,0,0,22,0
1826.5,584,4,0,1,0,0,21,0
3915.0,202,7,0,0,0,0,17,0
1244.28,1953,0,0,1,1,0,18,0
685.99,571,6,3,1,0,0,1,0
406.32,1300,3,1,0,0,0,3,1
258.47,221,2,2,1,0,0,19,1
2135.1,157,2,1,2,0,0,0,0
1954.67,1205,3,0,1,0,0,9,0
1953.47,1749,1,0,0,0,0,0,0
964.24,129,3,3,2,0,0,20,0
4478.01,1267,2,1,2,0,1,8,0
675.79,1954,3,0,1,1,1,15,0
2850.56,1196,4,0,1,1,0,7,1
1054.96,1527,3,0,2,1,1,11,1
596.84,1504,0,0,0,0,0,23,0
1983.33,877,4,1,0,1,1,3,1
1651.83,270,1,0,0,1,0,5,0
1567.09,1445,3,1,3,0,0,16,0
1189.49,163,8,0,0,0,0,8,0
1055.86,955,4,0,0,0,1,10,0
11948.63,24,5,0,1,0,0,18,1
3584.08,497,6,1,1,1,1,22,1
2259.34,193,2,2,1,0,0,13,0
1226.35,878,3,0,1,1,0,17,0
3002.37,390,5,1,1,1,0,0,0
1840.87,497,3,1,2,0,0,1,0
1125.75,964,3,2,0,0,0,10,0
809.52,806,4,0,2,0,0,12,0
1011.39,129,3,0,1,0,1,7,0
50.0,1021,5,0,1,0,0,15,0
1353.71,553,4,1,0,0,0,18,0
672.85,1567,5,1,2,0,0,1,0
5391.99,1060,4,1,0,0,0,7,1
1118.05,1481,5,1,2,0,0,21,0
333.97,361,2,0,1,1,0,20,0
1043.27,765,3,2,0,0,0,10,0
385.24,1974,2,3,2,0,0,10,0
1760.6,1901,2,0,1,0,1,8,0
1466.96,1239,1,0,1,0,1,16,0
2857.89,287,2,1,0,0,0,21,0
497.26,768,5,2,1,0,0,3,1
1134.57,925,2,2,2,1,0,20,0
280.05,369,3,1,0,0,0,6,1
2211.65,1493,3,1,3,0,0,17,0
1842.49,899,2,2,0,0,0,11,0
1800.47,1210,4,2,0,0,0,17,0
1098.41,1498,0,0,0,0,0,6,0
1660.33,1085,1,1,1,0,0,5,0
5455.28,262,3,1,0,0,0,7,0
824.61,788,4,1,0,0,0,23,0
1259.72,111,4,1,0,0,0,21,0
370.14,1853,3,2,0,0,0,15,0
460.24,942,2,0,0,1,0,8,0
1209.32,141,2,2,0,0,0,12,0
3307.45,745,3,0,1,0,0,6,0
848.71,535,3,0,0,0,0,10,0
866.17,79,8,1,0,0,0,0,0
730.05,1518,3,0,1,0,0,7,0
642.42,1055,3,0,1,0,0,4,0
1472.87,1540,5,0,1,0,1,15,1
245.36,509,1,1,1,0,0,4,0
3947.9,971,5,1,0,1,0,2,0
563.73,1654,0,4,1,0,1,5,1
2257.25,66,4,1,1,0,0,10,1
307.97,1534,1,2,1,0,1,8,0
2140.6,1936,3,1,1,1,0,11,1
2147.25,1395,1,1,0,1,0,4,1
1610.34,287,2,0,0,0,1,6,0
405.68,1200,0,0,1,0,0,12,0
1407.47,123,3,2,1,0,0,13,0
335.94,1255,0,0,1,0,1,13,0
851.7,555,3,0,0,0,0,0,0
3069.94,1004,1,1,0,0,0,14,0
2432.57,4,2,0,4,1,0,2,1
1113.41,1726,2,1,0,0,0,10,0
413.72,1840,0,1,1,0,0,10,0
2091.4,412,6,2,0,1,0,4,0
1118.09,250,3,2,0,0,0,16,0
107.74,1680,1,1,1,0,0,21,0
2398.57,1511,6,1,0,0,0,15,0
1070.38,1369,3,2,2,0,1,18,1
3649.89,1918,3,2,2,0,1,9,1
366.77,1357,4,0,1,1,0,20,0
50.0,453,5,1,0,0,1,18,0
1449.66,158,0,0,1,0,0,20,0
1467.86,1601,4,1,1,1,0,12,0
202.21,837,1,0,0,1,1,20,0
412.2,1014,2,2,1,0,0,16,0
17243.97,1294,1,2,1,0,0,19,0
807.86,1611,3,1,0,0,1,0,1
2277.79,1442,2,0,0,0,0,10,0
572.12,1464,1,2,0,0,0,1,0
135.6,1053,2,2,0,0,0,6,0
924.95,978,3,3,0,0,1,1,1
840.83,335,2,1,2,0,1,7,0
735.18,1262,6,3,1,0,0,0,0
977.85,153,4,2,0,0,0,2,0
1428.34,1630,5,1,1,1,1,7,1
943.77,749,7,1,0,1,0,19,0
309.82,834,4,1,1,0,0,2,1
1783.24,1139,1,1,0,0,0,15,0
156.12,808,3,1,2,0,0,3,0
141.12,1755,3,1,1,0,0,6,1
2296.59,758,3,0,2,0,0,11,0
1820.78,1423,4,0,1,0,1,8,1
1035.46,1056,1,1,0,1,0,23,0
271.66,532,2,0,0,0,1,16,0
540.28,53,4,2,2,0,1,6,0
843.24,718,4,0,1,0,0,0,0
222.32,1755,0,0,1,0,0,20,0
523.73,1219,5,1,0,0,1,8,0
2105.55,1329,2,1,0,0,1,10,0
4570.17,1731,1,0,0,0,1,21,1
720.95,1997,5,4,0,0,0,6,0
2336.68,345,2,3,1,0,0,18,0
161.73,1106,4,3,0,0,0,15,0
2120.59,1,2,0,1,1,0,1,0
490.81,167,3,0,0,0,1,6,0
1491.21,317,2,1,1,1,0,2,1
855.98,1207,3,0,0,0,0,10,0
4106.86,965,1,0,1,0,0,8,0
457.4,898,2,0,2,0,0,4,0
2054.13,1886,3,0,1,0,0,20,0
829.23,273,5,2,1,0,0,13,0
936.07,1693,5,1,1,0,0,7,0
912.46,373,1,2,1,0,0,23,0
470.75,1386,2,2,0,1,0,5,0
1081.28,900,6,1,0,0,0,12,0
1030.04,201,2,0,1,0,0,3,1
1395.82,1216,2,2,0,1,1,8,0
1193.33,1365,2,1,0,1,1,17,1
2435.71,1323,4,1,2,0,0,1,1
2761.44,1530,3,1,2,0,0,23,0
383.51,1612,2,2,2,0,0,16,0
2614.35,140,2,2,0,0,0,12,0
334.84,306,3,1,0,0,0,19,0
1974.08,1220,3,1,3,0,0,1,1
2038.03,1085,3,1,1,0,0,7,0
162.18,1993,2,0,0,0,0,15,0
1203.49,360,3,1,4,0,0,10,0
686.43,307,1,0,0,0,0,4,0
513.49,1504,6,3,0,0,1,20,1
4233.79,333,2,0,2,0,0,4,0
570.39,1890,4,2,2,0,0,20,0
489.62,1107,2,1,1,0,0,20,0
1182.87,334,4,1,0,0,1,0,1
2176.75,517,2,2,0,0,0,14,0
951.8,731,2,0,1,0,0,5,0
3520.54,924,2,1,0,0,0,13,0
1864.92,766,6,2,0,1,0,7,0
124.19,1498,8,2,0,0,0,11,0
645.83,1418,3,1,1,0,0,10,0
625.25,1624,6,1,0,1,0,7,0
1771.11,1745,5,0,0,0,1,7,0
79.45,1716,3,1,1,0,1,7,0
14030.79,1744,5,3,1,0,0,1,0
1865.02,785,5,2,0,0,0,0,0
1272.68,1601,1,1,1,0,1,15,1
3574.45,1404,7,1,2,0,0,3,1
11426.08,21,3,0,1,0,1,4,1
2619.52,1974,2,1,1,0,0,2,0
2832.21,879,1,2,0,0,1,8,0
1249.74,177,2,1,3,1,0,19,0
951.91,1387,2,2,1,0,0,20,0
681.44,22,1,2,1,0,0,19,1
480.05,837,2,0,1,1,0,22,0
551.69,960,1,1,1,0,0,13,0
284.13,548,4,1,1,1,1,22,1
1016.51,250,4,1,0,0,0,2,0
203.43,661,4,0,3,0,0,14,0
1327.32,952,1,0,0,0,0,8,0
1057.51,1097,2,0,0,0,0,16,0
1270.21,1115,7,1,0,0,0,9,1
650.58,1200,1,0,0,0,0,2,0
23786.19,126,4,0,2,0,0,7,0
4273.19,1228,3,2,0,0,0,2,0
315.91,1938,5,3,1,0,0,22,1
1384.19,1270,3,3,0,0,0,13,0
597.05,611,4,0,2,1,0,4,1
397.63,1295,4,1,1,0,0,15,0
287.13,1010,2,0,0,0,0,3,0
1689.55,44,4,1,0,0,0,5,1
554.81,1758,2,1,0,1,0,1,0
2886.58,1965,2,1,2,0,0,17,0
2962.48,1633,2,0,2,0,1,12,1
4332.56,548,1,1,1,0,1,17,0
467.6,1192,5,1,1,1,0,10,0
1764.05,435,3,2,0,0,1,7,0
2064.11,1054,2,2,1,0,0,14,0
682.54,794,2,1,2,1,1,15,1
506.86,1621,6,1,2,0,0,20,0
5483.62,357,6,1,1,0,0,8,0
1376.77,1515,8,2,0,0,0,23,0
2071.37,1657,3,1,0,0,0,22,0
481.99,1823,3,3,0,0,0,15,0
323.99,1272,1,1,1,0,0,1,1
620.52,1720,1,1,2,1,0,9,0
968.72,253,2,1,2,1,0,22,1
378.33,1981,1,0,1,1,0,15,0
1085.89,785,3,0,0,0,1,14,1
202.65,721,5,0,0,0,0,11,0
357.79,1890,3,1,2,1,0,3,1
2145.04,1406,4,0,2,0,1,14,0
2005.78,1560,1,1,1,0,0,23,0
741.09,1658,2,0,0,0,0,2,0
396.33,737,2,0,0,0,0,13,0
392.52,900,1,1,1,1,0,13,0
755.01,1929,2,1,0,1,0,8,1
2089.16,1922,5,1,0,0,0,1,0
2774.56,1443,2,0,2,0,0,7,0
667.45,123,1,0,2,0,0,2,1
346.02,1318,4,2,0,1,0,4,0
1433.46,685,0,3,0,1,0,14,0
481.29,143,1,0,1,0,0,2,0
653.11,1003,2,2,0,1,0,17,1
4126.88,938,4,1,2,0,1,13,0
2507.69,1923,4,0,1,1,0,22,0
1284.31,511,5,1,1,0,1,14,1
307.38,1951,4,1,4,1,0,15,0
1354.78,1972,2,0,0,1,0,8,0
3173.71,1705,3,2,0,0,0,15,0
753.23,57,6,0,0,0,1,5,0
4234.9,42,4,2,0,0,0,10,0
3994.79,821,1,2,0,0,0,12,0
5789.1,1655,2,1,1,0,0,4,1
1488.08,1145,6,2,0,0,0,8,0
1973.16,1848,2,0,0,0,0,23,0
4510.61,1787,2,2,2,0,1,0,1
1715.39,343,1,2,2,0,1,13,1
664.32,332,3,2,0,0,0,12,0
700.26,1480,3,1,0,1,0,12,1
1392.08,1461,3,0,1,0,0,0,0
301.7,341,4,1,1,0,1,6,1
950.27,341,3,0,0,0,0,14,0
3283.11,1440,2,1,1,1,0,21,0
122.58,849,3,2,0,0,0,0,0
5087.2,182,4,2,0,0,0,16,1
3369.01,1701,3,1,1,1,0,16,1
692.45,984,5,0,1,0,0,13,1
1888.22,1288,0,1,0,0,1,17,0
1100.09,1234,4,0,0,0,1,8,0
3751.8,523,5,1,0,0,0,23,0
2929.78,182,1,0,1,1,0,20,0
270.41,1468,3,1,1,0,0,16,0
1972.91,251,2,3,3,0,0,19,0
892.81,138,4,0,1,1,1,20,0
1191.34,1242,3,0,0,0,0,20,0
529.44,751,4,1,0,1,0,9,0
6298.94,454,1,0,1,0,0,19,1
3102.8,883,0,4,0,0,0,5,1
523.34,1873,3,1,2,0,0,1,1
288.7,87,5,0,0,0,0,18,0
745.7,1834,5,1,1,0,0,10,0
1693.42,293,0,3,2,0,0,12,0
1394.38,92,4,1,0,0,0,9,0
3839.64,208,5,0,0,0,1,9,0
2416.12,1228,1,1,0,0,0,6,0
2891.61,186,2,2,1,0,0,2,0
1520.59,1109,4,2,0,0,0,3,0
273.34,1851,4,0,1,0,0,22,0
901.72,1688,3,2,0,0,1,0,0
3165.57,156,2,1,0,0,0,12,0
1041.56,293,0,2,0,0,0,19,0
1813.64,533,3,3,0,0,0,23,0
797.32,161,4,2,1,0,0,8,0
391.58,1410,2,0,1,1,0,6,0
969.38,1509,1,1,0,0,0,8,0
1493.75,1527,1,0,1,0,0,20,0
569.25,851,3,2,1,0,1,9,0
866.35,156,2,1,1,0,1,16,1
428.61,143,4,0,1,0,0,18,0
3358.48,1793,3,2,0,0,0,10,0
816.92,1643,1,2,0,0,0,17,0
4687.97,1308,5,0,0,0,0,23,0
5058.11,562,2,3,0,0,0,5,1
1011.26,35,5,1,0,0,0,11,1
400.03,224,2,1,2,0,0,10,1
136.2,668,2,1,0,0,0,6,0
251.63,393,3,1,0,0,0,23,0
277.6,408,5,0,0,0,0,13,0
4352.34,1727,4,0,0,0,0,3,0
1231.3,1412,2,0,1,0,0,18,1
1619.07,1720,2,1,1,0,0,13,1
119.05,1773,2,3,0,0,0,6,0
330.97,297,3,1,1,0,0,23,0
2662.66,323,3,0,1,1,1,4,1
1460.85,1840,4,1,0,0,1,22,0
946.52,1878,1,1,0,1,0,21,0
1929.16,1512,7,0,1,0,0,11,0
5629.62,1594,1,1,2,0,0,2,0
879.15,39,5,1,0,0,0,15,0
1175.41,505,1,0,1,1,0,5,0
1329.55,1527,1,2,1,0,0,4,0
11993.37,753,1,2,0,0,0,16,0
134.38,1561,1,2,0,0,0,23,0
2171.61,1340,9,1,1,0,0,14,0
977.69,1520,5,0,0,0,0,12,0
1932.89,1141,4,0,0,0,1,4,0
568.29,1366,3,2,0,0,0,5,1
1044.23,1906,3,1,0,1,0,10,0
2233.69,240,4,1,1,0,0,19,0
24659.32,687,5,0,2,0,0,22,0
2460.29,1469,2,1,0,0,0,9,1
469.62,1876,2,1,1,0,0,8,0
717.84,740,2,0,1,0,0,2,0
696.86,997,4,0,0,1,1,1,1
182.06,487,3,1,1,0,0,16,0
788.32,765,3,2,1,0,0,3,1
2282.05,1435,2,1,4,0,0,11,1
306.67,1916,3,0,1,0,0,19,0
3129.04,623,2,1,1,0,1,18,0
1786.07,1777,2,1,0,0,0,0,0
526.24,736,2,1,0,0,0,21,0
951.91,298,3,1,0,0,0,5,0
5422.55,1076,3,2,0,0,0,11,0
2283.69,733,7,1,0,0,1,11,0
1106.31,1001,4,2,0,0,1,9,1
864.64,304,0,1,1,0,0,19,0
1183.95,1312,6,2,3,0,1,2,1
657.36,664,6,0,0,0,0,12,0
133.65,899,1,3,1,0,1,12,1
8452.17,1142,4,1,2,0,1,1,1
1280.91,1947,5,1,1,0,1,21,0
1632.96,1993,6,3,0,1,1,22,1
1034.93,1448,1,0,0,0,1,4,1
525.78,791,1,1,1,0,0,1,0
910.57,647,3,1,0,0,0,2,0
221.54,209,5,1,0,0,0,16,0
10690.24,1151,3,0,0,0,0,12,0
319.09,1317,7,1,1,1,1,22,0
390.74,519,4,1,0,0,0,1,1
706.09,1246,3,1,1,0,0,6,0
3976.18,77,5,2,0,0,0,16,1
1112.66,338,3,2,1,1,0,4,1
318.58,863,6,1,1,1,0,5,0
3844.27,1814,3,2,2,1,1,1,1
2277.88,1870,1,0,0,0,1,10,0
1878.89,1874,2,2,2,0,0,20,1
2243.37,1763,1,0,0,0,0,15,0
12020.42,913,1,2,1,0,0,2,0
9750.71,1299,2,2,0,0,1,12,0
551.85,1887,2,0,1,0,0,20,0
5562.96,807,1,0,2,1,0,11,1
1608.68,1141,2,0,0,0,0,19,0
1806.41,1316,3,1,0,1,0,8,0
201.89,1295,2,2,2,0,0,23,0
924.83,1471,0,5,1,1,0,1,1
486.47,1181,5,0,0,0,0,2,0
2510.05,572,2,0,0,1,0,6,0
3200.56,1208,6,3,1,0,0,23,0
137.76,424,5,4,1,0,0,12,0
1072.73,1680,4,3,3,0,0,12,0
3367.28,673,0,1,1,0,0,14,0
909.89,1625,6,0,0,0,0,14,0
2273.47,1040,4,1,0,0,0,11,0
1558.01,926,6,3,2,0,0,23,0
1543.27,1785,4,2,4,0,0,10,1
836.05,98,2,0,0,0,0,0,0
324.87,1986,2,0,1,1,0,16,1
357.26,1640,8,2,1,0,0,16,0
2229.1,300,3,3,1,0,0,22,0
1118.18,747,5,2,1,0,0,3,1
954.79,1446,1,2,1,0,0,11,0
717.74,1331,4,1,0,0,0,16,0
808.2,1980,6,0,1,0,0,18,0
3124.13,274,2,1,0,0,0,20,0
784.27,261,1,0,0,1,0,18,0
286.84,1263,4,3,1,0,1,6,0
2306.88,936,3,0,1,1,0,14,0
893.48,1798,3,0,1,1,0,8,0
1131.61,332,2,1,0,1,0,11,0
5472.98,115,1,1,1,0,1,17,0
1074.32,268,3,0,0,0,0,20,0
1464.37,12,4,2,0,0,0,16,0
337.34,73,3,2,3,0,0,18,0
880.36,1016,6,1,0,0,0,17,1
2017.32,874,2,2,0,0,1,0,0
231.51,406,1,2,2,0,0,13,1
1340.56,1841,1,2,0,0,0,0,0
1212.93,178,1,0,2,0,1,6,1
1142.86,772,5,2,0,1,0,16,0
3093.81,946,4,0,1,1,0,9,1
1532.17,1283,3,2,1,0,0,15,0
4808.17,400,3,0,1,1,0,14,0
406.02,270,0,1,1,0,1,12,1
1256.3,1856,4,1,0,1,0,17,0
1193.29,1656,3,2,1,1,0,3,1
376.44,1705,4,0,1,1,1,17,0
2853.48,486,2,1,2,0,1,15,0
11211.25,1604,1,3,0,0,0,22,0
1078.14,59,1,0,1,0,1,16,0
1817.14,642,5,0,1,0,1,5,1
1193.35,887,2,2,1,0,0,20,1
537.22,266,5,1,0,0,0,7,1
177.55,75,2,1,0,1,0,12,1
541.44,1114,5,0,0,0,0,9,0
272.61,505,3,0,0,0,0,11,0
6027.59,357,4,1,1,0,0,2,0
977.39,154,4,0,4,0,0,2,1
775.94,1924,1,2,0,0,0,17,0
2668.19,1242,3,1,4,0,0,2,0
357.18,486,1,1,0,0,0,0,0
509.35,1564,2,1,2,1,1,16,0
1173.88,1154,4,1,2,0,0,18,0
3067.96,66,3,1,0,0,0,16,0
1811.09,1168,3,1,0,1,0,9,0
1405.75,380,6,1,1,1,0,14,0
1185.73,1337,1,1,1,0,0,12,1
1636.37,407,3,0,1,0,1,5,0
1341.65,1431,2,2,1,0,0,7,0
391.52,1997,6,1,1,0,0,11,0
1148.35,277,0,1,1,0,0,9,0
374.77,615,4,2,2,0,0,9,1
1189.26,1433,6,1,0,0,0,3,1
678.14,314,4,2,0,0,0,16,0
13896.35,549,4,0,1,1,0,14,0
1053.74,1273,3,1,0,0,1,9,0
269.28,1969,3,0,0,0,0,6,0
958.93,461,3,2,0,0,0,7,0
1843.38,399,3,2,1,0,0,17,0
5845.13,1692,2,0,0,0,0,15,0
608.23,451,1,1,0,0,1,10,0
225.33,471,3,1,1,0,0,1,0
2482.04,1668,4,1,0,0,1,6,0
275.72,1583,4,2,0,0,0,10,0
708.99,1458,3,0,0,0,1,18,0
847.58,956,1,2,1,0,1,11,1
1022.87,1470,3,0,0,0,0,17,0
2184.55,707,2,1,1,0,0,15,0
553.56,103,4,1,3,0,1,12,1
834.03,328,3,0,1,1,0,4,0
1081.09,1707,3,0,0,0,0,8,0
1273.59,601,2,1,0,1,0,10,0
1209.34,246,3,0,1,0,0,15,0
1695.96,1082,0,0,0,0,1,6,0
2549.98,105,4,2,0,1,1,5,1
1623.98,692,1,1,0,0,0,17,0
1726.04,972,5,0,0,0,0,1,0
225.38,1093,3,2,1,0,0,6,0
1153.12,993,2,1,1,0,0,22,0
1771.37,1326,4,1,0,0,0,13,0
2273.19,153,1,0,1,0,0,13,0
548.75,1561,7,1,1,0,0,15,0
567.34,1913,2,3,0,0,1,9,1
617.64,1059,3,1,3,1,0,4,0
1875.09,957,3,1,0,0,0,4,0
3083.69,1039,5,1,1,0,0,7,1
729.63,1130,3,1,1,0,0,2,0
2718.84,730,0,2,0,0,0,0,0
1240.76,1920,2,1,0,0,0,5,0
968.47,74,3,1,0,0,0,18,0
887.68,856,5,1,2,0,0,7,1
2313.72,1955,3,1,1,0,0,15,0
1518.65,285,3,0,0,0,0,13,0
10676.77,1574,4,2,0,0,0,9,0
467.68,1221,6,2,0,0,0,2,0
1841.07,280,2,0,1,0,0,13,0
646.0,787,6,0,0,0,0,4,0
459.76,686,1,0,3,1,1,0,1
1084.78,1841,5,0,1,0,1,12,0
1258.09,1580,2,2,0,0,0,15,0
20295.89,969,2,1,0,0,0,22,0
912.2,1690,3,2,1,1,0,2,1
354.19,1177,3,0,1,0,0,10,0
1440.88,291,1,1,1,1,1,22,0
137.74,932,4,0,0,0,1,7,1
1000.29,1166,2,1,3,1,0,7,1
1114.35,768,2,0,0,0,0,19,0
2427.46,312,2,1,3,0,1,7,1
2903.36,646,3,0,1,0,0,1,0
662.77,1056,5,0,0,1,0,6,0
943.3,26,2,3,0,0,0,3,0
509.73,1935,1,1,0,0,0,9,0
354.94,255,1,4,1,0,0,21,1
1495.02,1969,0,0,0,0,0,5,0
306.87,1759,2,0,0,1,0,0,0
724.42,1080,1,0,1,0,0,6,0
405.38,293,5,1,1,1,0,21,0
1900.14,637,1,0,2,1,0,17,1
6643.74,230,1,0,0,0,1,20,0
298.39,53,1,0,0,0,0,3,0
171.91,954,3,1,0,0,0,14,0
967.88,101,3,1,0,0,0,8,0
1113.98,1491,4,0,0,1,0,8,0
1364.66,1870,1,1,0,0,0,4,0
701.82,804,4,0,1,1,0,9,1
897.27,869,2,0,1,1,0,19,0
1583.69,267,3,1,2,0,0,17,0
3103.95,1819,5,1,0,1,0,17,0
155.24,2,2,1,0,0,0,7,0
758.29,22,4,0,0,1,0,5,1
1358.05,578,7,0,0,1,0,2,1
437.91,212,0,1,0,0,0,18,0
6192.97,1260,1,3,3,0,0,20,1
580.91,1904,2,2,1,0,0,18,0
1052.27,529,0,1,1,0,0,2,0
1912.22,388,3,1,0,0,0,5,0
607.11,14,2,0,0,0,0,11,0
173.02,519,4,2,2,0,0,22,0
714.33,1871,4,0,2,0,1,20,1
3070.02,1246,4,0,0,0,0,21,1
782.98,1936,5,2,1,0,0,20,0
470.39,616,4,3,0,0,0,4,1
2767.42,962,2,0,1,0,1,2,1
787.78,403,6,0,0,0,0,12,0
658.42,1537,2,0,0,0,0,16,0
1273.41,287,5,2,1,0,0,9,0
2370.25,384,3,1,0,0,0,12,0
11869.34,1271,3,0,1,1,0,16,0
2507.99,1924,4,0,0,0,0,13,0
3497.63,1115,2,0,0,0,0,8,0
661.19,826,1,1,0,1,1,16,0
393.13,312,2,1,0,0,0,15,0
1167.16,1461,5,1,0,0,0,23,0
1220.69,726,2,3,0,1,0,5,1
372.97,43,0,0,2,1,1,8,1
920.31,1098,3,2,0,0,0,9,0
1634.87,754,4,1,0,0,0,1,1
1572.46,993,3,1,3,0,0,3,0
1815.81,1585,5,0,0,0,0,13,0
1466.99,1904,2,1,2,0,0,14,0
660.5,876,4,3,0,0,0,23,0
655.96,1340,2,1,1,0,1,9,0
330.65,734,3,0,1,0,0,3,0
6534.0,1886,3,1,1,0,0,22,0
1111.48,144,5,0,0,1,0,5,0
875.81,1353,3,1,2,0,0,9,0
433.2,209,2,0,1,0,0,7,0
20653.87,1123,1,0,0,0,0,19,0
374.9,700,0,0,1,0,0,13,0
714.19,114,4,0,0,0,1,8,0
1662.1,175,0,1,1,0,0,12,0
1998.62,271,3,1,1,0,0,17,1
2858.16,63,5,0,1,0,0,7,0
6684.91,1008,9,0,0,0,0,18,0
1819.21,796,2,0,1,0,0,16,0
381.45,1428,3,0,1,1,0,9,0
848.15,225,4,2,1,1,0,2,0
1491.94,1983,3,1,3,0,1,22,1
8675.22,161,1,2,1,0,0,7,0
271.02,1060,1,1,2,0,0,6,0
3650.34,381,3,0,1,0,0,4,0
1312.8,1677,4,2,1,0,0,6,1
2534.7,318,7,1,0,0,0,16,0
990.3,708,2,0,2,1,0,20,0
472.28,1687,4,0,0,0,1,10,0
2323.6,456,2,0,0,0,0,4,0
2109.97,1293,1,1,0,1,1,1,0
2898.81,344,2,0,0,0,0,15,0
1082.14,1064,5,1,3,1,0,23,1
601.95,1774,4,1,0,0,1,11,0
230.72,414,6,1,0,0,1,17,0
2488.35,1404,7,2,1,0,0,23,0
1675.54,1246,4,1,0,0,0,2,0
417.47,1305,5,3,0,0,0,0,0
639.97,225,0,0,0,0,0,2,0
687.62,1481,3,0,3,0,0,18,0
248.89,1178,3,3,0,0,0,23,0
484.11,280,6,0,1,0,0,5,0
352.89,1377,1,0,0,0,0,17,0
725.98,1063,1,2,1,0,0,21,0
523.9,729,6,1,1,0,0,22,0
215.51,1780,4,0,4,0,0,4,0
8288.22,621,3,1,0,0,0,3,0
3837.36,975,3,1,1,0,0,3,1
503.2,573,2,2,0,0,0,23,0
1440.03,489,4,1,3,0,1,4,1
1664.81,1008,3,1,1,0,0,19,0
3608.64,1969,2,3,0,1,0,23,1
483.67,937,2,2,1,0,0,19,0
3268.57,1222,3,2,0,0,0,1,0
634.03,1300,2,2,0,1,0,15,0
288.34,1196,4,2,1,0,1,22,1
2262.3,784,2,2,1,0,0,7,0
3986.86,508,1,0,0,0,0,19,0
14587.34,405,6,2,1,0,0,21,1
330.39,1295,0,1,1,0,0,13,0
2205.96,1959,3,3,0,1,1,18,1
727.93,1578,4,1,2,0,1,18,0
2400.32,1725,4,1,0,0,0,6,0
252.02,772,4,4,0,1,1,9,0
310.2,664,2,1,3,0,0,10,1
504.78,131,2,1,1,0,0,2,0
1186.74,1650,4,0,0,0,0,6,0
577.62,1409,2,0,1,0,0,18,0
2119.75,1758,2,0,0,1,1,2,1
3062.22,1421,2,3,2,1,0,10,1
1997.35,1590,2,2,2,1,0,0,1
5534.67,1874,3,1,0,0,1,17,0
1662.08,1320,2,0,0,1,0,7,0
324.77,1407,4,0,1,0,0,1,0
4287.15,1536,3,1,0,0,0,7,0
598.75,1419,6,0,1,0,0,16,0
2725.53,1578,4,0,1,0,0,5,0
5290.85,1629,5,1,0,0,0,5,0
1731.4,1284,3,2,0,0,0,15,0
245.63,281,0,1,0,0,0,20,0
437.81,1380,2,1,0,0,0,12,0
4116.44,420,5,1,0,0,1,5,0
926.0,1216,6,0,1,1,0,4,0
1187.46,637,2,1,0,0,1,5,0
2342.15,1452,6,0,2,0,0,17,0
2200.24,808,2,2,0,0,0,2,0
1449.25,348,4,0,2,0,0,20,0
890.1,429,2,0,0,1,0,15,0
802.18,1416,3,0,3,0,1,10,0
2586.08,1365,1,0,0,1,0,13,0
1907.54,547,2,1,0,0,1,17,0
847.85,940,3,3,2,0,1,17,1
3236.06,402,6,0,1,0,0,2,0
963.88,1071,3,0,0,1,1,3,0
467.94,665,8,0,1,0,1,15,0
513.39,750,4,0,2,0,0,19,0
412.1,1449,3,0,1,0,0,0,0
835.13,1541,4,2,0,0,0,7,1
3765.83,960,4,0,1,0,0,21,0
490.24,1982,3,0,0,0,0,20,0
1324.08,637,3,2,1,0,0,12,0
568.68,879,3,0,3,1,0,2,0
845.3,1352,0,3,0,0,1,23,0
242.25,87,0,2,1,0,1,21,0
879.6,515,4,1,0,1,0,8,0
903.52,1004,2,0,5,0,1,12,1
1882.37,1189,1,0,2,0,0,23,0
1370.98,1247,1,0,1,0,0,2,0
330.83,861,0,1,1,0,0,1,0
3242.82,1321,4,0,2,0,0,9,0
1353.3,916,2,2,2,0,1,22,1
1337.28,451,2,1,0,0,0,10,0
1086.61,1367,3,0,0,1,0,5,0
653.43,1960,1,1,1,0,1,10,0
1363.49,341,5,1,1,0,0,7,0
1764.44,1485,1,0,1,1,1,0,1
191.16,1416,5,2,4,0,0,17,1
639.85,1925,2,1,1,0,1,3,1
849.84,1561,3,2,0,0,0,7,0
1416.82,1575,2,0,1,0,1,9,0
3616.68,421,9,1,1,0,1,6,0
506.87,381,5,3,0,0,0,20,0
666.5,1641,4,0,2,0,0,5,0
656.86,5,2,1,2,0,0,9,0
492.0,648,4,1,1,0,0,6,0
774.96,1028,8,0,2,0,0,21,0
2370.37,1705,5,1,2,0,1,7,1
382.28,316,4,2,2,0,0,19,0
1682.13,1846,3,0,2,0,1,16,0
199.96,1942,1,0,1,0,0,10,0
625.57,1102,6,3,0,0,0,16,0
788.8,531,4,2,1,0,0,1,0
5853.88,1741,3,0,1,0,0,22,0
833.14,355,4,0,2,0,0,4,0
121.36,1860,2,2,1,0,0,11,0
148.58,1057,5,3,1,0,0,21,0
1134.59,662,4,1,1,0,0,19,1
2025.9,1729,3,2,3,0,1,19,0
1596.32,1163,3,2,2,0,0,8,1
1296.69,1296,3,1,1,1,0,6,1
3506.1,1220,1,2,0,0,0,21,0
639.32,127,4,0,1,1,0,15,0
2683.59,349,5,1,1,1,0,14,0
214.43,1767,2,1,0,0,0,13,0
443.66,1068,2,2,0,0,0,7,0
180.0,742,5,1,1,0,1,13,0
833.1,728,2,1,0,0,1,1,1
1047.06,244,7,2,1,1,1,15,0
1229.18,9,3,1,1,0,1,12,1
1166.64,1786,3,2,0,0,0,2,1
433.74,712,3,2,1,0,1,1,0
906.65,846,3,2,1,0,0,6,0
245.32,1103,10,2,2,0,0,6,1
4286.51,1781,2,0,0,0,0,4,0
809.47,1214,4,1,0,0,0,1,0
672.58,86,3,1,0,1,0,21,1
5371.92,1509,3,1,2,0,0,9,1
316.64,271,2,2,0,0,0,2,0
355.82,1798,1,1,1,1,0,12,1
366.42,513,3,0,1,1,1,20,1
1024.67,1044,4,1,1,0,0,6,0
1688.56,1513,4,1,2,1,1,5,0
2297.73,1956,1,1,2,0,0,1,1
14357.03,130,1,0,0,1,1,14,0
115.65,838,2,0,2,0,0,3,0
2015.73,770,1,0,1,1,0,14,0
628.21,1667,5,1,1,0,1,2,1
610.08,1031,2,2,1,0,0,6,0
590.06,852,4,0,1,0,0,12,0
441.96,1777,3,1,1,1,0,2,1
5910.73,1728,0,0,0,1,0,15,0
2546.05,937,3,0,1,0,0,18,0
1122.37,1334,5,0,0,0,0,17,0
4234.48,1833,2,1,0,0,0,7,0
241.65,1651,2,1,0,0,0,14,0
289.83,901,3,2,0,0,0,2,0
124.22,473,4,0,1,0,1,4,0
544.89,1126,1,1,1,0,0,9,0
1289.1,338,4,0,0,0,0,9,1
1215.44,319,4,0,2,0,0,14,0
1273.27,1537,3,0,0,0,0,1,0
267.45,1049,2,0,0,0,0,3,0
2448.31,721,5,1,1,0,0,20,0
1393.57,1454,7,0,1,1,0,9,0
2282.56,143,5,2,0,0,0,10,0
165.21,1733,1,0,0,0,0,22,0
1497.41,657,1,0,0,0,1,10,0
334.37,1173,4,0,0,0,0,23,0
737.07,1717,3,2,0,0,0,0,1
1871.26,1079,2,2,2,1,0,11,1
1201.22,471,2,1,0,0,0,9,0
468.0,363,4,3,1,0,1,8,1
1103.53,650,3,0,0,0,0,4,1
237.1,209,4,2,1,0,0,16,0
3464.31,1209,2,1,1,0,0,11,0
893.12,1089,2,1,0,0,1,18,0
3356.15,549,0,1,1,0,0,15,1
647.73,1136,3,1,1,0,0,17,0
649.64,263,1,1,1,0,0,3,0
510.72,1100,3,1,0,0,0,6,0
2633.78,1320,3,1,1,0,1,0,1
539.46,1202,2,0,0,0,1,3,1
2089.32,766,5,1,3,0,1,11,0
748.11,1,3,0,2,0,0,5,1
152.02,148,5,2,0,0,0,10,0
619.98,876,2,3,3,1,1,2,1
337.27,1695,3,1,0,1,0,0,1
1134.45,1860,2,1,2,1,0,18,0
333.48,986,3,0,0,0,0,0,0
2768.26,1804,2,3,0,1,0,5,0
1001.17,1686,0,0,0,0,1,15,0
918.19,1153,3,1,0,0,0,3,0
2113.06,1662,1,4,0,0,1,0,0
2875.28,513,1,0,1,0,0,8,0
1074.81,1923,0,0,0,0,0,13,0
507.15,629,2,2,0,1,0,16,0
186.05,972,1,0,1,0,1,1,1
552.22,1526,2,1,0,0,0,0,1
591.57,1173,6,1,1,1,0,4,1
1220.55,1293,2,0,1,0,0,0,0
776.54,1725,2,1,0,0,1,18,0
2181.86,653,0,1,2,1,0,11,1
594.08,1129,3,1,0,0,1,22,0
1035.83,466,2,3,2,0,0,5,1
3583.11,764,2,0,1,1,0,5,0
1543.53,1020,5,2,0,0,0,2,0
1032.73,929,1,2,0,0,1,22,0
600.68,1926,6,0,1,1,0,7,1
582.17,1305,1,2,1,0,1,14,0
468.43,1431,1,2,0,0,1,17,0
638.42,1880,2,0,2,0,1,10,0
2334.76,1637,3,0,1,0,1,19,0
878.41,794,2,0,0,1,0,3,0
284.36,900,1,1,0,1,0,3,1
6426.4,1382,2,1,2,0,0,17,0
1510.15,675,3,2,1,0,0,4,0
268.56,1009,1,0,2,0,0,6,0
704.97,1227,1,3,0,0,0,4,1
1225.23,1636,4,1,1,0,0,5,0
6030.54,281,3,0,0,0,0,6,0
362.09,916,2,0,1,0,1,23,0
2910.39,1281,7,2,1,0,1,10,0
4444.78,1118,2,1,1,0,1,9,0
584.84,324,4,1,0,1,0,9,0
830.88,791,4,1,2,0,1,10,0
389.04,1763,4,0,0,0,0,8,0
894.75,1386,3,1,1,0,0,1,1
1057.23,1686,3,1,0,1,0,19,0
2121.01,1375,2,1,0,0,1,19,1
3262.29,1086,3,2,1,0,0,20,0
519.0,1665,4,1,1,1,1,9,0
153.34,187,2,1,0,1,1,8,0
1073.58,1604,6,0,0,0,0,18,0
1470.76,915,6,3,1,1,0,11,1
1407.29,542,2,0,0,0,0,1,0
791.02,897,6,4,0,1,0,3,0
1242.34,1328,1,2,1,0,0,19,0
4991.27,1811,4,1,1,1,0,18,0
1606.37,639,2,2,2,1,1,14,0
754.93,436,6,0,1,0,0,7,0
665.01,213,1,0,2,0,0,5,0
925.33,1430,3,2,1,0,1,9,1
5634.93,818,2,1,1,0,0,6,0
912.97,962,3,3,0,0,0,15,0
1075.14,1158,3,0,0,0,0,3,0
677.01,960,0,0,1,0,0,11,0
3291.12,917,3,2,1,0,0,15,0
7784.09,993,4,0,1,0,0,17,0
1720.92,915,1,0,0,0,0,17,0
1191.27,1243,6,0,4,0,1,8,0
1137.72,421,1,3,0,0,0,2,0
101.06,319,3,0,1,0,0,23,0
2310.34,1181,1,0,1,1,0,13,0
1254.09,188,4,2,0,0,0,7,0
1683.01,1500,4,0,1,0,1,14,0
538.37,162,2,5,4,0,0,21,1
746.61,129,2,0,1,0,0,17,1
727.04,304,4,2,0,1,1,11,0
3046.12,1113,3,1,1,0,0,17,0
750.88,1919,2,1,2,0,0,15,0
8801.35,917,3,0,1,1,1,3,1
1687.26,1186,4,1,0,0,0,21,0
306.22,922,2,1,0,0,0,5,0
964.35,1060,3,2,0,0,0,16,0
571.53,1251,1,3,1,0,0,11,0
122.19,151,5,0,0,0,0,21,0
5428.79,593,4,3,1,0,0,23,0
2215.3,47,4,1,1,0,0,4,0
1869.09,1740,4,2,1,1,0,13,0
1293.88,940,2,1,2,0,0,9,0
275.33,660,0,0,0,0,0,22,0
676.13,231,3,0,1,0,0,18,0
2544.73,1563,3,2,0,0,0,7,0
383.29,1002,1,1,1,1,0,20,0
87.2,1725,2,1,2,0,0,17,0
873.84,165,2,1,3,0,0,19,0
951.69,724,4,1,2,0,0,23,0
1255.84,820,2,1,0,0,0,11,0
2272.23,1611,1,2,0,0,1,14,0
2074.77,1628,1,2,1,0,0,11,0
1420.51,1598,3,3,0,0,0,12,0
3624.72,1090,2,2,0,0,0,6,0
240.09,1944,7,1,0,0,1,19,0
1816.35,1104,1,2,1,1,0,22,1
2051.93,140,6,0,0,0,0,16,0
317.49,400,5,0,0,0,0,9,0
243.99,1956,4,0,0,0,1,16,0
520.12,130,4,1,2,0,0,13,0
565.92,985,0,0,1,0,0,22,0
2329.52,766,2,0,1,0,0,19,0
593.16,446,1,1,0,0,0,4,0
465.75,1856,3,0,0,0,0,20,1
594.88,29,2,0,0,0,0,6,1
3356.43,1226,5,0,1,0,0,21,0
1111.03,1261,3,2,2,0,0,18,0
916.67,1623,3,0,1,0,0,20,0
982.4,1632,5,1,1,1,0,17,1
3992.05,799,2,2,0,1,1,1,0
518.44,1363,7,1,0,0,1,3,1
4086.76,1423,3,1,0,0,0,15,0
1353.56,1463,2,1,2,0,0,14,0
934.1,289,3,1,0,0,0,1,1
13371.76,1276,1,2,1,0,0,0,0
381.6,977,0,1,2,0,1,23,1
769.94,1716,3,0,0,0,0,5,0
319.76,100,4,1,0,0,0,21,0
2842.56,1940,1,2,1,0,0,19,1
5938.36,1609,2,0,0,0,0,11,0
5825.05,422,3,1,0,0,0,8,0
3729.2,643,6,0,0,0,0,19,0
899.99,694,5,0,1,0,0,9,0
761.1,706,2,3,0,0,0,0,1
206.2,18,1,0,1,1,0,19,0
8399.05,471,4,0,1,0,0,12,0
1752.81,1662,4,0,0,0,0,5,0
670.51,723,3,1,0,0,0,9,0
4138.37,1031,1,2,0,1,0,11,0
414.57,419,6,2,0,0,1,5,0
1646.85,380,4,1,0,1,0,3,0
922.76,508,2,2,1,0,0,16,1
2076.99,114,1,0,4,1,0,15,1
1029.09,852,6,0,0,0,0,6,0
257.0,511,2,1,0,0,1,17,0
1182.72,1620,2,0,0,0,0,9,0
3130.24,851,4,1,0,0,0,4,0
1065.06,1897,3,0,0,1,0,21,0
2380.62,976,2,2,0,0,0,8,0
385.47,614,4,0,1,0,0,18,0
1068.21,469,6,6,0,1,0,22,1
587.27,93,2,0,2,1,1,8,0
2314.57,1516,4,1,2,0,1,0,0
1131.72,1852,2,1,1,0,1,5,0
2186.54,1126,6,1,0,1,1,21,0
3254.23,493,4,1,1,0,1,19,0
2189.92,763,3,0,1,0,0,9,0
1441.04,1560,2,1,2,0,0,16,0
404.15,1509,7,2,1,0,1,21,0
1093.58,989,5,1,2,0,0,21,0
643.49,479,1,0,1,0,1,4,0
777.39,877,6,1,0,0,0,7,0
754.06,167,2,1,0,0,1,1,0
411.61,140,6,2,0,0,1,4,1
154.88,94,5,1,2,0,0,12,0
562.2,1205,3,3,1,0,0,1,0
1330.59,576,4,0,0,0,1,0,0
284.81,1028,4,0,1,0,0,1,0
1113.97,606,3,2,2,0,0,17,1
7333.94,1413,3,1,1,0,0,0,1
3050.49,1296,2,1,1,0,1,4,1
5673.39,1819,3,1,2,0,0,3,1
1621.53,1156,3,0,1,0,0,10,0
3524.56,584,0,0,1,0,1,18,0
531.68,816,1,1,2,0,0,23,0
575.74,1928,6,1,0,0,0,6,0
70.87,593,3,1,1,1,1,3,0
3590.85,1536,3,1,2,0,0,0,0
5117.0,686,1,1,1,0,0,7,0
630.7,1836,2,1,1,0,0,12,0
850.69,963,0,2,1,0,0,15,0
516.02,987,2,2,1,0,0,22,0
1607.85,1076,4,1,2,1,1,18,1
3377.64,1314,2,1,1,0,0,4,0
191.95,446,5,1,1,0,0,0,0
1651.5,237,3,1,0,0,0,16,0
831.58,1813,2,0,1,0,0,9,0
1228.31,1515,7,0,2,0,0,16,0
1735.4,1304,0,0,0,0,1,7,0
908.5,1068,3,1,1,0,0,13,0
988.72,882,1,1,2,0,0,14,0
885.48,766,4,1,3,0,0,15,1
2893.77,937,2,1,1,0,0,3,0
1666.97,1949,0,2,1,0,0,4,0
1367.29,359,4,0,1,0,0,17,0
307.68,646,4,1,0,0,0,22,0
751.01,1592,3,2,2,0,0,22,1
2693.7,1550,3,1,0,0,0,16,0
1138.76,690,4,1,0,1,0,14,0
2120.76,462,3,2,1,0,0,22,0
6415.75,101,1,0,3,1,0,10,1
3098.29,692,4,0,2,1,0,14,0
1203.7,984,3,2,0,0,0,19,0
657.87,1485,2,0,1,0,0,22,0
85.32,769,4,2,0,0,0,1,0
926.69,268,4,0,2,0,0,11,0
791.55,883,4,0,2,0,0,7,0
1620.3,1386,3,0,2,0,0,12,0
940.2,408,5,2,2,0,0,11,0
796.01,1061,4,1,0,0,0,13,0
185.05,468,1,0,1,0,0,19,0
428.39,1990,2,0,0,1,1,0,1
1766.32,1740,5,2,0,0,0,22,0
6099.17,259,3,0,2,0,1,13,0
994.73,509,3,1,0,0,1,13,0
1522.05,1691,2,1,1,0,1,16,0
2842.61,1774,1,0,0,0,1,23,0
487.41,309,4,3,1,0,0,5,0
1582.58,1636,4,1,3,1,0,20,0
522.96,1297,4,0,1,0,0,16,0
2604.05,625,2,0,1,0,0,11,0
1275.89,110,3,0,2,0,0,23,0
1478.01,1679,1,1,1,1,0,6,1
501.4,679,3,0,0,1,0,11,0
2223.93,1284,5,3,0,0,0,12,0
8819.43,1681,1,2,0,0,0,22,0
400.25,742,2,3,0,0,0,5,0
780.74,907,3,0,0,0,0,21,0
1382.44,268,3,1,1,0,0,8,0
2407.65,1056,3,0,0,0,0,13,0
626.69,1947,0,4,0,1,0,10,0
64.52,940,1,1,0,0,0,14,0
4269.23,811,4,0,1,0,1,12,1
2346.09,1755,4,2,1,0,0,15,0
191.91,1201,2,0,0,0,0,4,1
597.31,104,2,1,2,0,0,16,0
5261.56,1260,3,0,0,0,0,21,0
4664.78,1117,7,1,3,0,0,13,0
2803.55,201,4,1,1,0,0,7,0
919.55,1835,2,1,0,0,0,2,0
1191.52,899,1,0,1,0,0,1,1
962.06,743,2,0,0,0,0,15,0
3388.83,925,4,0,1,1,0,7,0
456.76,1791,2,3,0,0,0,1,0
489.9,597,4,0,0,0,0,0,0
3011.74,1059,1,1,0,0,1,21,0
1049.05,1141,6,1,1,0,0,21,0
4352.33,688,3,1,0,1,0,11,0
560.31,1482,5,0,1,0,0,23,0
1038.18,1495,4,1,1,0,0,9,0
435.98,1959,5,4,0,0,0,6,1
1104.74,920,0,0,0,0,0,4,0
250.0,788,5,3,1,1,1,7,1
673.42,399,5,1,1,0,1,10,0
260.8,597,1,3,1,0,1,8,0
2194.97,117,4,2,0,0,0,5,0
2245.29,362,2,0,0,0,0,0,1
194.36,204,3,1,2,0,1,4,1
4162.56,1170,2,0,0,0,0,18,0
13325.24,444,1,1,1,0,1,0,0
1148.26,727,1,4,2,0,0,22,1
577.6,1641,2,1,0,0,0,3,0
18477.9,861,4,0,0,0,0,17,0
293.25,1321,1,0,0,0,1,15,0
1118.91,868,2,0,1,0,0,2,0
1312.41,1605,4,2,1,1,0,1,0
4209.7,1511,2,1,1,0,0,16,0
1571.43,767,2,1,3,0,0,15,0
666.05,1255,0,0,1,0,0,21,0
423.61,1227,5,1,0,0,0,22,0
779.13,362,0,1,2,0,0,21,0
400.64,395,6,3,0,0,0,18,1
1150.35,248,5,3,0,0,0,9,0
623.78,1464,2,0,0,1,0,19,0
246.16,914,4,1,1,0,0,23,1
3847.37,1420,5,0,0,0,0,23,0
666.69,761,3,1,1,0,1,12,1
308.54,656,1,1,0,0,0,0,0
926.8,1819,3,0,2,0,0,16,0
1174.23,356,6,3,1,0,0,22,0
191.24,1425,1,0,1,0,0,18,0
1527.9,241,2,1,0,0,0,4,0
384.85,1365,8,2,1,0,0,4,0
6069.48,1911,4,0,1,0,0,15,0
1851.89,229,1,1,1,0,0,12,0
735.17,1567,2,1,0,1,0,6,1
520.52,621,2,2,0,0,0,12,0
987.36,931,0,1,3,0,0,8,1
2023.92,1563,4,0,2,0,0,7,0
1069.03,855,3,2,0,1,0,5,0
882.57,1696,5,1,0,0,0,9,0
1162.55,529,5,2,1,0,0,20,1
599.53,267,4,1,1,0,0,4,0
778.05,1153,0,0,2,0,0,17,0
136.21,220,3,1,2,0,0,19,0
2903.66,1106,2,0,1,1,0,5,0
1478.52,561,2,0,0,0,0,0,1
506.0,1577,6,2,0,0,1,11,0
7322.7,1044,3,1,1,0,1,5,0
1196.33,1351,4,1,2,0,0,23,1
389.11,1061,3,0,1,1,1,15,0
2583.08,382,3,0,0,1,0,23,0
1632.79,1936,3,1,0,0,0,7,0
1627.14,39,5,1,0,0,1,11,0
716.4,1133,4,0,2,0,1,5,0
1720.72,429,5,0,0,0,0,20,0
844.08,1088,3,2,3,0,0,13,0
1912.07,1199,2,3,1,1,0,0,1
163.21,791,0,0,0,0,0,18,0
710.61,32,3,0,1,0,1,6,1
6137.39,945,2,4,1,0,0,9,0
509.25,1745,5,3,0,0,1,3,1
599.54,1915,3,1,0,1,0,21,0
700.67,531,2,0,3,1,1,22,0
325.45,106,3,2,1,0,0,21,0
120.51,482,4,0,0,1,1,10,0
870.8,206,2,1,0,0,1,14,0
1256.22,1271,6,0,1,1,1,11,0
1040.54,835,1,0,1,0,0,10,0
948.73,1703,4,3,2,0,0,20,1
1144.86,89,1,3,1,1,1,23,1
3049.83,1340,2,0,0,0,0,22,0
906.47,1035,1,2,2,0,1,7,0
617.65,1073,6,1,4,0,0,13,1
827.89,1935,3,3,0,0,0,21,0
1957.35,896,1,0,3,0,0,11,0
4500.87,1597,2,3,0,0,0,16,0
585.14,1195,4,3,2,0,0,17,1
1210.68,143,1,1,1,0,1,3,0
1538.18,207,1,3,0,0,0,19,1
406.43,1487,8,3,1,0,0,4,1
1119.25,509,3,1,0,0,0,11,0
253.24,1225,4,0,0,0,0,9,0
186.97,5,4,2,1,0,0,15,1
1582.48,211,3,2,1,1,0,9,1
747.04,29,2,0,0,0,0,18,0
1342.49,1214,3,2,0,0,1,14,1
1077.18,188,6,0,0,1,0,5,1
413.06,1861,4,2,0,0,0,14,0
1048.11,1791,4,1,3,0,0,18,1
319.55,1174,4,1,1,0,0,13,0
4407.1,525,3,1,4,0,0,19,0
282.6,946,3,0,1,0,0,9,0
901.64,1908,1,0,1,1,0,12,0
386.73,1967,2,5,3,0,0,19,1
1939.96,1390,2,2,0,0,0,8,0
787.27,157,1,1,1,0,0,22,0
652.84,80,4,1,1,0,0,6,0
2573.96,1892,2,0,0,0,0,2,1
1129.39,1297,6,1,0,0,0,20,0
1838.39,660,4,0,0,0,0,10,0
411.03,1742,5,0,1,0,0,17,0
269.13,626,5,0,1,0,0,2,1
1220.73,1542,2,2,0,0,0,11,0
797.24,1814,3,0,1,0,0,0,0
2051.72,232,2,0,4,0,0,3,1
1012.41,1673,9,1,0,0,0,23,0
1346.25,160,4,2,0,0,0,19,0
216.29,344,2,0,1,0,0,2,0
7247.68,1313,3,0,1,0,0,11,0
930.53,205,4,2,2,0,0,16,0
2203.03,995,5,0,0,0,0,14,0
475.28,838,4,1,0,0,0,17,0
1492.2,305,1,0,0,0,0,19,0
298.02,1384,1,0,1,0,0,15,0
1723.42,670,3,1,0,0,0,22,0
768.18,1894,2,2,0,0,0,12,0
1129.12,400,5,2,0,0,1,4,0
2203.88,1473,1,1,1,0,0,14,1
319.72,106,3,3,0,1,0,19,1
553.08,1106,2,2,1,0,0,0,0
1732.51,342,4,3,1,0,0,9,0
8939.38,986,1,0,1,0,0,17,0
955.2,1806,1,3,1,0,0,18,0
1980.56,952,2,3,0,0,0,5,0
985.38,1445,2,0,1,0,0,1,1
7648.35,49,2,0,0,0,0,22,0
191.1,206,2,1,0,0,0,20,0
1205.47,1242,5,2,0,0,0,9,0
215.82,1842,3,0,0,0,0,3,0
89.43,1700,3,4,1,1,0,0,1
1476.55,1460,1,1,1,0,0,12,0
1260.8,791,5,0,0,0,1,1,1
824.82,1346,1,1,1,0,0,5,0
986.15,231,3,1,2,0,1,1,1
24301.65,1735,2,4,0,1,1,2,1
847.11,1511,4,2,3,0,0,21,1
1826.44,1453,3,0,0,1,0,11,0
572.86,883,4,0,5,0,0,5,1
1473.26,726,4,2,0,0,0,12,1
864.17,284,1,1,1,0,0,10,0
727.4,1510,2,1,0,0,0,9,0
6760.81,276,6,2,0,0,0,19,0
3558.82,433,2,2,0,0,0,22,0
1257.33,1209,3,0,4,1,0,10,0
109.49,1746,6,0,0,1,0,7,0
764.32,633,1,1,1,0,0,13,0
16367.08,216,3,1,0,0,0,16,0
870.74,97,2,0,1,0,0,9,0
3305.09,955,6,1,1,0,0,7,0
4637.55,1143,6,1,0,0,1,11,1
1365.07,365,5,2,1,0,0,21,0
472.57,1818,5,0,0,0,0,13,0
96.03,1427,0,0,0,0,0,11,0
2173.65,1008,4,1,1,1,0,14,0
485.53,618,7,1,1,0,0,3,1
1307.86,397,4,0,0,0,1,23,0
314.25,458,4,3,2,0,0,21,0
841.14,318,2,0,1,1,0,14,0
1134.24,382,4,1,1,0,0,11,0
1434.53,142,4,1,0,0,1,17,0
359.67,457,2,0,0,1,0,11,0
3629.72,501,1,2,0,0,0,8,0
603.72,1931,3,1,0,0,0,3,0
205.52,323,2,3,0,0,0,20,0
983.36,1000,4,0,0,0,0,20,0
1134.99,268,1,1,0,0,1,23,0
1287.67,1827,6,5,1,0,1,4,1
4281.82,487,3,0,1,0,0,8,0
865.71,878,1,2,0,1,0,11,0
973.0,679,2,2,2,0,1,20,0
363.88,1184,2,0,1,0,0,23,0
2491.28,1767,1,0,0,0,1,17,0
1318.58,14,2,1,0,0,0,17,1
720.52,1004,4,0,0,0,1,1,1
163.26,705,1,0,0,0,0,3,0
4649.02,155,4,0,0,0,0,12,0
321.28,101,4,2,1,0,0,23,1
607.12,572,3,2,0,0,0,21,0
1569.24,1067,9,2,0,0,0,16,0
331.44,1217,4,1,0,0,0,13,0
246.29,1335,1,3,1,0,0,1,1
131.11,621,2,3,1,1,0,18,0
2255.21,1629,7,1,2,0,0,17,0
635.76,1752,3,1,1,0,0,18,0
20481.35,1015,2,2,0,0,1,19,0
405.71,465,3,0,2,0,0,12,0
436.4,1187,3,0,4,0,0,16,1
623.04,351,4,0,1,0,0,14,0
1398.47,234,5,2,0,0,0,11,0
685.26,1952,3,1,1,0,0,2,0
2022.99,403,3,3,1,0,1,3,1
412.16,351,3,1,1,1,0,11,1
275.45,1191,2,1,0,0,1,15,0
181.6,1172,3,2,1,0,0,4,1
118.68,28,4,1,1,0,0,13,0
653.23,259,6,0,2,0,0,22,1
811.61,1952,3,1,0,1,0,2,1
583.22,1622,2,2,1,0,0,2,0
3802.47,620,6,1,2,0,0,8,0
3744.45,1466,2,0,0,0,0,15,0
784.62,1974,4,2,0,1,1,1,1
182.38,1962,2,0,0,0,0,18,0
622.22,1653,3,1,0,0,0,14,0
601.95,876,5,0,1,0,0,12,0
568.42,1551,4,1,2,0,0,23,0
545.82,1235,1,1,0,0,0,11,0
570.51,1854,3,2,2,0,0,16,0
745.06,543,3,3,0,0,0,4,0
580.83,1469,2,1,1,0,0,6,0
1350.62,1818,2,1,1,0,1,0,0
1572.42,453,4,1,0,0,1,8,0
441.14,697,3,1,0,0,0,5,0
3909.11,404,5,0,1,0,0,5,0
411.55,1019,3,1,1,0,0,11,0
217.5,1090,2,0,0,0,0,16,0
1604.84,1429,2,1,0,0,0,7,0
484.25,883,2,0,1,1,0,22,0
1512.16,1852,4,0,1,0,0,14,0
99.12,575,4,1,2,0,0,20,0
4413.64,1459,6,1,1,0,0,6,0
2148.0,1252,1,2,0,0,0,14,0
244.58,1500,2,0,0,1,0,4,0
249.94,1492,3,3,0,0,0,14,0
5838.71,1125,0,1,0,0,1,10,0
524.59,423,1,1,2,0,0,22,0
476.19,1380,2,0,1,0,1,14,0
113.74,1163,1,1,0,0,0,21,1
772.18,1655,4,1,2,0,0,22,1
873.3,1593,4,2,2,1,0,18,0
2242.83,1155,5,2,0,0,0,18,0
270.68,549,1,1,2,0,0,12,0
239.78,468,3,1,0,0,0,12,0
1721.52,1504,7,1,2,0,0,7,0
3001.09,111,5,0,1,0,0,3,0
227.89,153,5,1,0,0,0,18,0
3234.13,917,3,1,2,0,0,6,0
1138.59,762,2,2,1,0,0,17,1
3267.58,1266,3,3,0,0,0,21,0
1022.27,720,4,0,1,0,0,2,0
88.03,880,3,1,1,1,0,16,0
942.03,682,2,1,0,0,0,0,0
3165.75,769,4,0,2,0,0,0,1
448.65,279,1,0,2,0,0,5,0
744.0,363,2,1,1,0,0,15,0
919.53,1649,1,3,0,0,1,23,1
60.37,1432,4,1,1,0,0,1,0
5833.35,1199,2,1,2,0,1,5,1
445.24,601,1,2,1,0,0,15,0
1818.44,1159,3,0,2,0,1,7,1
1005.56,1530,4,0,0,1,0,20,0
3856.9,294,2,2,1,0,0,8,0
1645.92,1519,1,0,0,0,1,4,0
867.03,1839,4,0,1,0,0,9,0
448.76,871,0,0,1,0,0,3,1
2435.36,1443,6,1,2,0,0,1,1
168.44,1230,0,1,2,0,1,8,0
2092.03,1342,5,2,2,0,0,5,1
365.39,73,2,2,1,0,0,15,1
3836.38,259,3,4,0,0,0,8,0
1288.58,1382,2,2,0,1,0,11,0
2088.34,1172,1,0,0,0,0,1,1
1190.33,1249,3,2,0,0,0,4,0
190.11,1129,0,1,1,0,1,21,0
463.72,1580,1,0,1,0,0,1,0
2148.21,1952,3,1,0,0,0,13,0
1295.5,356,0,1,1,0,1,0,0
3572.39,1562,0,2,1,1,1,21,1
1641.35,1840,1,1,2,0,0,22,1
417.09,1285,3,1,0,0,1,13,1
494.69,571,3,1,1,1,1,3,1
1215.51,573,1,2,0,0,0,12,0
108.41,817,4,0,1,0,0,19,0
5845.58,1950,3,0,3,0,1,22,0
1705.73,1937,2,2,1,0,0,19,0
3740.72,1094,3,0,0,0,0,2,0
225.74,1978,4,0,1,0,0,23,0
3806.88,1471,4,2,0,0,1,2,0
10213.84,1981,3,0,1,0,1,5,0
292.69,447,5,3,1,0,0,17,0
2371.79,783,4,2,1,0,0,16,0
1097.85,1281,10,0,0,0,0,19,0
234.06,909,1,0,1,0,0,12,0
1795.22,944,2,0,1,0,0,18,0
2524.01,896,1,2,0,0,1,10,1
601.17,930,2,2,0,0,0,15,0
3518.95,637,2,5,2,0,0,13,0
207.11,926,0,0,1,0,0,1,1
245.98,531,2,0,0,1,0,4,0
1257.14,119,6,1,0,1,1,1,1
1124.83,1856,1,0,0,0,0,21,0
535.62,66,4,0,5,0,1,22,1
2464.13,245,3,0,0,1,0,17,0
1864.77,57,2,0,1,0,0,21,0
2586.7,1068,3,6,0,1,0,9,1
969.58,524,3,1,0,0,1,5,0
2003.36,1914,7,1,2,1,0,2,1
702.29,424,3,1,1,0,0,1,0
8551.13,1772,3,0,0,1,0,8,0
486.61,1560,2,4,0,1,0,6,0
9002.86,395,5,2,0,0,1,20,1
1135.57,450,6,0,0,0,0,10,0
277.13,1281,0,1,2,0,0,8,0
4307.36,954,2,0,1,0,0,22,0
1243.77,1820,1,3,0,1,0,18,0
2568.62,1860,4,2,1,0,1,1,0
3728.85,1385,2,2,0,1,0,5,0
1537.57,763,5,1,0,0,0,10,0
606.53,1630,1,2,1,0,0,22,0
2909.43,1404,5,1,0,1,0,8,0
1097.46,443,5,2,0,0,0,10,0
2177.34,967,2,0,2,0,0,23,0
127.26,892,0,0,0,0,0,17,0
1714.68,534,2,1,0,0,0,1,1
579.06,1498,1,3,0,0,1,8,1
5729.08,157,5,1,2,0,0,23,0
2044.87,89,4,0,2,1,1,20,0
1393.9,202,5,1,3,1,1,6,1
1783.46,980,3,1,0,0,0,15,0
404.06,462,2,2,2,0,0,6,0
5559.46,1505,4,1,1,0,0,6,0
8033.46,709,1,2,0,0,0,10,0
1624.43,1581,1,0,1,0,0,4,0
5379.78,454,2,0,0,1,1,15,0
620.7,1494,2,1,0,0,0,20,0
494.17,380,5,0,0,0,0,20,0
1142.44,401,3,0,1,1,0,21,0
1694.16,1103,1,2,2,0,1,14,0
739.53,551,3,1,0,0,0,19,0
1877.63,936,6,1,0,0,0,1,0
1489.79,1820,5,3,1,0,0,1,1
404.11,1013,2,0,1,0,1,3,0
1842.34,1410,5,4,1,1,0,21,1
2600.68,978,3,0,1,0,0,11,0
1301.76,1691,3,1,0,0,0,23,1
3472.56,661,6,1,1,0,0,10,0
324.6,1367,2,2,1,0,1,18,0
1751.01,903,4,1,2,0,0,17,1
340.26,445,2,1,0,1,1,13,1
359.93,52,2,0,1,0,0,5,0
583.51,1275,3,1,0,0,0,10,1
427.49,1968,2,1,0,0,1,1,0
633.97,1918,3,2,1,0,0,9,0
885.23,1683,3,2,2,0,0,11,0
2532.99,329,4,1,0,1,0,3,1
795.4,1932,5,1,1,0,0,17,1
224.61,1518,2,2,0,1,0,10,0
3429.15,1374,4,2,0,0,0,22,0
474.81,1991,3,1,3,0,0,1,0
1034.09,770,5,1,0,0,0,0,1
1713.92,1809,2,1,0,0,0,2,0
1338.91,1483,2,1,1,0,0,14,0
3275.35,498,4,0,1,0,0,15,0
1770.47,125,5,1,0,0,0,20,0
463.45,204,6,2,3,0,0,23,1
9687.21,768,5,1,3,0,0,23,1
1331.86,643,1,1,0,0,0,19,0
946.39,1045,3,1,2,0,0,9,1
2875.34,590,5,0,1,0,0,11,0
1407.33,1871,4,1,3,1,0,9,1
1634.72,1587,5,3,4,0,0,11,1
13255.71,362,4,3,2,0,0,18,0
832.87,361,3,3,1,0,0,1,0
798.1,1802,2,0,3,0,1,21,1
1232.23,1140,4,1,0,1,0,15,1
3201.95,55,5,0,0,1,0,17,0
243.1,292,2,1,1,0,0,10,0
153.61,1075,3,1,2,0,0,3,0
609.65,842,1,1,1,0,0,21,0
214.02,785,4,0,0,0,1,9,0
717.07,254,5,1,0,0,0,2,0
1812.57,492,6,1,0,0,0,17,0
450.0,985,2,1,0,0,0,9,0
263.27,573,3,0,1,1,0,22,0
1175.37,859,2,4,1,0,0,8,0
2598.12,993,4,2,1,0,0,23,0
201.35,1995,4,1,1,1,0,8,1
2490.48,1933,7,1,1,1,1,17,1
2483.21,961,3,0,0,0,0,4,0
2847.18,1887,3,0,2,0,1,15,0
3708.86,225,5,1,0,0,1,22,0
9917.08,1493,1,1,1,0,1,15,1
768.09,1872,3,2,3,0,1,1,0
1223.62,103,5,0,0,0,0,18,0
723.11,970,8,0,1,0,0,8,0
1098.8,1072,2,1,0,0,0,18,0
5079.02,737,2,1,0,0,0,1,0
285.71,1366,5,0,0,1,0,1,0
463.57,233,3,5,0,1,1,21,0
4346.74,1606,3,2,1,0,0,2,0
3041.29,1583,1,3,0,0,0,14,0
762.7,228,2,1,1,0,1,10,0
2577.05,1007,3,0,1,0,0,0,0
1542.59,522,3,0,3,0,0,2,1
4916.12,1721,2,1,1,0,0,3,0
1181.46,1616,4,0,2,0,0,2,0
3058.35,13,2,1,2,0,0,3,0
15398.29,1523,3,0,1,0,0,11,0
1994.4,445,4,1,0,1,0,6,1
1152.08,1850,2,1,1,0,1,7,0
2258.48,340,4,0,2,0,0,10,0
761.07,1348,5,2,1,0,0,21,1
11943.8,1620,4,1,1,0,0,3,0
1313.0,598,3,3,2,0,0,18,1
834.7,157,0,0,1,0,0,1,0
475.47,656,2,0,0,0,1,17,0
3285.32,1003,0,2,0,0,1,22,1
2610.21,1599,2,0,3,1,1,16,0
666.9,1455,6,0,0,0,0,18,0
1951.69,1579,2,1,0,0,0,10,0
242.61,1431,2,2,0,0,0,20,0
1319.45,1182,4,1,2,0,0,21,0
1724.61,1209,5,1,0,1,1,12,1
6047.07,798,4,0,1,0,0,2,0
507.34,491,5,1,2,0,1,10,1
305.41,835,2,1,0,0,0,1,0
447.9,952,4,2,4,0,0,14,1
288.14,1560,5,0,2,0,0,20,1
4174.11,357,6,1,0,1,0,17,0
5159.73,717,3,0,1,0,0,19,0
1510.53,362,4,1,1,1,0,16,0
3719.32,1248,0,0,0,0,0,1,0
1253.83,1637,1,0,1,0,0,14,0
997.14,1228,4,1,0,1,0,13,0
786.0,8,4,1,0,0,1,17,0
804.01,472,0,1,1,1,1,19,0
233.27,172,1,0,2,0,1,23,0
1428.32,1744,3,3,2,0,0,13,1
1053.28,96,8,1,1,1,0,2,0
2310.83,674,1,2,0,0,0,3,1
1204.14,1827,3,0,0,0,0,0,0
931.97,608,2,2,0,0,0,13,0
458.89,1330,2,1,0,0,0,13,1
1178.68,1681,2,1,3,1,0,4,1
2294.42,1282,3,3,0,0,0,21,0
349.56,474,3,1,1,0,0,22,0
1196.88,1974,1,0,1,0,0,19,0
1384.43,1324,2,0,0,0,0,13,0
534.82,1489,1,0,0,0,0,13,1
609.2,614,6,0,1,0,0,16,0
1381.07,689,3,1,0,0,0,5,0
353.04,898,2,0,1,0,0,0,1
1556.08,1352,6,0,0,0,0,13,0
447.93,110,5,1,0,0,0,4,1
3174.34,710,4,1,1,1,0,1,1
11359.71,1929,5,0,2,1,0,23,0
463.7,1153,2,0,2,1,0,15,0
1870.96,965,3,0,2,0,0,5,0
530.2,871,5,1,0,0,0,14,0
3105.58,1161,2,1,0,0,0,20,0
309.43,1934,3,0,1,1,0,10,0
1773.28,1563,0,1,0,0,0,9,0
458.06,649,5,0,0,0,0,16,0
891.6,1188,4,2,2,0,1,6,0
391.1,349,3,1,0,1,0,23,0
2495.76,463,3,0,0,0,0,11,0
474.86,1892,4,0,0,1,0,23,1
1904.48,1667,2,0,0,0,0,9,0
777.36,1528,4,3,1,0,0,11,0
978.02,885,3,1,0,1,0,11,0
1271.25,1175,5,2,0,0,0,7,0
511.92,1914,1,0,0,0,1,5,0
1353.39,246,3,0,0,1,0,10,0
5066.14,1134,4,0,0,1,0,3,1
503.66,1609,3,0,2,0,1,18,0
3539.75,798,8,0,0,0,0,19,0
4905.43,1299,0,1,1,0,1,10,0
484.85,870,1,4,1,0,0,14,0
255.94,1091,5,2,0,0,1,2,0
1483.21,1074,5,0,0,0,0,1,0
634.34,816,2,2,0,0,1,1,0
7105.35,515,2,1,0,0,0,4,1
1135.48,226,2,0,1,0,1,16,0
491.67,578,5,1,1,0,0,21,1
348.22,506,1,2,2,0,0,12,0
3261.38,155,3,0,0,1,0,9,0
619.44,1898,5,0,1,0,0,6,0
1145.77,1504,2,1,1,0,0,15,0
2852.08,111,1,1,1,0,0,8,0
675.69,483,4,0,0,0,0,0,0
1047.41,808,4,0,1,0,0,4,0
1078.61,1917,4,1,0,0,0,12,0
2171.83,1792,3,3,0,0,0,21,0
1979.79,274,4,1,0,0,0,6,0
879.97,155,2,0,0,1,0,23,0
1168.7,1675,4,3,0,0,0,16,0
756.14,1191,7,1,1,1,1,10,1
250.23,1043,1,1,0,0,0,20,0
1418.85,345,5,2,0,0,0,15,0
7274.95,1927,4,2,2,1,0,5,0
453.18,735,3,2,2,0,0,20,0
506.22,569,0,0,1,0,0,5,0
459.1,1922,1,0,0,1,1,4,0
2263.33,294,3,3,1,1,0,4,1
1717.26,645,3,1,1,0,0,19,0
935.86,1486,3,1,0,0,0,21,0
437.9,338,2,1,0,0,0,10,0
1202.76,1828,4,0,0,0,0,8,0
229.38,452,3,1,1,0,1,0,1
1265.76,344,4,0,3,0,1,23,0
2621.56,717,3,0,1,0,0,16,0
313.81,631,4,0,1,0,0,7,0
236.86,765,7,0,2,0,0,3,0
5321.11,85,3,2,0,1,0,20,1
594.81,1721,3,2,0,0,1,20,0
3415.05,737,1,2,1,1,0,8,0
940.12,660,2,0,1,1,0,10,0
932.66,1413,2,3,0,0,1,16,0
1700.05,1816,3,0,0,0,0,2,0
453.05,227,5,0,0,1,0,5,0
1252.0,1310,6,1,0,1,0,4,0
748.83,1308,5,1,0,0,0,16,0
292.8,1717,3,0,0,0,0,21,0
1536.84,1971,8,2,0,1,0,11,1
842.77,109,0,0,0,0,0,16,0
937.27,135,2,0,0,0,0,9,0
326.96,938,2,3,1,1,0,8,0
5385.15,291,5,1,0,0,1,10,0
2635.2,1911,2,3,1,0,0,14,1
2876.0,1826,7,1,1,0,0,4,1
807.99,1639,5,0,0,0,0,19,0
194.57,1737,1,1,0,0,0,20,0
7730.41,1532,3,0,0,1,0,3,0
1031.64,1653,5,0,0,0,0,7,0
518.63,1868,4,1,1,1,1,13,0
1663.7,822,0,0,1,0,1,20,0
3523.19,1053,2,3,1,0,0,20,0
1071.64,394,2,0,0,0,0,20,0
3938.58,27,0,3,1,0,0,1,1
3238.94,1491,5,0,1,0,0,20,0
373.76,13,1,2,0,0,0,4,1
559.03,554,3,2,0,0,1,4,1
2857.03,933,8,1,0,1,0,19,0
72.78,445,2,1,0,0,0,10,0
944.39,224,1,1,1,1,0,20,0
262.22,1487,3,0,2,0,0,2,0
680.92,21,2,0,2,0,0,2,1
813.36,1411,5,1,2,1,0,18,1
766.44,1672,3,1,1,0,1,10,0
631.27,1350,5,0,0,0,1,2,0
366.08,1757,4,0,0,0,0,7,0
10849.9,467,2,1,1,0,0,18,0
7097.25,1681,5,1,0,0,0,5,0
343.07,1546,1,0,1,0,0,7,0
5335.39,1249,4,0,1,0,0,15,0
735.49,653,4,2,1,0,1,14,1
1247.86,1499,2,1,0,0,1,12,1
1029.39,618,3,0,0,0,1,9,0
566.94,780,5,0,1,0,0,1,0
2933.21,1730,5,0,1,0,0,6,0
1243.75,458,0,1,0,0,1,11,0
680.92,640,2,0,1,1,0,20,0
297.5,1237,8,1,1,0,0,18,0
448.72,663,2,1,1,0,1,15,0
212.43,961,2,3,0,0,0,4,0
1110.12,1505,1,1,1,0,0,21,0
331.4,1920,1,1,1,0,0,9,0
840.87,180,3,2,1,0,0,17,0
4316.08,1853,4,1,0,1,0,6,0
3638.4,538,0,1,0,0,1,9,0
1061.8,527,0,0,1,0,0,12,0
1005.17,22,2,5,0,0,0,23,1
7185.89,1369,3,0,1,0,0,16,1
1845.96,577,4,2,1,0,0,3,1
790.13,763,4,0,0,0,0,19,0
263.48,922,4,2,0,0,0,5,0
1625.99,1045,5,1,1,0,0,17,0
2513.23,745,2,1,0,0,0,20,0
583.09,1432,7,2,1,0,0,20,1
1467.33,1511,1,1,1,0,0,8,0
762.37,1552,3,1,3,0,0,11,0
912.3,1440,4,3,0,0,0,4,0
91.12,1296,4,1,1,1,0,8,0
878.5,1229,3,2,0,0,0,5,0
2891.03,1322,3,0,2,0,0,13,0
583.24,672,2,1,1,0,0,17,0
1155.77,1970,2,1,1,0,1,1,1
514.94,1577,2,3,2,0,0,17,0
1572.53,1132,5,0,1,0,0,14,0
883.13,637,1,1,2,1,0,14,1
428.7,1024,2,2,0,0,0,9,0
4157.01,152,1,0,1,1,1,4,0
2776.46,13,1,1,1,1,0,12,1
598.9,715,1,1,3,0,0,2,0
1804.05,1103,1,1,0,0,0,11,0
1876.97,906,5,1,1,0,0,16,0
2084.54,1578,4,0,0,0,0,4,0
201.49,1193,6,1,0,0,1,11,0
3000.72,249,5,0,1,0,0,2,0
620.36,1145,3,1,1,0,1,5,0
766.76,387,4,0,3,1,0,3,1
15334.83,439,2,0,3,0,0,16,1
1483.08,1296,6,1,1,0,1,8,0
745.22,300,1,1,0,1,0,12,0
120.87,721,2,2,0,0,0,0,0
4401.78,473,3,0,1,0,0,5,0
285.66,1182,4,0,3,0,1,8,1
402.04,1007,0,1,0,0,1,12,0
787.33,633,0,1,1,0,0,5,0
4520.65,1251,2,0,0,1,0,8,0
2376.16,421,2,0,0,0,0,23,0
936.51,956,1,0,1,0,0,4,0
1492.63,973,3,0,1,0,0,14,0
601.61,24,4,4,1,0,1,14,1
1260.99,1766,6,0,0,0,0,0,0
1180.08,538,1,1,0,0,0,12,0
2889.3,1594,5,1,1,0,0,21,0
2884.71,777,6,2,1,0,0,21,0
1797.19,638,2,1,3,1,0,1,1
763.3,1981,2,0,1,0,0,10,0
2302.66,1811,2,0,1,0,0,18,1
1000.28,540,1,1,1,0,1,4,1
371.7,903,9,1,1,0,0,0,0
732.68,1837,3,0,0,0,0,12,0
1193.36,1152,4,2,1,0,1,10,0
2724.98,1118,5,0,3,0,0,0,0
912.76,1727,1,1,1,0,0,1,0
327.28,421,3,2,1,0,0,4,1
1160.66,1296,1,0,1,0,0,19,0
1228.39,484,4,3,0,0,0,3,0
1320.59,1029,2,1,2,0,0,18,0
2751.42,157,0,1,2,0,0,7,0
3037.9,52,2,0,2,0,0,19,0
605.34,243,5,0,2,1,0,14,0
592.21,1687,2,0,0,0,0,8,0
387.53,774,2,2,1,0,0,16,0
2205.73,420,3,0,1,0,0,21,0
4669.56,1977,2,2,2,0,0,14,1
800.25,1953,2,0,0,0,0,11,0
861.41,1841,4,0,2,1,0,8,1
4754.19,425,4,1,0,0,0,15,0
1818.12,80,4,2,0,1,0,22,1
1696.35,695,2,1,0,0,0,10,0
333.31,354,4,1,0,0,0,14,0
2161.87,1643,3,0,1,0,0,7,0
433.05,1690,4,0,0,0,0,3,0
352.83,293,4,2,1,0,1,6,1
775.28,717,3,2,0,0,1,21,0
610.46,1140,2,1,0,0,1,3,0
878.66,529,7,2,0,0,0,20,0
259.57,480,3,0,1,0,0,9,0
2860.68,1312,4,0,0,0,1,11,0
3386.95,1692,3,1,1,0,1,1,1
156.44,477,4,3,1,0,0,5,0
2917.43,25,2,0,0,0,0,18,0
487.59,431,4,1,1,0,0,7,0
2583.69,1302,4,0,0,0,0,20,0
1024.08,317,2,3,1,1,0,5,0
1128.65,638,3,2,0,0,0,4,1
911.33,1836,2,1,1,1,0,4,0
3685.38,358,2,2,0,0,0,7,1
317.48,1300,7,0,1,0,0,13,0
2013.92,1901,1,1,3,0,1,5,0
3298.85,690,3,0,1,0,0,14,0
2244.73,344,2,0,0,0,0,2,1
11211.54,1455,3,2,1,0,0,9,0
646.16,559,5,0,0,0,0,16,0
2856.36,712,3,1,0,0,0,10,0
986.25,563,4,1,0,0,1,3,1
3764.63,439,4,3,0,0,0,2,1
1088.23,1486,1,1,0,0,0,11,0
744.06,1831,3,2,0,1,0,21,0
4048.38,1294,3,1,0,0,0,21,0
670.78,1733,5,0,1,0,0,13,0
267.01,1455,4,1,0,0,0,14,0
654.03,1045,5,2,0,0,1,10,0
2036.59,143,4,1,0,0,0,7,0
4411.8,1784,1,0,1,0,0,11,0
1225.53,868,2,0,2,0,1,8,0
4097.77,353,2,0,1,0,1,1,1
281.98,1489,1,1,2,1,0,7,0
703.97,1017,3,0,0,0,0,16,0
821.74,468,2,2,0,0,0,23,0
977.93,1537,2,3,1,1,1,3,1
1192.84,1488,3,1,1,1,0,17,0
2188.37,877,2,2,2,0,0,18,0
702.88,1874,6,1,0,0,0,20,0
1260.2,1418,1,1,2,0,1,16,0
1048.25,919,5,0,0,1,1,12,0
434.46,1810,2,5,2,1,0,23,0
978.81,1777,1,1,1,0,0,9,0
949.88,1082,7,0,0,1,1,11,0
929.75,1150,1,0,0,0,1,10,0
1132.02,841,4,1,1,0,1,4,1
1182.84,878,2,1,2,0,0,14,0
711.73,1485,2,1,0,1,0,3,1
3915.56,52,0,2,2,0,0,10,0
340.54,1012,0,2,1,1,0,15,1
533.27,1759,4,0,0,0,0,3,0
17676.01,814,2,1,1,1,0,14,0
388.39,1899,3,0,0,0,0,4,0
283.23,269,4,1,3,0,0,6,0
2285.81,96,3,3,0,0,0,8,0
137.4,273,8,2,1,1,0,4,1
866.73,1347,5,2,2,0,0,8,1
9375.22,1597,1,0,1,1,0,5,0
233.94,1857,4,2,1,0,1,18,1
151.11,1717,5,3,0,1,0,16,1
244.89,133,6,0,1,0,1,7,1
2692.86,928,0,0,3,1,0,3,1
3377.11,89,1,0,0,0,0,20,0
656.82,685,1,1,2,1,1,10,1
2171.58,824,1,0,2,0,0,14,0
4403.94,5,2,1,1,0,0,7,0
6550.83,357,2,2,2,1,1,17,1
857.19,1367,9,1,0,1,1,18,1
109.79,204,3,2,1,0,0,17,0
482.57,1698,1,0,3,0,0,7,0
715.65,1597,1,2,0,1,0,2,0
846.46,471,4,0,2,1,0,20,0
908.81,464,2,0,0,0,0,17,0
3357.31,497,3,3,1,0,1,4,1
3922.28,702,2,1,2,0,0,11,0
923.64,837,3,0,1,0,0,4,0
3289.48,63,4,1,1,0,0,13,0
1568.16,1580,3,1,0,0,0,0,0
1169.7,239,2,1,1,0,0,22,0
2714.99,540,6,1,1,0,0,2,1
1178.8,198,2,2,1,0,0,19,1
8585.34,781,2,2,2,0,1,11,1
260.24,1707,4,1,2,0,1,3,1
655.13,30,6,1,0,1,0,5,0
966.31,666,8,1,1,0,1,14,0
1701.82,1233,2,4,1,0,0,16,1
3896.99,1087,0,0,2,1,0,23,0
1070.2,1865,4,0,0,0,0,20,0
264.48,1081,3,3,0,0,0,5,0
2546.6,1856,1,1,1,1,0,18,0
2333.11,1744,1,1,1,0,0,20,0
157.3,1457,2,1,2,1,1,1,1
1092.47,1332,3,3,1,0,1,17,1
223.6,1599,5,0,1,0,0,8,0
564.17,1784,7,2,0,1,1,12,1
444.61,1490,6,1,3,0,0,19,0
2463.32,1677,4,1,0,0,0,11,0
1232.54,1629,2,2,1,0,1,18,0
303.2,1131,7,0,0,1,0,13,0
2644.05,1901,3,2,0,0,0,14,0
261.44,600,3,4,0,0,1,13,0
1525.56,1018,3,0,0,0,1,5,0
485.89,1325,2,0,1,1,1,6,0
760.76,620,4,0,0,0,0,11,0
1815.78,1070,4,1,1,0,1,22,1
1847.24,77,5,0,1,1,0,1,1
4175.42,729,3,2,0,0,0,21,0
1010.04,1193,4,0,1,0,0,9,1
1489.88,814,3,0,2,0,0,6,0
707.87,1153,4,0,0,1,0,7,0
1315.52,1737,3,1,0,0,1,17,0
1701.88,708,5,0,1,0,0,11,0
993.95,1884,1,0,1,0,0,5,0
180.59,268,0,0,0,1,0,15,0
1527.63,1624,0,2,1,0,0,4,0
1579.02,765,3,1,0,0,0,5,0
555.48,1774,5,1,1,0,0,6,0
303.57,585,4,1,0,0,1,10,1
4797.64,419,5,0,1,0,0,0,0
1792.64,870,4,3,0,0,0,2,0
872.11,1891,2,3,1,0,0,0,0
351.77,1185,0,0,0,0,0,22,0
482.12,1082,1,0,1,0,0,14,0
4034.31,384,2,2,1,0,0,5,1
1258.48,1909,6,1,0,1,0,21,0
632.33,803,5,1,0,0,1,22,0
1825.65,510,3,2,1,0,0,18,0
485.71,430,2,1,0,0,0,1,0
4918.91,1364,3,0,1,0,0,3,0
4242.04,578,4,0,0,0,0,20,0
687.75,940,2,1,1,1,0,15,0
584.83,1050,0,2,0,0,0,22,0
79.99,1834,1,0,0,0,0,21,0
249.24,589,1,1,2,1,0,18,0
287.3,798,8,1,3,0,0,10,0
1255.38,372,1,2,3,0,0,1,0
791.37,928,4,0,1,0,0,17,0
285.62,1060,4,0,4,0,0,20,0
827.85,1555,2,4,0,1,0,0,0
1817.72,1814,2,1,1,0,1,20,1
1859.08,1857,4,1,1,0,0,2,0
164.08,1849,3,0,1,0,0,20,0
964.62,1291,2,1,2,0,0,22,0
274.97,1818,3,0,3,0,0,15,1
2701.95,1456,5,4,0,0,0,9,0
2402.21,1043,2,2,2,0,0,18,0
446.74,1363,1,0,1,0,1,7,0
509.77,140,4,1,0,1,1,15,0
691.41,67,0,1,0,0,0,12,0
115.26,1015,1,0,1,0,0,20,0
1534.51,1848,3,1,1,0,1,1,0
834.77,1554,2,0,1,0,0,4,0
2893.36,1393,5,1,1,0,0,6,1
365.62,261,4,1,0,0,0,21,0
590.45,1648,4,0,1,0,1,17,0
243.1,1944,3,0,0,0,0,21,0
401.7,974,5,2,0,0,1,1,1
336.3,627,2,2,1,0,0,19,0
2968.98,1702,5,0,1,1,0,2,0
545.52,579,6,3,2,0,0,5,0
1241.62,1791,5,1,0,0,0,18,1
749.37,1606,2,0,0,0,0,10,0
308.13,1996,3,1,0,1,0,21,0
926.76,1844,6,1,2,0,1,2,1
1996.4,1022,5,1,1,0,0,16,0
327.75,1227,1,0,1,0,0,9,0
2462.94,639,2,3,1,0,1,5,0
468.85,1959,4,1,0,0,0,4,0
676.56,1979,5,0,0,0,0,11,0
1864.38,410,2,4,0,0,1,1,1
564.85,833,7,0,2,1,0,14,0
1138.62,1104,1,1,1,0,0,6,0
800.56,1712,1,2,1,0,0,17,0
1248.09,113,2,0,2,0,1,16,0
101.42,623,3,1,0,0,0,15,0
175.97,821,2,0,0,0,0,23,0
2030.36,1161,4,0,0,0,0,15,0
3093.88,1669,1,2,1,0,1,11,0
441.21,1908,3,0,1,0,1,9,0
859.17,840,2,2,0,0,0,10,1
1472.5,189,1,1,2,0,1,9,1
2193.42,277,5,2,0,0,0,16,0
144.36,1761,3,0,2,0,0,22,0
452.13,103,3,5,0,1,0,2,1
786.36,107,2,1,0,0,0,8,0
2215.29,1599,1,2,2,0,0,23,0
13338.77,1940,0,1,1,0,0,9,1
873.05,1978,4,1,2,0,0,8,0
268.55,757,2,1,0,0,0,13,1
1639.7,173,6,0,0,0,0,20,0
4109.25,1942,5,0,1,1,0,7,1
1221.72,1869,1,0,0,0,0,12,0
442.9,999,2,0,1,0,0,12,0
2858.33,1355,5,2,2,0,0,10,1
2129.29,722,4,1,3,0,0,23,0
393.04,1215,3,1,1,0,0,6,0
1605.88,1694,1,1,0,0,0,12,0
2972.82,831,6,1,0,1,0,9,1
3575.61,225,2,0,3,0,0,13,0
1026.13,1708,3,0,1,0,0,9,0
766.57,1347,1,0,0,1,0,9,1
3741.62,1978,1,1,1,0,0,2,0
326.96,1532,1,0,1,0,0,21,0
1700.33,1985,3,0,1,0,0,14,0
278.65,1572,2,2,0,1,1,0,1
3182.35,134,4,2,0,0,1,0,0
847.21,1061,1,1,0,1,1,7,1
3899.42,93,3,2,2,1,0,10,0
1792.58,75,3,0,0,0,0,21,0
322.72,756,2,1,1,0,1,15,0
4557.95,183,5,1,0,0,0,13,0
5173.19,717,2,1,0,1,0,13,0
2649.92,459,4,0,0,0,0,22,0
512.04,1723,8,0,3,0,1,19,1
807.53,1702,2,1,1,0,0,13,0
1268.29,627,2,1,1,0,0,4,0
542.56,409,2,0,0,0,0,6,0
5957.14,207,3,1,0,0,0,21,0
1266.9,1269,3,1,0,0,0,12,0
73.45,1357,7,0,0,0,0,21,0
1539.72,673,1,1,0,1,1,10,0
774.21,1549,2,1,1,0,0,15,1
1017.47,1318,3,0,2,0,0,22,1
758.53,1013,5,2,1,0,0,6,0
2457.86,1978,4,1,2,0,0,15,1
3359.97,1940,2,2,0,0,0,3,0
1455.42,748,5,0,0,1,1,22,1
781.09,273,6,3,0,0,0,3,0
1052.23,379,7,0,1,0,0,22,0
1118.34,626,0,3,2,0,0,17,0
491.55,664,2,1,3,0,1,0,0
1956.53,1050,3,2,0,0,1,2,0
1737.22,680,3,3,1,1,0,0,0
5117.6,544,3,0,0,0,0,14,0
3848.16,733,5,0,0,0,0,21,0
552.43,1742,2,1,0,0,0,2,0
2490.65,1957,3,1,0,0,1,12,0
423.71,1878,0,0,0,0,0,8,0
2199.38,1634,3,0,2,0,0,15,0
654.18,91,2,2,0,0,0,0,0
394.16,476,5,2,0,0,1,17,1
1451.05,1913,5,2,0,1,0,11,1
75.6,726,4,0,0,0,0,17,1
190.38,1212,2,0,1,0,0,8,0
918.29,1593,1,0,2,0,0,4,1
1190.87,1643,2,1,0,0,0,17,0
758.0,1978,1,1,0,0,0,22,0
226.01,1219,4,0,0,0,0,20,0
484.01,534,2,0,0,0,0,22,0
1621.67,698,3,0,0,0,0,2,0
1962.12,880,4,0,1,0,1,23,0
1078.99,85,4,0,1,0,0,13,0
3487.13,592,3,2,2,0,0,11,1
1631.73,841,4,0,1,0,1,9,1
519.33,77,3,1,2,1,1,2,1
828.4,330,1,2,2,0,1,3,1
269.65,383,4,1,0,0,0,5,0
984.23,1457,4,2,0,1,0,2,0
3334.58,377,3,1,3,0,0,21,0
2176.1,341,2,2,0,1,0,13,0
4456.01,1201,0,0,2,0,0,1,1
810.07,1450,3,2,0,1,0,21,0
4213.71,424,2,3,0,0,0,0,1
903.88,1991,2,0,0,0,0,7,0
4777.08,174,3,0,0,0,0,22,0
1072.92,406,6,3,0,0,0,8,1
2224.38,82,0,1,2,0,1,0,0
4793.96,21,3,0,1,0,0,8,1
903.77,691,2,3,0,0,0,4,1
1364.29,1010,4,1,0,0,0,22,0
3979.31,398,5,4,0,0,0,11,0
960.06,330,1,1,2,1,0,14,0
292.69,225,2,0,0,0,0,18,0
9348.84,1801,2,2,0,0,0,6,0
685.56,1426,5,1,1,0,0,19,0
1285.31,781,2,2,1,0,0,12,0
3484.25,1787,4,0,0,0,0,2,0
596.75,1809,1,2,1,0,0,0,0
400.27,894,1,1,1,0,0,4,1
1413.38,1879,1,1,1,0,0,14,0
182.53,1945,2,2,1,0,0,10,0
822.29,438,4,2,0,0,1,0,1
1401.14,1296,7,1,1,0,0,3,0
837.19,1304,4,0,1,0,1,16,0
234.29,223,2,3,1,0,0,22,1
5400.13,1611,4,1,2,1,1,13,1
1216.26,1687,3,1,0,0,0,18,0
4587.78,1961,5,1,0,0,0,11,1
845.53,1895,5,0,0,0,0,2,0
454.86,509,2,1,2,1,0,21,0
1435.37,1366,3,1,0,0,0,8,0
883.78,1953,3,0,1,1,0,1,0
337.73,617,3,2,0,0,1,14,0
4768.49,1066,2,1,2,1,0,10,0
588.59,1200,5,1,0,1,1,0,1
174.12,1269,2,0,1,0,0,8,0
4138.82,1277,2,1,1,0,0,16,0
662.29,1298,3,1,1,0,0,9,0
597.15,959,8,3,1,0,0,7,1
187.66,1358,5,1,3,0,0,3,1
6253.78,604,3,1,0,0,0,14,0
302.03,1035,2,1,1,1,1,1,1
1162.64,152,3,1,3,0,1,10,0
2731.54,189,1,2,0,0,0,14,0
1671.9,960,3,2,2,0,1,6,0
1033.13,676,4,1,0,0,1,18,0
200.0,638,2,2,0,0,0,6,0
487.98,211,3,1,3,0,0,19,1
1323.19,1997,6,1,1,0,0,17,0
499.11,1121,2,2,1,0,0,7,0
1343.94,1845,1,0,1,0,0,15,1
2168.4,339,4,1,1,0,0,22,0
2871.25,47,1,1,2,0,0,23,0
321.76,820,2,1,0,1,0,19,0
9863.99,1760,4,1,1,1,0,0,1
2362.51,975,1,1,0,0,0,2,0
1094.75,1081,3,1,1,1,1,19,0
3260.18,1099,3,0,1,0,0,23,0
11677.37,1278,4,0,0,0,0,4,0
260.16,1687,3,0,2,0,0,22,0
875.45,1595,4,2,1,1,0,19,1
101.65,837,3,0,0,0,1,23,0
1329.62,952,1,0,0,0,0,14,0
1580.34,598,1,1,1,0,0,10,0
1054.52,170,1,2,0,1,0,1,0
569.9,1170,1,2,1,0,0,5,0
141.24,839,4,1,2,0,0,22,1
1593.25,1057,3,0,5,1,0,16,1
4700.55,1539,2,2,0,0,0,9,1
607.27,796,3,2,0,1,0,10,0
1702.85,1281,3,1,1,1,1,15,0
228.57,1150,5,1,0,0,0,15,0
1732.31,959,4,0,1,0,0,11,0
739.98,1137,0,1,0,1,0,23,0
511.62,815,3,0,0,0,0,11,0
512.67,1829,1,1,0,0,1,4,0
739.81,342,2,1,1,0,1,21,1
1607.5,48,5,0,2,1,1,8,1
295.25,364,1,0,1,0,1,9,0
737.22,1811,0,1,0,0,1,15,0
1052.08,1422,5,1,0,1,0,6,0
365.39,1219,2,1,1,0,0,22,0
6612.16,1875,0,2,0,0,0,23,0
467.08,1761,4,0,1,0,1,18,0
561.47,725,6,0,0,1,0,12,0
412.28,1345,3,1,0,1,0,2,1
6624.17,1818,2,0,0,0,0,1,1
1906.27,138,4,2,1,0,0,19,0
429.84,355,0,0,0,0,0,1,0
3315.06,1869,7,1,0,0,0,0,0
1340.37,1094,2,0,0,0,0,6,0
1418.36,811,4,1,1,1,0,1,1
777.06,1606,7,1,1,0,0,19,1
518.32,1507,4,1,1,0,1,0,0
1537.27,1744,3,1,1,1,0,9,0
635.82,712,0,0,1,0,0,4,0
6746.34,59,0,1,0,0,0,4,1
308.19,771,1,0,1,0,0,2,1
5095.72,389,3,2,0,0,0,1,0
981.11,1877,3,2,1,0,0,21,1
1478.95,1375,4,0,0,0,1,0,0
2522.88,846,6,0,1,0,0,7,0
583.91,869,3,3,0,0,0,4,0
2602.55,339,1,1,2,0,0,17,1
73.15,1701,5,1,3,0,1,19,1
533.79,757,1,1,1,0,1,5,0
435.26,596,4,2,0,0,0,9,0
313.09,436,4,1,0,0,1,1,1
884.52,1474,3,2,1,0,0,0,0
1612.84,377,6,0,2,1,0,2,0
2214.23,1983,5,0,1,1,0,4,0
1395.32,391,5,1,0,0,0,5,0
563.58,481,3,1,0,0,0,1,0
1586.07,821,5,0,0,0,1,1,0
1241.76,114,2,1,0,0,0,1,1
2796.31,1770,5,1,2,0,0,6,0
2384.96,774,1,1,0,1,0,8,0
1130.57,1927,4,0,2,0,0,18,0
447.08,172,1,1,1,0,0,15,0
570.81,18,4,1,2,0,0,18,1
632.84,235,4,1,0,0,1,10,0
800.1,1334,3,1,0,0,0,19,0
1433.75,1919,5,0,1,0,0,7,0
2242.11,1693,4,1,1,0,1,9,1
1041.98,723,4,0,0,1,0,19,0
1114.46,281,0,0,0,0,0,15,0
1265.61,831,5,2,0,1,1,22,0
654.65,1220,6,0,1,0,1,9,0
434.68,1139,4,0,0,0,1,19,0
189.53,1421,4,1,1,1,1,10,1
547.22,1696,1,0,0,1,0,23,0
1760.13,1691,2,1,0,0,1,20,0
542.99,1587,2,0,2,0,0,17,0
864.54,418,5,0,0,0,0,19,0
1748.36,284,1,0,1,0,0,4,0
1845.84,585,3,1,1,0,0,19,0
372.59,1352,3,0,3,0,0,11,1
2972.2,1365,2,1,0,0,1,5,1
3385.82,622,6,0,0,0,0,16,0
354.3,1822,4,2,2,0,0,11,1
481.14,221,4,1,2,0,1,10,0
3608.66,9,6,1,0,0,0,3,1
946.86,1933,2,0,1,1,0,6,0
119.13,1106,3,0,1,1,1,15,1
270.51,832,1,0,0,1,0,19,0
854.6,1318,6,0,1,0,0,14,0
342.73,375,5,2,0,0,0,21,0
725.29,534,3,1,1,0,0,18,0
1132.74,1439,7,0,0,0,1,16,0
4732.72,1123,4,2,1,0,0,21,0
820.2,1706,5,1,1,0,0,10,0
3205.24,702,3,4,0,0,0,14,1
4576.82,1642,5,0,0,1,0,18,0
4602.29,832,4,2,2,1,0,22,0
1457.9,1994,3,1,4,0,0,23,1
153.96,777,2,2,1,1,0,19,0
1738.58,1406,5,0,2,0,0,0,1
3128.78,1887,5,1,2,0,0,2,1
1011.24,940,2,2,2,0,0,10,0
6276.6,1528,1,3,0,1,0,18,1
2591.09,447,1,0,0,0,0,16,0
1935.8,680,3,2,1,0,1,22,0
3249.9,344,3,1,2,0,0,14,1
1530.53,425,4,2,0,1,0,9,0
90.67,625,1,2,0,0,0,18,0
665.71,1864,4,0,0,1,0,18,0
3630.65,306,2,0,1,0,0,7,0
489.02,148,3,0,1,0,0,3,0
877.02,849,5,1,0,1,1,11,0
385.74,732,1,1,0,0,0,2,0
6528.44,454,3,0,1,0,0,2,1
5892.83,938,1,1,1,0,1,10,0
453.11,33,1,2,0,0,0,18,0
1270.67,1756,2,0,0,1,1,21,0
555.3,1525,2,0,0,0,0,11,0
2028.28,1343,0,2,2,0,0,3,1
1825.63,1721,4,1,2,0,1,1,1
2469.34,1217,3,0,0,0,0,2,0
1528.31,1897,4,1,0,1,0,18,1
20648.67,1204,3,0,0,0,0,22,0
392.32,1891,4,0,1,1,0,21,0
198.22,984,3,0,0,0,1,4,0
740.19,1542,7,1,0,0,0,21,0
228.61,391,4,2,1,1,0,7,0
246.54,1545,3,1,0,0,0,20,1
402.9,357,2,0,3,0,1,5,0
436.07,573,5,0,0,0,0,6,0
422.16,464,4,2,0,0,1,18,0
1841.28,930,2,0,1,0,0,14,0
661.04,1699,2,2,0,0,0,5,0
916.43,99,5,1,1,0,0,9,0
2681.77,148,3,0,0,1,0,2,1
509.63,570,3,1,0,0,0,13,0
841.73,727,1,0,0,0,1,5,1
1580.92,1340,3,0,0,0,1,14,0
157.34,1002,5,1,1,0,0,4,1
101.0,1206,4,1,0,1,1,1,1
1550.17,1571,5,2,1,0,0,2,0
1793.66,303,0,0,2,0,0,11,0
8640.54,1582,2,2,0,0,0,4,0
1284.46,1623,2,0,1,0,0,5,0
2489.26,4,1,1,1,0,0,15,0
901.92,778,2,0,0,0,1,14,0
1476.2,107,1,2,0,0,0,22,0
5809.54,75,2,1,1,0,0,8,0
131.11,1064,3,1,0,0,0,16,0
1658.41,639,6,1,2,0,0,6,0
9279.72,695,4,3,2,0,0,0,1
1453.94,1143,0,1,0,0,0,7,0
5713.42,73,1,0,2,0,0,1,0
584.52,552,1,1,0,0,0,5,0
1062.05,1228,2,1,2,0,0,1,1
1134.02,977,1,4,2,1,0,14,0
119.39,96,2,2,1,0,1,4,1
340.98,1303,5,2,0,0,0,15,0
366.18,1167,3,2,0,0,0,13,0
2495.06,1139,0,2,2,0,0,17,0
2623.21,1500,3,0,0,0,0,12,1
1516.31,884,1,1,0,1,0,11,1
2500.14,1157,1,1,1,1,0,13,0
930.62,1192,2,2,1,0,0,18,0
3647.99,1938,3,1,1,0,0,20,1
1106.31,1269,3,0,1,0,0,18,0
1161.96,277,4,2,1,0,0,17,0
840.85,1999,2,0,1,0,1,13,0
2174.27,259,7,2,1,1,1,12,1
719.68,46,4,2,0,1,1,4,1
2911.52,346,2,1,1,1,0,16,0
353.49,847,2,0,2,0,1,4,0
365.43,895,1,1,0,0,0,10,0
2180.76,1261,6,3,2,1,0,7,1
1003.71,1077,4,2,1,0,0,7,0
696.53,1172,3,0,1,0,0,16,0
2670.6,1723,4,1,1,0,0,9,0
597.49,1557,2,2,0,0,0,20,0
897.67,1114,4,2,1,0,0,11,0
4443.63,233,2,1,1,0,1,19,0
5110.96,1751,3,1,2,0,1,5,1
5283.79,1905,4,1,2,0,0,5,0
827.06,51,8,1,1,0,1,13,0
3754.47,665,4,0,1,0,0,5,0
424.56,1860,0,0,1,0,0,20,0
442.79,1652,4,4,0,0,0,12,0
104.54,1418,2,1,2,0,0,7,1
5842.23,1238,0,2,1,0,0,11,1
462.21,451,0,0,0,0,0,5,0
966.29,1363,4,0,0,0,0,13,0
441.28,351,0,0,2,1,1,0,0
2197.7,649,2,1,0,0,0,14,0
753.23,1309,3,1,0,0,0,8,0
297.43,1957,2,0,0,0,0,7,0
1705.58,878,1,0,0,0,0,6,0
261.46,583,2,1,0,0,0,23,0
474.66,245,3,0,1,0,0,10,0
133.37,550,2,0,2,1,1,3,0
264.02,728,4,1,0,0,0,14,0
1310.98,639,0,2,1,0,0,16,1
153.77,584,6,2,1,0,0,20,0
249.35,226,4,1,2,0,0,21,1
1094.04,827,4,0,1,1,0,21,1
636.76,441,5,3,0,0,0,6,0
8038.81,1498,3,1,1,0,0,14,0
6862.98,1468,2,0,1,0,0,14,0
460.39,1820,5,0,0,0,0,4,0
1914.36,412,6,0,2,1,0,5,0
2319.91,814,4,0,1,0,0,14,0
603.36,246,5,1,1,0,0,8,0
245.79,583,3,2,0,0,1,8,1
1083.23,1731,4,0,1,0,0,2,0
922.56,500,1,0,0,0,0,11,0
709.27,982,5,2,0,0,0,2,1
1706.7,1975,0,1,0,0,0,11,0
517.64,550,5,0,0,1,0,23,0
346.54,117,5,1,1,0,0,17,0
1223.03,1774,6,0,2,0,0,1,0
1613.19,1388,6,4,0,0,0,15,1
338.1,1938,5,1,0,1,1,2,0
2774.12,204,4,0,1,0,0,11,1
186.7,351,3,1,0,0,0,8,0
615.16,319,0,4,0,0,0,23,0
847.25,1383,1,1,1,1,1,8,0
580.43,1541,4,2,1,0,1,1,0
623.24,940,2,3,0,1,0,6,0
7122.93,489,3,3,2,0,0,19,1
468.3,1693,4,1,0,1,0,0,1
12597.1,107,5,1,0,0,0,15,0
1697.86,1764,2,0,0,0,0,9,0
1202.38,654,5,1,1,0,0,3,1
1765.59,1850,2,2,0,1,1,1,1
13765.6,172,5,1,2,0,0,20,0
406.02,1682,5,1,1,0,0,8,0
357.66,519,3,0,0,0,0,10,0
515.5,1879,4,0,0,0,0,10,0
1132.46,1889,3,2,0,0,0,18,0
195.24,958,6,2,1,0,0,20,0
1121.41,813,1,2,2,0,0,22,0
5964.3,528,0,0,0,0,1,19,0
1275.9,320,5,1,0,1,0,4,0
818.37,1061,4,1,1,0,0,11,0
591.01,499,3,1,1,1,0,18,0
2693.27,1689,4,2,0,0,0,21,0
480.18,265,3,2,0,0,0,7,0
6949.3,1719,1,3,1,0,0,3,0
7580.69,1692,6,1,0,0,0,6,0
1417.64,1673,2,2,1,1,0,4,1
1084.08,908,3,1,3,0,0,0,0
3073.77,402,4,1,1,0,0,22,0
3277.38,987,1,0,0,0,0,3,0
489.81,602,4,1,0,0,1,16,0
647.71,952,1,3,0,0,0,12,0
292.26,218,8,1,0,0,1,21,0
1650.88,330,2,1,0,0,0,22,0
2135.87,186,3,0,1,0,0,16,0
284.31,1405,4,1,0,0,0,9,1
695.62,209,3,0,0,0,0,17,0
285.07,1587,2,0,1,0,1,10,0
446.39,288,2,2,1,0,0,19,0
1902.68,88,5,1,0,0,0,17,0
526.64,1003,3,1,1,0,1,18,0
811.74,1968,2,0,0,0,0,6,1
215.44,136,6,0,1,0,0,7,0
1322.12,158,2,1,0,0,1,6,0
1049.14,794,3,1,1,0,1,16,0
529.03,920,4,1,2,0,0,17,0
907.77,155,2,2,1,0,1,0,1
1313.3,1487,3,1,1,1,1,14,0
485.48,220,3,1,4,0,1,17,1
250.57,1483,4,0,1,0,0,6,0
6671.33,1191,4,2,0,0,1,0,0
582.15,322,8,3,0,0,1,19,0
995.49,691,6,1,1,0,1,21,0
3013.45,841,6,0,1,0,0,3,1
37386.13,1586,3,1,1,0,0,14,0
315.93,1837,3,1,1,0,0,17,0
1719.57,512,7,0,2,0,1,22,1
540.47,87,5,1,1,0,0,13,0
639.83,1569,1,2,1,0,0,20,0
533.68,275,3,1,0,0,0,6,0
355.79,141,1,1,1,0,0,9,0
1052.27,1742,6,1,0,1,1,14,0
251.01,1760,3,1,0,0,0,2,1
2826.54,625,1,1,0,1,0,8,0
1158.64,1814,5,1,0,0,0,1,0
1673.1,916,5,0,0,0,0,17,0
688.02,353,0,1,0,0,0,18,0
759.6,1029,3,3,2,0,1,4,0
1462.0,382,5,0,0,1,0,21,0
342.39,1748,0,2,2,0,0,14,1
766.63,1792,4,0,2,0,0,21,1
464.23,1358,7,0,1,1,0,4,1
450.08,475,3,1,1,0,0,3,0
132.98,928,1,1,0,0,0,1,0
4185.27,30,1,1,2,0,0,8,0
551.95,1371,4,1,1,0,0,20,0
3510.02,922,1,0,1,0,1,10,1
3193.24,594,5,2,1,0,0,2,1
303.08,493,2,1,1,0,0,12,0
369.29,1772,4,1,0,1,0,2,1
14192.98,495,2,0,4,1,1,5,1
6316.53,1880,2,2,2,0,0,1,1
1062.61,388,2,1,2,0,0,0,1
1418.53,873,1,0,2,0,1,12,0
583.56,835,1,0,0,0,0,12,0
1689.78,1277,1,1,2,0,0,19,0
535.3,630,2,2,0,0,0,8,0
143.69,939,5,0,1,0,0,13,0
292.49,30,2,1,1,0,0,5,0
1120.01,623,2,1,2,0,0,18,0
353.87,1936,4,1,2,0,1,11,1
1025.28,1790,4,0,2,0,0,23,0
374.41,1735,7,1,2,0,0,21,0
501.52,807,3,1,0,0,0,18,0
2573.87,342,4,1,0,1,0,23,0
1404.56,1833,4,0,0,1,1,5,0
1086.09,1311,6,0,1,0,0,2,0
2641.13,1969,0,1,2,0,1,11,0
1773.32,1421,5,0,2,0,0,14,0
4659.03,1001,7,3,0,0,0,6,0
692.38,1533,3,3,0,1,0,7,1
713.63,1961,4,1,2,0,0,13,0
298.54,244,6,1,2,1,1,6,1
714.1,221,0,1,1,0,0,14,0
2877.77,1180,2,1,0,0,0,20,0
4023.82,1407,4,1,3,0,0,9,0
2864.95,1772,7,0,0,0,0,7,0
182.33,1344,3,1,1,0,0,14,1
3239.41,373,4,2,0,0,0,11,0
174.42,531,4,1,1,1,0,15,0
2692.21,215,3,1,0,1,0,5,0
759.16,367,0,1,1,0,1,8,1
2213.95,114,6,1,1,0,0,8,0
289.33,1224,2,0,0,1,0,16,1
3537.47,25,5,2,2,0,0,10,1
253.41,934,4,2,1,0,0,17,0
562.02,1145,0,0,1,0,0,2,0
404.2,1766,3,0,1,1,0,0,0
189.75,611,4,1,1,0,0,20,0
1205.35,858,1,1,2,0,0,9,0
6674.76,1027,8,1,0,0,0,12,0
15786.42,898,5,1,2,0,1,22,1
1208.52,773,7,1,1,0,0,18,0
3349.88,445,4,0,1,0,0,12,0
1383.12,1278,2,4,0,0,0,22,0
1806.02,20,0,1,4,0,0,15,0
778.88,1228,1,2,0,0,0,1,1
1332.85,806,2,1,0,1,0,16,0
1877.09,1381,1,0,0,0,0,18,0
614.95,128,3,2,2,0,1,18,1
1014.86,358,2,1,2,0,0,0,1
1034.39,1316,4,1,0,0,0,0,0
2505.9,1198,0,2,1,0,0,11,0
377.65,1757,3,1,1,0,0,5,0
1041.54,1379,4,2,0,1,0,13,0
7420.53,881,1,1,2,0,0,5,0
3512.42,1061,6,2,1,0,1,20,0
4226.71,1334,2,0,1,0,0,8,0
1123.76,1685,4,0,0,1,0,7,0
1511.71,917,1,0,1,0,0,15,0
2987.63,1628,2,4,1,0,0,18,1
5220.01,1606,2,0,1,0,0,7,0
155.77,1108,1,4,0,0,0,8,0
294.29,510,3,1,0,0,0,16,0
4062.05,444,3,4,0,0,0,10,1
831.4,1444,2,0,1,0,0,1,0
560.19,1229,3,0,2,1,0,14,0
312.89,1512,2,2,0,0,0,14,0
629.54,779,4,1,0,0,0,17,0
269.79,1112,4,2,1,0,0,10,0
8875.89,252,1,1,1,0,1,14,1
1072.3,1747,4,1,1,0,0,20,0
1034.89,1879,4,1,2,1,1,2,0
1974.51,1055,2,3,0,1,0,7,0
2870.8,1893,2,0,0,0,1,12,0
2823.94,421,3,1,2,0,0,15,0
3208.7,1852,7,0,3,0,0,5,0
583.56,61,3,0,1,0,0,10,0
814.14,579,6,1,0,1,1,12,1
2366.18,1250,5,0,2,0,0,22,0
647.17,1949,8,1,1,0,0,15,0
1091.05,1987,1,2,1,0,0,20,0
1633.96,1359,1,1,1,1,0,14,0
2404.71,1863,2,1,0,0,0,19,0
185.36,579,8,1,0,0,1,12,0
2241.15,640,3,1,0,1,0,20,0
868.07,111,4,2,1,0,1,8,0
2224.88,491,4,0,0,0,1,1,0
2384.95,1296,1,3,1,0,1,5,1
5474.82,1837,2,1,2,0,1,13,0
4244.82,34,3,0,1,0,0,0,0
4215.7,212,8,0,0,1,1,12,0
4645.57,1324,2,0,1,0,0,2,0
1467.59,1397,4,2,0,0,1,17,0
1132.5,125,2,1,0,0,0,7,0
2624.95,1127,3,1,0,0,0,10,0
2280.34,1742,4,3,0,0,0,22,1
805.07,1144,3,1,1,0,0,11,1
1643.89,1706,4,2,1,0,0,5,1
1058.81,1571,5,1,2,0,0,17,1
466.88,894,0,1,1,0,1,13,1
3985.67,331,2,4,0,0,0,14,0
1158.87,1782,1,1,0,0,0,16,0
8507.54,1876,2,1,1,0,0,4,0
215.83,1950,3,0,0,0,0,11,0
628.43,1333,0,1,4,0,0,5,0
1133.02,1594,7,1,1,0,0,20,0
3419.95,412,6,1,2,0,0,7,0
1635.12,1423,8,2,1,0,1,17,1
1495.88,934,8,0,1,0,0,12,0
355.22,1330,2,0,1,0,0,1,0
344.83,1677,2,0,0,0,1,4,0
1513.99,1647,3,0,0,1,0,9,0
280.31,1187,4,0,0,0,0,2,0
644.27,1647,2,2,0,0,0,17,0
1809.7,664,4,0,2,1,0,19,0
410.62,1912,0,1,0,1,0,20,0
5460.83,1089,4,0,1,1,0,15,0
3729.15,1642,1,4,1,0,0,20,0
227.83,1240,1,0,0,0,0,22,0
431.66,603,2,1,0,0,0,2,0
111.52,1938,3,3,0,1,0,14,0
501.4,1978,0,3,1,0,0,16,0
2359.93,26,2,2,1,0,0,12,0
724.95,669,4,0,0,1,0,14,0
1738.53,584,5,2,2,0,0,1,0
239.29,1068,5,1,1,0,0,20,0
2435.67,1114,2,1,0,0,0,1,0
629.48,1157,3,1,2,0,0,14,1
1110.06,1185,2,0,0,0,0,10,0
999.37,1768,4,0,1,0,0,15,0
307.49,380,3,0,0,0,1,7,0
346.17,1285,6,1,2,0,0,18,0
2886.48,1407,3,1,2,0,0,12,0
1634.34,369,1,0,0,1,0,10,0
3133.95,1135,4,1,0,0,0,2,0
1517.26,1700,1,0,3,1,0,3,1
1265.21,1101,4,0,0,0,0,16,0
195.19,209,3,2,0,0,0,5,0
836.84,1037,0,1,0,0,0,20,0
1067.01,1945,2,0,0,0,0,14,0
7731.88,1594,2,2,0,1,0,9,0
2179.73,1922,4,0,0,0,0,12,0
5095.24,1880,4,0,0,0,0,11,0
1993.28,1572,3,3,2,0,0,23,0
538.45,25,2,1,1,0,1,10,1
1232.9,546,1,0,2,0,0,12,0
1388.84,1164,2,1,1,0,0,11,0
428.74,275,2,0,0,0,1,0,0
746.66,1394,5,2,1,0,1,6,1
892.68,874,2,1,0,0,0,3,0
5462.27,222,6,0,0,0,0,23,0
136.9,1061,5,0,2,0,0,15,0
3662.2,875,2,1,0,0,0,23,0
429.75,1153,0,0,0,0,0,8,0
278.08,1340,6,1,1,1,0,3,0
3568.65,1347,1,1,1,0,0,11,0
2279.93,1457,0,2,0,0,1,12,0
3844.96,218,0,0,0,0,1,10,0
2442.32,1871,4,2,1,0,1,23,0
8602.82,1966,4,2,2,0,0,2,0
1917.4,1272,4,2,0,0,0,8,0
937.79,111,4,1,1,0,0,21,0
1545.23,816,5,0,3,0,0,9,0
3802.71,1756,2,0,0,1,0,9,0
503.02,708,0,1,1,0,0,0,1
571.41,147,4,2,2,0,0,18,0
805.16,1368,2,3,2,0,0,13,0
133.68,1533,1,1,0,0,0,12,0
1259.01,1529,3,1,1,0,0,17,0
166.31,552,2,2,2,0,0,7,0
1156.39,134,4,1,0,1,0,6,0
2605.27,464,4,1,0,0,0,10,0
680.7,864,3,0,0,0,0,9,0
5867.1,1215,3,0,2,0,0,8,0
254.55,1187,6,2,0,1,0,15,0
3609.27,456,1,4,0,0,1,4,1
2154.12,1085,4,0,3,0,0,2,0
197.15,1029,2,0,2,1,0,3,1
16494.7,1061,3,1,2,0,0,16,0
1028.91,460,4,0,1,0,1,16,0
456.01,1241,2,1,0,1,0,0,0
268.52,1761,2,0,0,0,0,2,0
880.05,1752,3,0,0,1,1,19,0
965.45,139,1,2,1,0,0,7,1
1215.18,618,3,3,0,0,1,5,0
814.2,1123,3,0,0,0,0,9,0
2065.7,680,7,1,1,1,0,5,0
744.24,961,3,2,0,0,0,4,0
158.39,1288,3,2,1,0,0,21,0
944.48,599,6,2,0,0,0,10,0
102.77,596,4,0,2,0,0,7,1
1562.08,1248,4,2,0,0,0,9,0
411.87,11,4,0,1,0,0,23,0
1291.24,327,2,0,2,0,1,16,0
4080.91,1722,4,2,0,0,0,2,0
424.64,1374,3,2,1,0,0,10,0
3169.27,379,0,4,2,0,1,1,0
710.96,1968,2,3,2,0,0,19,1
6330.88,231,4,1,0,0,0,15,0
761.16,1165,2,1,2,0,0,7,0
473.19,618,3,0,1,0,1,21,0
2180.35,765,5,1,0,0,0,11,0
709.25,1980,2,1,1,0,0,14,0
472.74,49,0,0,0,0,1,12,0
680.05,451,7,1,0,0,0,12,0
1048.79,1799,2,1,0,0,0,3,0
4197.23,491,4,0,1,0,0,5,0
158.52,1229,2,1,0,0,1,19,0
1122.24,1893,1,3,1,0,0,16,0
2048.58,1433,3,1,1,0,0,4,0
1330.68,407,1,0,0,0,0,1,0
4063.77,1075,1,2,0,0,0,9,0
1018.06,175,5,1,1,0,0,13,0
911.83,1761,7,2,1,0,1,13,0
1982.93,1285,2,1,0,0,1,14,0
1211.14,480,0,1,0,0,0,10,0
742.18,1758,1,2,1,1,0,6,0
1837.47,223,2,1,0,0,0,12,0
571.05,269,2,2,1,0,0,4,0
595.16,810,4,0,2,0,0,4,1
646.78,893,3,1,1,0,0,1,0
4243.18,901,2,0,1,0,0,14,0
50.0,919,2,0,0,1,0,21,0
1628.8,318,2,1,1,0,0,0,0
1134.87,385,3,0,3,0,0,3,0
204.21,1610,2,2,1,0,0,7,0
1494.77,626,2,1,2,0,0,15,0
1764.73,1243,2,2,1,0,0,16,0
1977.6,1078,1,0,0,0,0,4,0
77.34,1224,2,1,1,0,0,12,0
4300.08,1908,0,0,1,0,0,5,0
524.4,643,2,1,1,0,0,7,0
2178.88,1363,1,0,0,0,0,18,0
2300.94,704,5,2,0,0,0,18,1
456.37,1715,4,0,1,1,1,13,0
2122.73,1922,3,0,3,0,1,8,1
745.84,305,5,2,1,0,0,3,0
138.19,1823,0,0,1,1,1,5,1
3525.37,1776,3,1,1,0,0,17,0
505.2,1269,2,1,3,1,0,5,0
466.62,842,4,1,3,1,0,3,1
732.84,1653,2,2,0,0,0,23,0
1439.77,1232,3,0,0,1,0,9,0
1035.59,1748,3,3,1,0,0,9,0
1897.07,511,3,1,1,0,1,19,0
287.3,1283,4,0,1,0,0,23,0
521.97,1404,3,2,1,0,1,15,1
976.53,163,3,1,1,0,0,21,0
7316.5,738,4,0,1,0,0,2,0
978.66,341,5,3,1,1,0,12,1
3246.14,932,1,2,1,0,0,2,0
1139.74,1600,5,2,0,0,0,9,0
676.1,1952,1,0,1,0,0,14,0
856.86,1782,5,0,0,0,0,17,0
926.65,530,4,0,3,0,1,6,0
2005.49,34,0,1,0,1,0,16,0
4335.58,1848,3,2,2,0,0,1,1
1571.33,998,2,1,1,0,0,14,0
3594.2,323,3,2,3,1,1,11,0
417.89,1205,4,2,0,0,0,7,0
724.42,1987,3,0,0,1,0,2,1
531.5,347,5,1,0,0,0,9,0
1501.84,1730,3,1,2,0,0,1,1
765.89,1216,2,1,1,0,0,10,0
2275.09,1603,4,1,2,0,1,14,1
432.25,721,4,0,1,0,0,5,0
1144.85,1902,5,1,3,0,0,7,0
2179.52,1703,4,0,1,0,0,18,0
139.03,1270,8,1,0,0,0,12,0
9151.12,245,2,1,0,0,0,13,0
826.21,678,2,2,0,0,0,11,1
144.74,1832,4,1,0,0,0,13,0
1284.46,915,0,3,2,0,0,17,0
1133.93,723,7,1,0,1,0,22,1
1010.4,1004,5,2,1,1,1,14,1
2954.81,133,5,0,1,0,0,3,0
2315.65,1221,3,0,0,0,0,21,0
1477.16,910,3,2,1,0,0,13,0
1720.13,1371,2,0,1,0,0,14,0
987.96,49,3,1,0,0,0,21,0
6473.62,1088,4,1,1,0,0,20,0
249.84,1648,5,0,0,0,0,14,0
1260.99,1892,1,0,0,0,0,7,0
1170.31,1721,3,0,0,0,0,22,0
2473.23,1128,2,0,1,0,0,6,0
471.61,1955,4,2,2,0,0,0,0
191.78,213,2,2,0,1,0,20,0
1282.83,1541,3,1,0,0,0,7,0
1452.77,119,2,1,0,0,0,20,0
4863.92,856,0,0,0,0,0,7,0
307.86,761,5,1,0,0,1,4,0
3479.67,679,2,1,0,0,0,3,0
11700.82,895,2,1,1,1,1,7,1
751.62,1266,2,2,2,0,0,21,0
301.59,280,3,2,1,0,0,12,0
729.99,424,2,2,0,0,0,0,0
1112.1,363,3,2,0,0,1,5,0
1927.13,1021,3,1,0,0,0,17,0
607.05,1774,3,2,1,0,0,23,0
5193.68,1330,4,1,0,1,0,18,0
359.77,1741,3,2,0,0,0,16,0
192.63,1510,4,1,2,0,1,8,1
3316.65,314,3,1,0,0,0,11,0
112.77,1537,2,0,1,0,0,22,0
894.15,1707,5,0,1,0,0,21,1
24777.25,1191,2,1,1,1,0,14,0
1083.51,1418,5,0,1,0,0,6,0
357.53,770,1,0,0,0,1,11,0
1035.46,1087,3,1,1,0,0,14,0
1042.31,272,4,1,1,0,1,2,1
1287.75,1061,6,1,0,0,0,20,0
2126.56,1040,5,1,0,0,1,14,0
387.95,1790,6,1,2,0,0,13,0
5928.63,343,3,1,1,0,0,18,0
1401.24,346,2,2,1,0,0,10,0
2268.32,1872,2,0,0,1,0,21,0
585.14,1563,5,0,0,0,0,2,0
3969.45,1983,3,1,1,0,0,22,0
848.06,1647,0,1,0,0,0,4,1
1447.44,233,3,0,1,1,0,12,0
431.34,990,2,1,1,0,0,22,0
404.67,576,3,0,1,0,0,12,0
2182.45,1633,1,0,1,0,1,14,1
703.73,416,1,1,0,0,0,20,0
466.93,905,3,0,0,0,0,2,0
576.41,267,2,1,0,0,0,4,0
2206.04,997,1,0,0,1,0,14,0
584.62,1350,0,1,0,0,0,16,0
974.91,1950,2,4,0,0,0,11,0
1113.24,744,11,0,0,0,0,0,0
161.2,911,3,2,2,0,0,1,1
251.86,443,3,0,0,0,0,16,0
1534.99,560,3,2,3,0,0,13,0
524.78,1886,4,2,2,0,0,6,1
3154.94,1746,4,0,4,0,0,15,0
2883.64,76,3,3,0,0,0,11,0
2251.09,247,5,0,1,0,1,17,0
6766.72,1852,3,1,1,0,1,19,0
1009.2,580,3,0,1,0,0,20,0
2098.3,313,4,0,3,0,0,2,1
611.31,576,5,0,0,0,1,4,0
12738.32,1718,4,0,0,1,0,14,0
7971.55,1616,6,0,0,0,0,11,0
1109.74,343,0,0,0,1,0,9,0
1614.19,715,5,1,0,0,1,1,0
4269.69,1206,4,1,0,0,1,22,0
946.58,1979,4,0,1,0,1,8,0
568.71,984,3,4,0,0,0,14,0
2628.03,726,2,0,1,0,0,15,0
1186.12,1959,2,2,0,0,1,10,0
1316.85,632,2,2,0,0,0,20,0
476.15,399,6,2,1,0,0,14,0
196.83,1265,2,1,0,0,1,10,1
1388.73,1871,0,0,2,0,1,8,1
2710.7,714,4,1,1,0,0,6,0
874.97,924,2,0,2,0,0,15,0
4612.06,292,7,0,2,0,0,3,1
542.44,54,4,0,0,0,1,20,0
381.95,1169,3,1,1,0,0,22,0
1025.33,1380,6,0,0,0,0,5,0
1009.7,1622,8,0,0,0,0,21,0
2368.4,983,4,2,1,0,0,13,1
505.24,477,3,0,1,1,0,23,0
4307.42,22,1,0,0,0,0,10,0
7839.4,1355,1,1,0,0,1,10,1
1054.54,1316,3,1,0,0,0,14,0
3826.52,1260,4,0,2,0,0,11,0
381.27,1053,2,2,2,0,0,3,0
3213.84,695,2,2,0,0,0,7,0
3125.27,1962,1,0,2,0,0,20,0
2600.44,160,2,1,0,0,0,15,0
1079.7,910,0,0,1,0,0,11,0
57.15,530,1,0,0,1,0,2,0
577.25,1574,3,4,2,0,1,6,0
586.45,101,3,0,0,1,1,18,0
412.3,1314,4,3,1,1,0,0,1
1239.23,1401,1,2,1,0,0,22,0
721.29,1197,3,0,0,0,1,19,0
480.77,343,3,0,0,0,0,18,0
380.39,1952,3,0,1,0,0,11,0
536.19,1902,2,0,0,0,0,15,0
3366.06,579,5,1,1,0,0,3,1
566.22,1215,5,1,1,0,0,11,0
655.28,1463,3,1,1,1,0,13,0
694.58,1579,5,0,2,0,0,3,0
1539.16,1659,3,4,3,0,0,5,0
1730.65,790,6,0,0,0,0,21,0
52.21,1367,3,0,1,0,1,2,1
3046.15,1732,8,0,1,0,1,5,0
4611.77,845,4,0,1,0,0,0,0
383.68,125,3,1,2,0,1,18,0
414.76,1632,0,0,1,0,0,9,0
699.07,890,2,0,0,0,0,22,0
514.91,669,3,1,0,0,0,3,1
1371.87,1576,3,1,1,0,1,5,1
156.57,1384,4,2,2,0,0,6,0
358.55,503,4,0,0,0,1,7,0
5111.24,173,4,0,0,1,0,5,0
433.45,887,4,0,0,1,0,5,0
3802.55,1418,3,2,1,0,0,4,1
1564.53,1485,2,2,0,0,1,20,1
179.6,1709,2,2,1,0,0,18,0
2070.05,120,3,3,1,0,0,19,0
974.9,273,1,1,1,0,1,9,0
695.43,1382,2,0,0,0,0,2,0
1401.02,1410,1,0,2,0,1,23,1
1762.76,913,4,1,2,0,0,11,0
2225.18,876,2,1,3,0,0,11,0
3562.62,858,1,1,0,0,1,3,0
1649.35,1911,2,0,0,0,0,14,0
277.1,1958,3,2,1,0,1,7,0
682.9,1957,5,2,1,1,0,1,1
20807.07,1343,2,0,0,0,0,12,0
2263.1,261,6,2,1,0,0,8,0
11722.76,1305,2,0,0,0,1,4,0
4426.81,1353,4,0,0,0,0,4,0
1396.61,1148,4,1,0,0,0,21,0
1482.38,1500,1,3,0,0,0,16,0
1057.24,278,3,1,1,0,0,12,1
192.9,93,1,0,1,0,0,13,0
1116.6,959,1,1,0,0,0,11,1
3680.02,1571,2,0,0,0,1,10,0
602.06,823,3,3,1,1,1,0,0
1655.66,128,0,1,0,0,0,3,0
2569.82,532,3,0,1,0,0,6,0
441.56,773,3,2,0,0,0,20,0
698.33,167,1,2,1,0,0,16,1
396.27,831,5,1,6,0,0,5,0
481.95,236,5,0,1,0,1,10,0
302.59,1056,2,3,0,0,0,12,1
445.66,1255,1,2,2,0,0,20,0
4534.43,191,1,2,1,0,0,23,0
439.01,1866,1,0,0,0,0,15,0
1244.46,1960,2,0,0,0,0,15,0
663.24,657,3,0,1,0,0,13,0
3564.81,613,4,0,0,0,0,8,0
4069.04,1615,1,0,0,1,0,20,0
2602.09,1532,4,0,1,0,0,23,0
1489.41,1481,3,0,0,1,0,10,1
870.39,1696,2,2,0,0,1,19,0
332.99,255,2,2,3,0,0,23,0
7658.17,1303,3,0,0,0,0,0,0
513.03,1995,1,0,0,0,0,3,0
2129.51,1724,2,0,0,0,0,14,0
3163.92,973,2,1,2,1,0,2,1
629.37,1746,1,0,0,1,0,11,0
3096.45,1777,3,0,0,1,0,4,0
2354.81,1080,4,0,1,0,0,4,0
6173.15,649,3,0,0,1,0,13,0
685.85,106,6,1,0,0,0,12,0
303.12,1605,6,1,0,0,0,19,0
661.5,1726,5,1,0,0,1,17,0
1351.34,192,0,1,1,0,0,17,0
1162.37,1003,1,1,0,0,0,13,0
739.93,1302,1,1,0,1,1,23,0
162.52,1568,2,0,0,1,0,8,0
1755.45,175,4,0,1,1,0,21,0
7882.06,1794,3,0,1,1,0,2,0
1744.55,635,3,0,0,0,0,20,0
2016.53,85,3,0,0,0,1,20,0
1943.89,948,1,1,0,0,0,9,0
1631.16,728,1,3,1,1,0,15,1
2784.06,1240,4,3,1,0,0,19,1
1628.43,1038,2,0,1,0,0,21,0
802.17,1061,2,1,1,1,0,9,1
494.73,1051,1,0,0,0,0,9,1
854.94,1688,4,1,0,0,0,10,0
1501.36,1600,3,1,1,0,1,0,1
799.44,70,0,0,0,1,0,16,0
1501.68,154,4,2,1,1,0,8,0
1701.3,1462,2,0,1,0,0,15,0
2522.94,765,3,1,0,0,0,5,1
3955.23,271,1,1,0,0,0,8,0
1185.6,541,2,1,0,0,0,3,1
296.55,1098,5,2,0,0,1,21,0
776.58,1820,2,1,1,1,0,23,0
1146.03,571,6,2,2,0,1,11,0
174.9,1779,2,0,0,0,0,11,0
4396.94,1865,4,0,3,0,1,11,0
1264.43,149,5,0,1,0,0,16,0
1605.76,1530,0,0,3,0,0,23,0
4296.37,10,3,2,0,1,0,2,1
583.97,644,3,2,1,0,0,23,0
1946.99,1526,3,0,1,0,0,1,0
982.53,62,3,1,1,0,0,9,0
912.25,1412,2,0,0,0,0,11,0
506.64,1919,0,0,1,0,0,1,0
5799.94,774,7,0,0,0,0,6,0
753.33,1754,1,1,0,0,0,6,0
2207.17,1256,2,0,0,0,0,22,0
168.17,1872,1,1,0,0,1,16,0
3568.81,1608,1,2,0,0,1,2,0
3140.73,528,2,3,2,1,0,10,1
1208.86,1574,5,1,1,0,0,23,0
873.98,1713,6,0,1,0,0,14,1
1635.98,445,5,0,0,1,0,11,0
10816.1,1345,4,0,1,1,0,14,1
188.06,1918,2,2,1,0,0,23,0
2397.13,1107,4,0,1,0,0,13,0
440.71,1458,3,0,0,0,0,20,0
1075.01,17,1,2,1,0,0,18,0
855.87,369,4,3,0,0,0,6,0
714.57,1692,2,1,0,0,0,10,0
1085.22,684,5,1,1,0,0,15,0
352.77,908,1,1,1,0,0,22,0
3069.23,1606,2,2,0,0,0,7,1
182.34,583,4,0,0,0,1,23,0
1881.39,255,6,2,0,1,1,5,0
791.13,456,1,1,1,0,0,22,0
340.04,643,1,1,2,0,0,1,1
1342.63,561,2,2,0,0,0,22,0
231.15,533,5,3,0,1,1,1,1
1141.06,1416,2,0,0,1,1,15,1
264.31,320,0,0,0,0,0,17,0
1739.36,220,5,1,0,0,1,2,0
435.13,699,3,1,3,0,0,9,0
698.55,1438,1,0,0,0,0,7,0
1471.37,32,5,0,0,0,0,16,0
506.47,715,2,1,1,1,1,15,0
1034.88,1812,4,1,1,0,0,4,0
241.33,754,1,4,2,0,0,17,0
2060.85,1040,2,1,2,0,1,14,1
6405.51,409,4,0,1,0,1,4,1
17893.79,828,5,0,0,0,0,11,0
1201.31,173,3,1,0,0,1,19,0
2411.98,1673,3,0,1,0,0,1,0
184.82,1203,2,0,1,0,0,4,0
4928.23,1895,3,2,1,0,0,22,0
2383.27,1597,4,3,0,1,0,15,0
675.91,1521,12,1,1,0,1,2,1
3778.87,936,0,0,1,0,0,4,1
850.24,1128,2,2,0,0,0,8,0
693.66,1341,3,0,0,0,0,23,0
1763.99,707,6,1,2,0,1,6,0
378.66,1792,3,0,2,0,1,8,1
3046.12,976,3,2,1,0,0,20,0
381.46,1612,4,0,2,0,1,8,0
383.73,783,4,0,1,1,0,11,1
441.56,1205,4,0,1,0,1,16,0
2343.73,132,3,2,0,0,0,6,1
591.83,663,4,0,1,0,1,6,1
284.86,1179,3,1,1,0,0,11,0
598.44,359,3,0,0,0,0,1,0
1062.05,1259,6,2,4,0,1,11,1
336.64,760,3,1,1,0,0,9,0
346.65,165,1,1,0,0,0,8,0
9057.03,717,3,1,1,0,0,18,0
463.79,427,4,2,2,1,0,4,1
793.9,677,1,0,3,0,0,21,0
759.58,488,4,0,1,0,0,10,0
719.56,213,10,1,2,1,1,8,1
2041.31,1949,3,0,0,0,0,5,0
2830.31,766,4,3,1,0,0,8,0
807.58,157,3,1,1,1,0,13,0
318.47,1713,1,1,1,0,0,2,0
3922.33,1099,4,2,0,1,0,5,0
996.91,435,0,0,0,1,0,10,0
6187.72,1202,2,0,0,1,0,17,0
116.1,1820,2,2,0,1,0,14,1
1333.29,842,7,0,0,0,0,16,0
7469.67,645,1,2,1,0,0,0,1
770.27,1661,0,0,0,0,0,13,0
875.25,312,0,1,0,0,0,22,0
1473.67,1856,0,2,2,0,0,14,0
627.16,127,2,0,1,0,0,10,0
802.66,377,4,2,2,0,0,22,0
782.26,1369,2,0,1,0,0,13,0
585.57,225,2,0,0,0,0,0,0
3747.55,1041,1,0,2,0,0,11,0
1739.02,497,5,0,0,0,0,6,0
1408.99,473,3,0,3,0,0,14,1
2461.61,1889,6,1,2,0,0,8,0
841.89,1335,4,0,1,0,0,4,0
505.63,1782,5,1,0,0,0,2,0
600.27,1161,4,0,1,0,1,12,0
1098.59,475,2,1,1,1,0,14,0
380.23,217,1,1,0,0,0,5,0
664.97,196,2,1,0,1,0,1,1
654.51,201,6,0,0,0,0,11,0
9177.92,366,4,1,0,0,0,2,1
68.46,719,2,2,0,1,1,21,0
916.33,1552,2,2,0,0,0,3,0
6159.15,400,1,0,0,0,1,5,0
1238.73,1549,4,0,0,0,0,17,0
2329.52,590,2,0,2,0,0,10,0
1211.76,214,2,1,0,1,0,15,0
562.65,341,1,1,3,0,0,18,0
116.52,1353,2,1,0,0,1,3,0
1346.76,959,1,1,0,1,1,22,1
504.92,119,2,1,2,0,1,15,0
492.58,1449,6,0,1,1,0,10,0
665.82,1717,2,1,1,0,0,16,0
6278.34,836,2,2,1,1,0,5,1
12147.0,842,6,1,0,0,0,9,0
1362.68,867,3,5,2,0,0,5,0
688.99,1397,2,2,1,0,0,18,1
337.91,1673,6,3,0,0,0,6,1
1752.05,1203,1,1,1,0,1,21,0
6521.8,1456,4,0,0,1,0,21,0
856.33,1744,5,1,1,1,0,2,0
101.6,945,4,3,1,0,0,14,0
2143.19,402,2,1,0,0,0,1,0
2937.75,1418,3,0,2,0,0,15,0
224.56,883,2,1,1,0,0,22,0
1308.3,566,0,1,2,1,1,15,0
1721.97,1103,2,0,0,0,0,7,0
1019.32,1807,0,0,0,0,0,20,0
497.32,1931,6,0,0,0,0,0,0
3028.85,424,6,1,1,0,0,8,0
732.61,118,8,2,0,0,0,4,0
248.34,368,4,3,2,0,0,20,1
141.25,1130,8,0,1,0,0,16,0
3869.38,1129,2,2,0,0,0,13,0
2031.77,1327,5,0,0,1,0,20,0
1197.48,630,1,1,0,0,1,1,0
706.08,1918,6,3,0,0,0,19,1
646.13,1765,4,0,2,0,0,6,0
374.0,148,6,3,0,0,0,23,0
712.33,1890,1,0,1,0,0,20,0
131.62,150,4,1,0,0,0,6,0
525.28,816,3,2,0,0,0,22,0
803.57,256,3,2,2,0,1,6,1
2018.04,82,4,0,0,0,0,5,0
1053.71,16,3,0,1,0,0,6,0
2428.24,901,5,0,1,0,1,5,0
4226.52,193,1,1,1,0,0,16,0
3159.5,723,3,0,0,0,0,9,0
1755.5,1098,4,1,0,0,0,17,0
1109.72,1301,3,0,1,0,0,18,0
411.25,1085,0,1,0,0,0,5,0
2298.34,973,5,0,1,0,0,11,0
5882.56,951,3,2,1,1,0,20,0
1543.96,536,2,0,0,0,0,5,1
7459.62,1559,4,1,1,0,0,19,0
238.51,343,4,0,2,0,0,11,0
345.79,395,4,2,1,0,0,4,0
2579.11,943,5,2,1,0,0,4,0
1428.37,258,1,2,0,0,0,21,0
4079.71,1222,5,2,0,0,0,0,0
1079.8,53,2,0,0,0,1,1,0
460.37,651,5,0,0,1,1,11,0
885.73,271,2,3,0,1,1,18,1
236.82,201,1,1,0,0,0,2,0
354.75,396,3,1,2,0,0,10,0
2899.94,378,3,0,1,0,1,8,0
2624.87,1915,4,0,0,1,0,10,0
1576.57,676,2,3,0,1,0,10,1
196.16,1628,2,1,0,0,1,5,0
766.32,535,3,2,1,0,0,16,0
322.14,923,0,0,0,1,0,23,0
3556.5,1112,2,2,1,0,0,12,0
611.72,398,1,0,0,0,1,20,0
370.28,1206,4,1,1,0,0,13,0
1129.8,867,2,1,1,0,0,5,0
578.16,1307,2,1,2,1,1,9,0
4835.52,1557,1,0,0,0,0,16,0
525.94,561,3,0,0,1,0,5,0
270.64,190,1,1,0,1,1,7,0
127.37,205,4,0,0,0,1,19,0
1063.39,968,6,0,0,0,0,13,0
625.2,44,6,2,1,0,1,14,0
262.72,1004,2,0,0,0,0,18,0
3601.93,1324,4,3,1,0,0,23,0
2137.19,1019,2,1,3,1,0,1,0
1066.12,640,2,1,1,0,0,17,0
4291.22,994,4,1,1,0,0,3,0
2127.15,701,4,1,1,0,0,4,0
481.61,1706,4,0,0,0,0,16,0
387.91,1303,5,1,0,0,0,11,0
2484.88,713,3,0,0,0,0,9,0
1630.05,1409,3,0,2,1,0,15,1
1299.52,637,4,1,0,1,0,4,0
470.36,804,6,1,0,1,0,20,0
2014.14,311,4,0,0,0,0,0,0
515.17,878,1,0,0,0,1,12,0
990.31,1552,4,0,1,0,0,3,0
4660.81,857,4,1,0,0,0,9,1
566.32,274,0,0,1,0,0,0,0
227.47,1506,5,0,1,0,1,14,0
382.78,1830,0,2,0,0,0,11,0
2964.01,1475,2,0,1,1,0,0,1
1414.78,1556,2,0,1,0,1,14,0
964.03,531,4,0,0,0,0,9,0
659.12,1549,3,0,2,0,1,16,0
1781.77,17,6,0,1,0,1,2,1
469.14,718,5,1,1,0,0,12,1
1488.71,1054,3,0,0,0,0,11,0
527.81,470,2,1,0,0,0,7,0
446.9,811,3,1,0,0,0,10,0
579.7,1328,5,2,0,0,0,11,1
753.4,555,4,1,0,0,1,1,0
1044.37,93,3,5,0,0,0,16,0
1387.77,882,2,1,1,0,1,15,0
50.0,578,3,2,1,0,0,7,0
488.99,631,3,2,1,1,0,22,1
741.32,821,4,2,0,0,0,12,0
4939.71,584,1,0,2,0,1,3,0
372.41,846,11,0,1,0,0,12,0
1290.51,1186,2,1,0,0,0,21,0
4890.4,1997,2,3,0,1,0,15,0
295.02,842,3,0,0,0,0,12,0
1626.16,328,1,0,2,0,0,17,0
491.63,1991,3,1,1,1,0,15,0
662.07,1805,4,4,1,0,0,14,0
491.22,730,3,1,1,1,0,3,0
527.5,254,0,1,0,0,0,5,0
16679.11,1464,4,4,1,0,1,9,1
2551.55,571,3,0,0,0,0,4,0
3300.2,544,5,0,0,0,0,14,0
1793.62,851,5,1,3,0,1,15,1
220.03,120,3,1,0,0,0,15,0
1627.76,975,3,1,1,0,0,23,0
3206.48,822,3,0,0,0,0,6,0
467.13,514,4,1,3,0,0,18,1
2879.37,1654,5,1,0,0,0,22,0
2217.94,1573,3,0,0,0,0,7,0
6988.63,979,2,1,2,1,1,1,1
722.14,97,3,1,0,0,0,17,0
365.91,871,2,3,0,0,1,17,0
763.85,1394,2,0,0,0,0,1,0
4608.1,1441,1,2,0,0,0,2,0
176.2,257,0,3,1,0,0,7,0
138.6,128,7,1,1,0,0,15,0
1199.18,1383,6,1,0,1,0,20,1
704.45,1180,8,1,1,1,0,4,1
1105.14,1681,1,1,2,0,0,22,0
2822.31,57,3,1,1,0,0,15,0
631.08,582,0,2,1,1,0,19,0
168.51,1972,3,1,1,0,0,3,1
8471.66,556,4,1,1,0,0,21,0
404.55,724,6,2,1,0,0,12,0
380.3,1711,5,0,1,0,0,22,0
3306.75,653,3,1,3,0,0,20,0
746.59,1100,3,0,0,1,0,6,0
1029.28,158,3,3,2,0,0,15,1
1777.19,85,7,0,3,0,0,10,0
3240.82,322,4,2,1,1,1,2,0
785.67,309,4,1,1,0,0,23,0
5013.81,1554,4,1,1,0,1,16,0
129.57,284,5,0,2,0,0,1,1
2344.41,1924,3,3,0,0,0,8,0
473.65,1066,2,0,2,0,0,3,0
4325.45,1003,1,1,0,0,1,5,0
1264.01,1918,6,4,0,0,0,0,1
559.53,1909,4,3,0,0,0,8,0
2127.79,134,5,1,3,0,0,17,1
2678.97,614,2,0,0,0,1,14,0
2083.69,649,1,0,2,0,0,14,0
391.62,1428,1,0,0,0,0,13,0
675.86,1517,0,0,1,0,0,7,0
1092.18,1246,2,1,2,0,0,12,0
1052.31,229,4,2,1,1,0,19,1
2320.98,1830,2,2,0,0,1,8,1
146.22,1476,2,1,1,1,0,9,0
1532.0,998,2,0,1,1,0,9,0
820.59,1330,2,1,0,0,1,19,0
474.14,1852,3,2,0,0,0,13,0
521.92,1933,6,2,1,0,0,0,0
884.89,119,3,0,0,0,0,14,0
50.0,1635,4,0,1,1,0,1,1
543.87,1886,3,0,0,0,0,19,0
456.77,938,2,0,0,0,0,17,0
1868.3,324,1,1,1,1,0,15,0
490.03,921,6,0,0,0,0,5,0
884.38,159,5,1,0,0,0,21,1
5127.0,239,5,3,2,1,0,5,0
2964.17,396,4,0,0,0,1,19,0
2703.42,320,5,1,0,0,0,19,0
665.23,1871,4,1,3,0,0,16,0
1887.54,1213,1,0,3,0,0,23,0
867.92,309,2,1,0,0,0,6,0
901.36,249,3,1,1,0,0,15,0
1651.91,538,3,0,0,1,0,16,0
603.66,701,7,3,0,0,0,16,0
4880.5,1530,1,0,0,0,0,12,0
934.37,394,3,0,0,0,0,4,0
2035.22,652,3,1,2,0,0,23,0
4701.33,1018,7,0,1,0,0,6,0
3076.83,406,7,3,0,1,1,18,1
268.03,1000,3,0,1,0,1,0,0
1711.11,1205,3,1,3,0,1,12,1
2567.58,21,2,1,1,1,0,17,1
2675.42,1699,4,0,1,1,0,6,0
360.22,1607,2,1,1,0,0,18,0
568.48,1618,3,0,3,0,0,22,0
2964.78,155,4,2,3,1,0,10,1
511.96,1852,6,1,1,0,0,3,0
812.65,867,2,0,2,1,0,13,0
5302.19,559,3,2,1,0,0,1,1
1045.45,194,1,2,2,0,0,13,0
530.18,1248,1,0,1,0,0,19,0
455.95,399,1,0,2,1,0,4,1
1529.54,1773,4,1,0,0,0,4,0
289.12,280,3,4,0,0,0,21,0
856.34,980,2,2,1,0,0,14,0
1530.32,1034,4,0,1,0,0,6,0
4020.45,1400,3,1,1,1,0,12,1
2137.83,472,3,0,1,0,0,23,0
536.97,152,1,0,1,0,1,6,0
3563.22,1880,0,0,1,0,0,2,0
812.8,1640,5,2,0,1,0,3,0
318.71,1148,3,1,0,0,0,2,0
923.3,1721,4,1,1,0,0,1,1
4620.09,802,3,1,1,0,1,23,1
1293.67,553,5,1,2,0,1,11,0
1110.45,1448,2,1,1,0,0,18,0
5637.59,1547,2,0,1,0,1,15,0
262.08,730,1,0,2,0,1,9,0
303.2,513,1,0,1,0,0,10,0
217.93,1950,8,0,2,0,1,18,1
1591.84,1013,3,0,0,0,0,11,0
1295.29,171,0,1,0,0,0,4,1
5129.36,850,2,2,0,1,0,16,0
1398.95,794,1,2,3,0,0,12,0
732.05,1589,1,1,0,0,0,6,0
1098.6,125,7,1,1,0,0,13,0
1233.62,175,4,0,2,1,1,2,1
206.07,504,2,0,1,0,0,11,0
16487.07,1801,3,1,1,1,0,6,0
1844.33,1801,5,2,1,0,0,1,0
1352.9,1409,3,0,2,0,0,15,0
2028.73,711,2,2,1,0,0,9,0
2229.23,1792,6,2,0,0,0,20,0
952.84,1708,4,1,0,0,0,7,0
583.33,1595,3,2,0,0,0,15,0
1997.1,1976,0,1,1,0,0,5,0
1612.77,106,3,1,0,0,0,18,0
487.9,1971,5,2,3,0,0,5,0
4532.53,1661,3,0,0,0,0,10,0
1470.49,528,1,1,1,0,0,13,1
2275.19,38,4,1,0,0,0,1,0
4411.28,395,4,3,2,0,0,2,0
1120.9,1779,3,0,0,0,0,10,0
1505.61,921,4,2,2,0,0,20,0
2465.2,477,2,2,0,0,0,0,0
531.2,1491,1,1,1,0,0,13,0
1157.54,722,5,2,1,0,0,17,0
1243.33,1529,2,1,1,0,0,6,0
421.55,315,2,0,1,0,1,8,0
11132.64,1309,3,0,0,0,0,11,0
268.46,1488,5,3,1,0,0,6,0
299.43,1704,3,1,1,0,1,12,0
4081.53,1288,3,1,0,0,0,20,0
2237.84,1634,2,1,3,0,0,15,0
393.09,1670,2,0,1,0,0,18,0
2012.81,1453,4,0,0,0,0,3,0
4759.27,365,3,0,0,0,0,20,0
1063.94,181,0,1,1,0,0,12,0
14747.41,734,3,3,2,0,0,21,0
195.57,876,2,2,1,0,1,12,0
2194.75,994,2,3,1,0,0,4,1
3521.1,661,2,1,0,0,0,22,0
2674.04,244,3,3,0,0,0,0,0
893.95,313,5,0,3,1,0,10,0
820.21,76,2,3,1,0,0,3,1
1709.82,1905,7,1,0,0,0,10,0
2479.36,262,3,3,1,0,1,17,1
2003.14,231,1,2,1,0,0,7,0
3102.79,703,4,1,2,0,0,14,0
395.89,1404,1,2,1,0,1,7,0
873.26,646,3,1,1,0,0,14,0
428.37,1333,3,1,0,1,0,20,0
745.37,1788,4,2,0,0,0,13,0
3026.68,1412,0,3,0,0,0,7,0
1221.68,757,0,1,1,0,0,7,0
14866.4,1801,2,0,1,0,1,16,0
1330.63,1349,2,2,0,1,0,0,0
1164.09,842,1,1,1,0,0,9,0
1219.48,879,2,3,3,0,1,18,1
579.51,1480,2,0,1,1,0,21,1
1035.01,1536,2,2,1,0,1,8,0
3387.3,1367,2,1,0,0,1,11,0
1229.02,516,0,3,0,0,0,12,0
495.98,442,4,2,0,0,0,16,0
434.81,1573,3,2,1,0,0,6,0
699.1,583,0,0,1,0,0,3,0
1180.7,262,5,0,1,0,0,17,0
3617.67,749,2,0,1,0,1,17,0
287.01,819,2,0,1,0,0,17,0
796.46,1002,3,0,1,0,0,22,0
1266.88,1487,1,0,0,0,0,19,0
175.26,867,2,1,0,0,0,9,0
476.47,1714,1,1,1,0,0,11,0
555.63,608,4,1,0,0,0,2,0
494.74,910,3,2,2,1,0,22,0
1328.61,1251,5,0,0,0,1,7,0
933.97,523,3,0,0,1,0,9,0
629.37,1802,4,4,1,1,0,21,0
1682.38,1213,0,0,1,0,0,6,0
6143.04,1233,5,2,2,0,1,10,0
5649.13,1037,2,1,0,1,1,16,0
160.33,1913,2,0,2,1,0,23,0
1952.9,162,6,0,1,0,0,5,0
917.8,1596,2,2,1,0,0,9,0
1280.69,1517,3,1,2,0,0,0,0
736.36,1459,9,1,0,0,0,16,0
1233.47,5,3,1,1,0,0,22,1
1275.9,202,3,2,1,1,0,0,1
614.65,416,5,0,2,0,0,11,1
447.48,1036,3,2,1,0,0,8,0
700.16,948,3,1,1,1,0,16,0
1386.11,1421,5,0,0,0,0,11,1
1996.19,1365,6,0,1,0,0,9,0
2574.34,752,5,0,0,0,1,15,0
669.02,950,5,1,0,1,0,2,0
1456.58,373,6,0,1,0,0,14,0
2871.25,1402,1,0,1,0,0,2,0
3517.81,1249,4,0,1,0,1,3,1
1033.98,1206,2,0,0,0,0,18,0
879.25,1321,2,1,1,0,0,8,0
1327.59,1840,6,1,0,0,0,4,0
347.34,1331,1,1,0,0,0,21,0
903.6,431,6,0,1,0,0,19,0
2309.04,690,2,2,0,0,0,1,1
2083.8,118,4,2,1,0,0,5,0
836.92,1376,6,2,0,0,0,13,0
1363.37,588,3,1,1,0,0,21,0
480.75,1070,1,2,1,0,0,11,0
2216.07,227,1,0,1,1,0,13,0
1014.53,1380,9,1,0,0,0,5,0
832.18,1318,4,2,1,0,0,4,1
763.78,1264,4,2,2,1,0,9,0
1029.79,348,3,0,2,0,0,7,0
700.73,141,4,1,1,0,0,7,0
2117.82,204,3,1,1,0,1,3,1
738.57,1686,4,1,0,0,0,3,0
5393.58,1004,4,1,0,0,0,16,0
4746.73,1666,3,2,0,0,0,23,0
449.64,861,3,1,1,0,1,9,0
1175.8,845,0,0,0,0,1,10,0
572.12,995,1,0,1,0,0,14,0
791.04,1293,3,0,3,0,1,15,0
8122.78,313,1,1,1,0,0,6,0
806.28,1442,5,1,0,0,0,10,0
1572.19,1939,0,2,1,0,0,3,1
1884.32,137,4,1,0,0,0,15,0
403.17,1652,2,0,1,0,0,22,0
466.34,351,5,1,0,0,0,0,0
328.32,1185,1,0,0,1,0,7,0
452.16,1691,5,0,0,1,1,2,0
63.43,173,1,2,4,0,1,15,1
1890.47,1154,1,1,1,0,0,6,0
8554.34,79,3,0,1,0,0,0,0
1271.33,979,4,1,0,0,1,4,1
266.06,569,3,2,1,0,1,14,0
576.64,863,1,1,2,0,0,9,0
693.06,57,7,1,1,0,0,7,0
396.4,1424,5,1,1,0,0,5,1
2591.99,363,3,1,1,0,0,22,0
2465.77,1359,4,0,0,0,1,3,0
345.35,134,2,0,0,0,0,11,0
2264.44,14,1,1,1,0,0,9,0
5048.33,283,1,2,1,1,0,13,1
7350.75,806,2,1,0,0,0,20,0
19248.95,1683,4,1,0,0,0,13,1
444.97,1445,2,1,3,0,1,16,0
18475.86,127,2,3,1,0,1,9,0
769.54,1796,2,1,1,0,0,19,0
606.4,1850,3,0,0,0,1,8,0
1520.92,218,3,0,0,0,0,3,0
612.74,1929,4,4,0,0,0,10,0
1634.42,745,1,0,3,0,0,18,0
292.93,1905,3,3,1,0,0,1,1
863.72,680,1,1,1,0,0,19,1
3966.27,1679,5,1,0,1,0,15,0
1035.81,1513,0,1,0,0,1,21,0
1263.44,997,6,2,1,0,1,19,1
1763.86,260,3,2,1,1,0,21,0
3535.68,1242,3,1,1,0,0,3,0
209.51,1844,4,0,0,0,0,1,0
1967.51,1682,0,0,1,1,0,4,1
838.71,1513,3,1,1,0,0,9,0
1295.48,1973,4,2,1,0,0,17,0
3165.13,1467,4,2,0,0,0,0,0
332.23,99,3,0,1,0,0,11,0
398.36,182,1,0,1,0,0,3,0
158.31,169,2,3,1,0,0,18,0
633.23,233,2,2,2,1,1,16,0
4148.21,956,0,1,4,0,0,19,0
972.06,1117,2,0,0,1,0,22,0
287.11,1653,0,2,2,0,1,15,0
674.74,472,7,0,1,0,1,5,0
247.68,1540,0,0,0,0,1,6,0
355.96,1109,3,1,1,1,1,12,0
1617.79,679,6,1,3,0,0,2,0
339.04,1543,5,0,1,1,0,6,1
3336.36,381,1,0,0,1,0,18,0
1021.35,1431,2,1,0,1,0,21,0
1194.63,1256,5,1,0,0,0,21,0
830.17,251,3,0,0,0,0,2,0
2375.23,1109,3,2,0,1,0,12,0
2399.85,319,4,1,0,0,0,14,0
1533.11,193,3,0,0,0,1,14,0
1929.06,1659,3,1,2,0,1,17,0
887.06,937,3,0,0,0,0,20,0
1885.98,601,2,1,0,1,1,17,0
782.21,607,4,1,3,0,1,11,1
1099.08,1911,5,2,1,0,1,19,0
833.27,1324,3,4,0,0,0,10,0
694.21,1382,3,4,0,0,0,23,0
550.53,1581,2,2,0,0,0,4,0
1750.56,765,2,1,1,0,0,12,0
4066.78,1477,1,1,0,0,0,20,0
3537.24,885,6,1,0,0,0,8,0
312.13,991,4,0,1,1,0,9,0
3980.66,1587,2,1,0,0,0,8,0
797.79,506,5,4,0,1,0,18,0
1999.66,65,5,0,1,1,0,8,1
443.1,1590,4,0,0,0,0,1,0
1263.93,1976,5,1,0,0,1,12,0
1500.75,222,3,0,1,0,0,10,0
248.49,466,3,0,2,0,0,12,0
2014.78,72,6,0,1,0,1,7,0
4213.02,888,1,2,2,0,0,7,0
920.9,474,1,0,0,0,0,11,0
4273.41,1704,1,3,0,1,0,19,1
907.15,1722,1,1,1,0,1,14,0
2564.67,655,3,1,1,0,0,12,0
119.27,19,5,1,5,0,0,11,1
12317.52,522,0,0,0,0,0,15,0
4892.5,784,3,0,1,0,0,20,0
824.99,1707,2,0,1,0,0,15,0
152.61,415,4,1,2,0,0,6,0
1462.68,364,4,1,0,0,0,17,0
258.8,528,1,2,0,1,0,3,1
1711.03,1104,2,1,1,0,0,11,0
1655.02,796,2,2,1,0,1,15,0
427.77,1214,3,1,1,0,0,1,0
3364.27,1172,0,1,2,0,0,4,1
2454.25,1699,1,1,1,0,0,9,0
2909.75,443,4,0,0,0,0,10,0
1106.39,265,2,1,3,0,1,22,1
266.26,1896,3,1,0,0,0,17,0
2915.72,650,1,2,0,0,0,14,0
836.84,509,1,1,0,0,1,1,0
273.2,1325,2,0,0,0,0,21,0
4238.82,466,3,1,0,1,0,20,0
8949.99,365,4,1,2,0,0,17,0
1052.32,1423,3,0,1,1,0,5,1
9500.7,493,3,1,1,0,0,15,0
1201.49,542,2,0,3,0,0,18,0
749.6,1840,4,0,0,0,0,4,0
583.79,1504,1,1,0,1,0,12,0
5636.86,1192,2,1,0,0,0,10,0
502.63,1627,2,0,0,0,1,22,0
2287.62,1115,5,2,1,0,0,1,1
626.93,723,6,0,0,1,0,8,0
692.07,842,4,1,1,0,0,5,0
3072.51,300,3,1,3,0,0,13,0
749.92,174,1,0,1,0,0,0,0
731.58,646,3,1,0,0,0,3,0
3404.33,1397,2,0,0,0,1,10,0
5417.54,24,2,2,1,0,1,15,0
2089.52,1225,1,0,1,0,0,7,0
569.77,731,4,2,1,0,0,20,0
658.12,7,5,2,1,0,0,16,0
1187.87,1030,1,1,1,0,1,8,1
1511.61,1654,3,0,0,0,0,6,0
408.35,1185,2,2,1,0,0,11,0
2259.81,1621,4,1,2,0,1,11,1
1194.54,878,1,0,3,0,0,9,0
197.21,1272,4,4,0,0,1,21,1
433.15,166,0,2,0,0,1,1,0
662.4,428,5,2,0,0,0,22,0
1019.58,145,4,1,1,1,0,15,0
7253.79,1535,3,0,1,0,0,11,0
1391.55,1567,3,0,2,1,0,22,0
473.06,933,3,1,2,1,1,6,1
1367.35,509,3,4,2,0,0,5,1
771.17,907,3,2,0,0,0,9,0
1517.41,1244,2,1,1,0,0,2,0
1959.74,645,3,0,0,0,1,23,0
3674.71,1600,3,2,2,0,0,15,1
1070.32,76,4,0,3,0,0,2,0
5647.46,1667,2,1,0,0,0,11,0
2719.01,824,5,2,1,0,0,2,0
540.54,1343,1,1,1,0,0,11,0
9995.15,1897,2,0,0,0,0,20,0
1520.8,1062,1,2,0,0,0,22,1
475.74,566,7,1,0,0,0,6,0
5726.8,1666,1,1,0,0,0,1,1
8758.48,1754,6,1,2,0,0,4,0
1061.01,1538,2,1,0,0,0,14,0
662.72,1270,3,0,0,0,0,0,0
923.0,1164,3,0,1,1,0,8,0
2241.12,1832,4,2,0,0,0,22,0
3935.75,1282,3,0,0,1,0,23,0
1940.09,617,2,0,1,0,0,12,0
1214.06,381,4,0,0,0,0,19,0
4905.01,848,3,0,0,1,1,8,0
802.04,1502,1,0,0,0,0,6,0
3074.57,1209,1,0,2,0,0,13,0
822.16,303,5,3,0,0,0,4,0
1687.53,1518,3,0,0,0,0,18,0
978.91,756,5,0,1,0,0,23,1
1037.06,164,1,1,1,0,1,22,1
751.91,1668,1,1,0,0,0,7,0
4208.47,1227,5,1,0,0,0,21,0
526.93,1432,1,1,0,0,0,12,0
523.1,1234,4,0,1,0,0,16,0
9145.28,1883,2,0,1,1,1,14,1
2915.65,101,8,0,0,0,0,2,0
100.98,1470,3,0,0,0,0,23,0
623.12,898,3,1,1,0,0,15,0
179.11,783,6,0,1,0,0,9,0
423.82,1995,2,0,1,1,0,7,0
50.0,1585,4,1,1,1,0,18,0
956.24,368,3,1,0,0,0,22,0
350.04,1263,5,0,0,0,0,1,0
1164.33,727,1,1,1,0,1,9,0
215.91,1315,3,1,3,0,0,4,0
1191.43,372,5,1,3,0,0,23,0
724.21,862,2,1,1,0,0,15,0
4924.38,1455,4,4,0,0,0,10,0
4497.86,280,4,1,2,0,0,8,0
2405.1,1491,1,1,1,0,0,17,0
791.07,316,3,0,2,0,0,12,0
7985.48,1101,6,2,0,0,0,5,0
232.05,816,4,0,1,0,0,2,0
269.47,151,2,1,0,0,1,4,0
1008.5,1420,5,1,1,0,0,22,0
10446.67,1009,2,1,1,0,0,5,0
895.75,1520,7,1,0,0,0,20,0
913.02,1321,4,2,0,0,0,4,0
259.33,669,6,1,2,0,0,7,0
2824.06,1734,1,0,0,0,0,19,0
2844.6,1971,1,2,0,0,0,8,1
2414.08,1920,2,0,1,0,0,4,0
584.51,407,0,1,1,1,0,21,0
540.93,287,2,0,0,1,0,11,0
300.93,1517,2,2,0,0,0,1,0
1192.58,917,1,1,1,0,1,2,0
372.26,1560,3,2,1,0,0,18,1
337.84,1480,4,1,0,0,0,17,0
717.88,492,0,1,1,0,1,4,0
672.39,1033,5,1,2,0,0,17,0
640.35,1942,5,1,1,0,0,2,0
1748.38,1156,7,1,3,0,0,4,0
1186.84,1101,2,0,0,0,0,22,0
822.09,738,3,0,0,0,0,7,0
1316.87,131,1,3,0,1,1,2,1
406.86,997,3,0,2,0,0,21,0
1218.38,1912,3,2,1,0,0,18,0
1274.87,1436,2,1,0,1,0,10,1
243.95,1114,6,0,0,0,1,16,0
2968.15,498,2,0,1,0,0,10,0
454.21,1653,5,0,0,0,0,19,0
1200.28,622,2,1,1,0,0,22,0
3513.65,889,2,0,1,0,0,19,0
2767.44,354,5,1,0,0,0,20,0
1134.94,271,1,1,0,1,0,11,0
763.19,1416,3,0,0,0,1,18,0
2828.53,432,2,0,0,0,1,18,0
2153.17,739,3,2,0,1,0,6,0
590.89,472,5,0,2,0,0,21,0
495.27,1780,1,1,3,0,0,0,1
138.05,1332,0,1,0,0,0,11,0
1279.25,508,5,4,1,0,0,20,0
1009.59,55,4,0,1,0,0,5,0
3415.88,37,6,2,0,1,0,12,0
1570.35,900,4,1,1,0,0,1,1
4163.99,55,3,0,0,1,0,9,0
546.01,524,7,0,0,0,0,4,0
3422.58,915,0,0,0,0,0,6,0
646.18,463,1,0,0,0,0,0,0
2386.53,697,1,0,1,0,0,4,0
254.99,1502,4,1,0,1,1,22,1
1387.33,1773,0,0,0,1,0,7,0
150.7,1829,3,1,0,0,0,7,1
839.55,716,1,1,0,0,0,11,0
1703.35,1235,3,3,2,0,0,2,1
651.34,1250,3,0,1,1,0,3,1
383.59,1031,1,0,1,0,0,21,0
2555.79,732,3,0,1,0,0,20,0
988.84,1847,3,5,0,0,0,7,0
672.11,1564,2,0,1,1,0,1,1
1143.55,989,3,2,0,0,0,8,1
15316.24,1829,4,0,1,1,0,1,1
3475.53,212,1,2,0,0,0,8,0
3507.2,1213,5,2,0,0,0,8,0
1695.18,1099,3,0,2,0,0,4,0
1295.28,754,8,1,0,0,0,19,0
99.87,1138,1,1,0,0,0,11,0
556.14,1703,3,1,1,0,0,12,0
678.19,1642,4,1,0,0,1,1,0
168.19,1175,3,1,3,0,0,10,1
344.67,436,7,0,2,0,0,12,0
151.28,1902,4,0,0,1,0,3,0
1055.4,84,3,0,0,0,0,19,0
2486.83,1236,1,0,2,0,1,1,0
3316.86,779,4,0,1,0,0,16,0
1660.35,834,5,2,1,1,0,5,1
418.47,1805,4,2,1,0,0,22,1
158.85,461,3,0,1,0,1,6,1
189.26,1961,4,2,1,0,0,21,0
308.28,177,1,0,1,1,0,2,0
450.85,1807,4,0,0,0,0,23,1
934.72,312,3,2,0,1,0,10,0
397.75,1718,4,2,0,1,1,8,0
1539.14,1183,2,1,0,0,0,3,0
869.33,1725,1,3,0,1,0,7,0
1108.26,186,0,0,1,0,0,9,0
3429.78,1495,2,0,0,0,1,16,0
336.89,1980,5,0,0,1,0,5,0
1666.87,1333,3,0,0,0,0,5,0
1081.42,246,3,2,3,0,0,4,1
785.65,1853,1,1,1,0,0,2,0
2657.81,1017,1,0,2,0,0,1,1
2641.27,384,5,1,0,0,0,9,0
425.6,1066,6,0,0,0,0,1,0
914.01,285,2,0,1,0,0,22,0
1452.75,980,1,3,1,0,0,19,0
834.63,988,7,1,0,0,1,3,1
1968.49,1947,2,2,1,0,0,15,0
1452.72,300,3,0,0,0,0,22,0
6853.82,901,3,1,0,0,0,8,0
237.39,1460,1,0,1,0,0,9,0
970.26,1393,4,1,1,0,0,3,1
442.08,874,2,1,1,0,0,12,0
2006.42,486,4,0,0,0,1,6,0
217.64,1973,2,0,3,0,0,1,1
1550.47,436,3,1,2,0,0,2,1
584.03,806,3,0,1,0,0,9,0
526.28,1452,4,1,0,0,0,20,0
258.14,181,2,0,0,0,0,18,0
688.78,883,5,1,2,0,0,16,0
3243.8,1922,3,1,3,0,0,10,0
1069.36,877,2,0,0,0,0,11,0
2054.28,694,4,2,2,0,0,18,0
5794.37,340,2,3,0,0,0,0,1
1427.61,491,6,3,1,1,0,4,1
627.16,495,0,2,0,0,0,13,0
1749.79,1997,4,0,0,0,0,9,0
636.32,730,4,2,0,0,0,10,0
662.21,1187,1,2,0,0,0,11,0
239.87,1582,3,0,0,1,0,19,0
2769.04,456,1,1,1,0,0,16,0
745.46,1116,5,0,1,0,0,23,0
1315.67,105,3,1,2,0,0,5,1
389.18,719,2,0,0,1,0,11,1
1695.86,439,2,0,0,0,1,7,0
511.86,1522,4,2,1,0,0,6,1
951.74,1352,5,1,0,0,0,2,0
2638.13,651,4,1,0,0,0,19,0
2418.15,1565,2,2,1,0,0,5,0
1072.74,509,3,1,1,0,1,18,1
187.14,251,0,1,1,0,0,6,0
21868.68,965,7,1,1,0,0,20,0
6284.61,1215,3,1,2,0,1,15,1
2258.99,47,0,1,1,0,1,14,0
516.36,879,2,1,0,0,0,16,0
978.88,1275,6,2,0,0,0,10,0
636.88,1018,3,3,0,0,0,0,1
3881.03,775,6,0,0,0,0,12,0
1425.82,885,2,1,0,0,0,1,1
500.61,64,1,1,3,0,0,7,0
684.88,1874,0,0,1,0,0,19,0
3365.02,320,7,2,1,0,1,22,0
5432.19,860,2,0,0,0,0,4,0
5056.0,780,2,0,1,0,1,9,0
2337.96,1548,5,1,2,0,0,9,0
851.82,1316,1,1,0,0,0,8,0
50.0,29,2,1,2,0,0,20,1
1476.1,1675,3,1,2,0,0,23,1
1094.63,437,2,2,2,0,0,23,0
1261.41,1990,5,1,0,1,0,13,0
1157.36,1621,2,0,1,1,0,12,0
291.12,1610,4,0,0,0,0,10,0
1914.88,763,7,1,0,1,1,16,1
2063.62,736,6,0,0,0,0,17,0
2169.69,1071,1,1,0,1,0,15,0
2825.89,1441,1,1,0,0,0,19,0
2006.31,1617,0,1,4,1,0,5,1
727.76,451,4,1,1,0,0,6,0
1021.64,633,2,2,0,1,0,23,0
1201.26,1579,4,2,2,0,0,1,1
1221.33,1682,5,0,1,0,1,9,0
2975.65,1098,4,0,1,0,0,8,0
2087.39,1077,1,0,1,0,0,3,0
8754.68,233,5,1,0,0,1,2,1
9961.36,1831,2,1,0,0,0,17,0
1187.55,1899,1,2,0,0,0,11,0
50.0,200,2,1,0,0,0,6,0
3777.56,674,1,0,1,0,0,1,0
638.82,549,2,1,1,0,0,19,0
492.02,937,3,1,0,1,0,2,1
736.24,97,3,2,0,0,0,5,0
701.6,49,3,1,1,0,0,15,0
2022.86,896,4,1,2,1,0,11,0
230.57,522,3,1,1,0,0,11,0
373.26,40,4,1,0,0,1,23,0
1545.59,914,3,0,4,0,0,12,0
2044.57,1177,2,3,2,0,0,1,1
2082.95,1130,2,2,0,0,0,16,0
499.18,553,3,0,0,0,1,4,0
412.29,676,3,1,1,0,1,16,0
660.74,770,3,0,2,0,0,22,0
1393.92,211,8,0,0,0,0,10,0
4843.91,1226,3,1,0,0,0,15,0
141.54,433,5,0,1,0,0,19,0
879.43,707,4,3,1,0,0,10,0
289.26,565,2,0,1,1,0,1,0
210.14,147,5,1,0,0,0,6,0
2884.07,1523,4,0,3,0,0,22,0
1890.55,282,3,2,0,0,0,6,0
1718.89,1334,3,2,0,0,0,18,0
2754.6,755,5,2,0,0,0,9,0
678.77,1075,2,1,1,0,1,16,0
711.49,495,1,1,0,0,0,5,0
9756.91,409,0,1,1,0,1,9,1
856.99,1650,5,3,1,0,0,7,0
2287.31,273,6,1,0,0,0,15,0
1103.65,458,1,0,0,0,1,7,0
172.73,1144,3,0,0,0,0,2,0
141.94,1725,2,0,0,0,0,18,0
614.63,46,4,0,0,0,0,23,0
3152.97,1267,5,1,0,0,0,2,0
2412.19,311,2,0,0,0,0,23,0
2735.52,562,3,2,0,0,0,13,0
408.69,331,5,2,0,0,0,1,1
5518.56,11,3,2,2,0,0,8,1
417.84,908,5,1,1,0,0,17,0
1356.72,1448,4,0,1,0,0,12,0
1085.34,1072,2,1,2,0,1,4,1
921.61,1401,1,1,2,0,0,20,0
4182.2,1592,1,1,0,0,0,16,0
541.8,8,3,2,1,0,0,22,0
284.4,984,2,0,1,0,0,14,0
1118.78,1550,3,0,2,0,0,4,0
735.22,1751,2,0,0,1,0,11,0
32124.78,1394,2,1,1,0,0,0,1
2157.07,1464,3,0,1,0,0,4,0
728.26,1781,3,1,0,0,0,10,0
381.42,566,3,2,0,0,1,13,0
167.29,1508,3,0,0,0,0,4,0
393.38,273,7,1,2,0,0,6,0
1230.21,941,4,1,0,0,0,7,0
4570.27,901,8,2,0,0,0,4,1
3366.7,131,4,1,0,1,0,17,0
1378.97,1545,4,1,1,1,0,0,1
793.8,724,6,1,1,0,0,14,0
1434.85,634,2,1,0,0,0,1,0
652.86,114,3,0,1,0,0,16,0
6114.17,532,1,3,1,0,1,0,1
907.61,1523,4,1,0,0,0,21,0
1005.92,1363,5,0,0,0,0,19,0
119.6,1045,7,0,0,0,1,10,1
901.96,1744,4,0,1,1,0,7,1
2531.29,33,3,2,1,0,0,5,0
377.01,133,5,2,1,0,0,16,1
517.64,920,3,1,0,0,0,6,0
2422.88,1727,1,0,1,0,1,2,0
250.47,975,2,1,0,1,1,22,0
3158.34,26,2,2,2,0,0,8,1
644.1,1388,4,1,1,1,0,18,0
743.55,601,2,0,2,0,1,7,1
356.42,1116,2,0,1,0,0,2,0
1600.46,545,3,1,1,0,0,11,0
12834.24,1262,1,0,2,0,0,16,0
2395.86,18,6,1,0,0,0,4,0
462.07,1298,5,1,1,0,1,15,0
3413.93,934,1,1,0,0,0,7,0
798.97,289,3,2,0,1,0,1,0
4335.04,1051,5,1,1,0,1,8,0
2456.95,817,4,2,3,0,0,20,1
57.79,1458,1,1,0,0,0,18,0
401.79,1935,4,0,0,0,0,0,0
2819.7,108,6,0,1,0,0,2,0
1276.22,973,3,2,1,0,0,16,0
393.96,948,4,3,2,0,1,5,1
581.97,738,2,1,1,0,0,14,0
163.0,324,3,0,0,1,0,13,0
1003.88,867,2,0,0,0,1,5,0
10003.49,1555,4,2,0,0,0,14,0
2452.67,735,2,0,2,0,0,19,0
9802.74,793,3,1,2,0,1,8,0
2650.22,1128,5,2,0,0,0,23,0
3064.01,1868,3,1,0,0,1,11,0
7895.74,1356,1,2,1,1,0,23,0
1599.21,1386,3,0,1,0,1,14,0
909.39,1945,6,3,1,1,0,21,1
3079.92,289,1,0,0,0,0,12,0
4693.06,1468,3,1,0,0,1,12,0
678.6,1061,3,0,2,0,0,18,0
532.95,1372,4,1,0,0,0,20,0
1259.99,892,2,1,0,0,0,12,0
2518.7,1780,2,1,0,0,0,21,0
2435.95,43,3,1,1,1,0,12,0
263.97,1150,2,0,3,1,0,16,0
7417.56,9,6,0,1,0,0,23,1
577.57,1550,2,0,1,0,1,23,0
841.29,1155,1,0,0,1,0,2,0
444.68,1349,1,3,0,1,0,13,0
16290.36,184,3,2,0,1,0,15,1
1396.98,1306,3,0,0,0,0,15,0
468.26,895,2,1,2,0,0,13,1
2601.71,1077,3,2,1,0,1,23,1
2366.43,1577,0,1,0,1,0,2,1
908.93,1874,2,1,0,0,1,15,0
2541.75,870,3,2,0,0,0,8,0
480.44,533,3,1,1,0,0,2,0
669.87,1401,3,1,2,0,0,6,0
146.9,1319,4,1,1,0,0,21,0
291.79,1232,1,1,1,0,0,1,1
6685.06,1000,6,2,0,1,0,20,0
5661.41,663,2,2,0,0,0,5,0
1171.21,1501,2,2,2,0,0,17,0
5784.47,1994,2,1,0,0,1,21,0
934.42,954,4,2,1,1,1,23,0
859.71,69,3,1,1,0,0,9,0
1160.39,1867,4,0,0,0,0,13,0
967.85,1949,2,0,0,0,0,17,0
884.31,1854,6,0,1,0,1,6,0
3440.59,1461,3,2,1,0,0,3,0
1274.28,301,2,0,2,0,1,15,0
2236.08,27,2,1,1,0,0,13,0
3075.99,1652,2,1,0,1,1,6,1
1616.77,930,7,2,0,0,0,9,0
415.6,654,2,2,2,0,1,18,1
283.48,553,3,2,2,0,0,9,0
1272.55,106,1,1,1,0,0,0,0
924.03,586,0,1,3,1,0,19,0
1196.78,572,1,3,1,0,0,0,1
1079.17,810,0,0,0,0,0,23,0
14524.23,634,4,1,0,0,0,3,0
289.97,1971,2,2,1,0,0,22,0
149.91,1739,3,0,0,0,0,10,0
1529.01,1035,4,1,2,0,0,1,0
752.63,931,5,0,1,0,0,2,1
1504.28,659,5,1,1,1,0,23,0
1966.25,1240,3,0,0,0,0,2,0
3960.42,886,1,2,2,0,1,5,1
242.93,321,3,2,1,0,1,6,1
628.47,460,2,1,1,0,1,8,0
1683.72,1981,3,0,0,0,0,7,0
2369.57,1839,1,0,3,0,0,8,0
9832.51,1550,3,0,0,0,0,14,0
2851.8,579,4,0,0,0,0,4,0
1036.09,1716,0,1,0,0,0,15,0
450.14,877,2,1,3,0,1,18,0
623.73,754,0,0,2,0,0,8,0
606.25,160,2,2,0,1,0,8,0
2111.67,464,2,1,1,0,0,23,0
1417.99,998,4,3,0,0,0,2,1
291.88,1546,1,0,0,0,0,16,0
709.17,1660,5,2,2,0,0,10,0
2637.4,1297,2,0,1,0,0,7,0
1558.79,241,4,1,0,0,0,6,0
1936.51,936,5,1,3,0,0,15,0
1608.28,964,5,4,3,0,1,7,1
5577.14,959,6,0,1,0,0,8,0
1388.59,1679,2,2,1,0,1,21,1
745.44,865,0,1,0,0,0,8,0
438.89,1191,2,0,3,0,0,16,0
1407.56,1593,1,1,1,0,0,11,0
95.52,650,3,0,0,1,0,17,0
912.06,327,2,0,1,0,0,2,0
892.62,865,4,1,1,0,1,14,0
280.21,529,1,0,2,0,0,18,0
433.43,1868,6,2,2,0,0,7,1
2464.29,1297,5,1,0,0,1,8,0
1381.21,879,3,0,0,0,1,0,0
1214.14,1400,0,1,1,0,0,23,0
1489.73,1936,6,2,1,0,0,4,0
1203.06,1399,5,1,0,0,1,6,0
3800.4,334,2,1,0,0,0,12,0
1240.7,1027,3,2,1,0,0,8,0
255.13,1267,4,1,1,0,0,20,1
5597.81,1644,2,2,0,0,0,22,1
1588.17,1075,6,1,1,0,0,20,0
608.35,882,5,3,2,0,1,7,1
313.12,350,3,1,1,0,0,21,1
1629.31,174,3,2,3,0,0,1,1
975.38,116,6,1,0,0,0,6,0
5293.03,1719,0,1,0,0,1,13,0
775.95,361,2,0,1,0,0,11,0
474.67,1379,6,0,1,0,0,20,0
2685.97,1690,5,0,0,0,0,16,0
2766.34,1783,2,0,1,1,0,1,1
1298.09,76,3,0,0,0,0,3,1
2156.75,1951,4,0,0,1,1,2,1
1056.07,756,2,0,0,0,0,23,0
1385.57,1105,3,0,0,0,1,7,0
3515.69,1253,4,3,2,0,1,16,1
2049.43,72,6,0,1,0,0,6,0
925.86,1427,3,0,0,1,1,11,0
4240.19,1242,3,1,0,0,0,5,0
103.04,452,3,0,0,0,1,19,0
8536.22,911,1,1,2,0,0,14,0
199.15,1779,4,0,3,0,0,22,0
585.76,367,4,3,0,0,1,3,1
1052.67,826,3,1,2,0,0,6,1
947.21,1614,3,1,1,0,0,8,0
3000.13,670,3,3,0,0,0,3,1
380.76,1584,1,1,1,0,1,19,0
1423.35,1336,1,1,0,0,0,4,0
615.1,1322,3,0,0,0,0,22,0
1473.12,1048,6,4,0,0,0,2,0
1027.85,110,2,0,2,1,1,21,1
1203.44,52,4,2,3,0,0,0,0
632.75,1963,4,0,1,0,0,10,1
658.48,1314,5,2,0,0,0,22,0
1461.58,1468,3,2,0,0,0,20,0
2817.81,467,2,0,0,0,1,13,0
602.88,1283,5,0,2,0,0,17,0
460.0,1348,4,1,1,0,0,6,0
2025.27,1675,0,2,1,0,0,16,0
1061.56,1933,4,0,2,0,0,5,0
2516.18,818,3,6,0,0,0,1,0
443.28,1362,4,3,1,0,0,13,0
185.04,787,0,2,1,0,0,4,0
643.55,556,4,0,0,0,1,7,0
509.61,929,1,0,1,1,0,12,0
1013.55,1446,1,1,1,0,0,16,0
580.07,259,5,1,0,0,0,18,0
2300.81,1649,2,1,0,0,0,4,0
822.09,1763,8,0,1,0,0,15,0
1274.71,65,5,0,1,1,1,21,0
1283.87,163,3,1,0,0,0,9,0
1332.69,1188,6,2,0,0,0,22,0
1070.49,1702,4,1,1,0,0,21,0
1827.31,39,2,0,1,0,0,0,0
494.89,665,5,1,0,0,1,23,0
4444.48,320,2,1,0,0,0,6,0
865.63,360,2,1,1,0,0,12,0
295.44,269,2,0,2,0,0,17,0
1323.55,324,2,1,1,0,0,17,0
468.16,326,3,3,2,0,0,17,0
2133.11,1611,3,1,0,0,1,14,0
9992.65,257,5,0,0,1,0,23,0
499.41,200,2,1,1,0,0,18,0
1529.0,1462,3,0,3,1,0,22,0
189.52,610,2,0,1,0,0,9,0
1726.59,1128,5,0,0,0,0,12,0
452.27,1396,2,0,0,0,0,8,0
587.08,905,5,0,0,0,1,6,0
364.57,164,1,1,0,0,0,11,0
2280.5,1137,1,1,1,0,0,21,0
3002.81,615,4,2,1,0,1,20,1
1122.58,1573,2,1,1,1,0,20,1
462.0,106,2,1,0,1,0,5,0
5375.05,699,3,1,1,0,0,20,0
517.8,364,4,1,0,1,0,6,0
126.21,1045,4,1,1,0,0,15,0
1734.35,660,3,2,0,0,0,15,0
363.3,1153,6,1,0,1,0,11,1
2947.19,1507,3,0,0,0,0,5,0
749.09,699,1,2,0,1,0,22,0
2005.63,1820,0,0,0,1,0,2,0
4453.74,1223,6,2,1,1,0,13,0
327.39,747,5,1,0,0,0,14,0
622.7,1976,3,2,0,0,0,1,0
1016.71,1644,1,2,0,0,0,12,0
5102.83,1545,1,0,0,0,0,23,0
567.71,961,1,1,3,0,0,17,1
605.16,1444,1,2,0,0,0,23,0
1768.95,1250,3,2,0,1,0,23,0
615.71,930,1,0,0,0,0,14,0
1277.33,209,2,0,0,1,0,17,0
232.4,1269,7,1,1,0,0,0,0
10039.98,1312,4,0,1,0,1,6,0
284.94,1090,2,0,1,1,0,21,0
794.92,1892,3,1,0,0,0,0,0
1061.59,1177,2,1,0,0,0,2,0
7425.6,491,2,0,0,0,0,13,0
291.53,1459,3,2,1,0,1,16,0
7972.11,703,3,0,2,0,0,7,0
2338.29,1242,2,0,0,0,0,2,0
1664.19,1453,1,1,1,0,1,11,0
409.68,502,5,1,1,1,0,4,1
1941.35,666,5,4,0,0,0,3,0
531.93,1813,3,2,0,0,1,17,1
3891.93,1618,2,2,1,0,1,5,0
415.27,221,3,1,2,0,0,10,0
979.3,435,4,1,0,0,0,5,0
629.37,280,3,0,0,0,0,2,0
408.49,1647,1,3,0,1,0,18,1
2301.51,1116,2,3,2,1,0,6,1
1873.3,524,4,2,1,0,0,8,0
3673.9,1163,4,1,3,0,0,11,0
184.96,667,2,0,0,1,0,20,0
3178.52,1047,1,1,1,0,0,23,0
13432.72,1441,1,0,1,0,0,22,0
698.1,732,2,0,0,0,0,8,0
7296.49,348,3,2,0,1,0,8,1
842.89,1261,6,1,0,0,0,19,0
277.99,765,4,2,0,1,0,14,0
807.84,934,3,2,2,0,0,1,0
3128.17,183,4,0,0,0,1,11,0
474.29,508,5,1,1,0,0,23,0
601.64,198,3,1,0,0,1,4,0
1985.33,1706,7,1,0,1,1,9,0
1099.99,1147,5,2,0,0,0,5,0
1967.7,1949,3,2,1,1,1,20,0
1391.07,1570,6,2,0,0,0,3,0
1771.58,381,2,0,0,1,0,11,0
711.73,825,1,1,3,0,0,0,1
1382.61,1539,3,0,0,0,1,18,0
433.82,1030,1,2,2,0,0,6,0
3977.6,1328,3,1,0,0,0,6,0
581.57,1638,2,0,3,0,0,0,0
3390.89,192,3,2,0,0,0,0,0
868.17,1400,4,1,1,0,0,6,0
1342.11,525,3,1,2,0,1,19,0
668.5,1060,2,0,1,1,0,10,1
397.03,1999,4,1,1,0,0,21,1
191.57,1094,2,3,1,0,0,6,0
381.72,289,3,1,0,0,0,10,0
793.21,105,4,0,0,0,1,20,0
1355.44,1740,3,2,1,0,0,14,0
3012.06,313,5,1,0,1,1,1,1
702.22,1079,5,0,2,0,0,8,0
453.97,1131,4,3,0,1,0,19,0
259.12,1677,2,0,1,0,0,17,0
1772.35,1761,3,0,2,0,1,18,0
4372.96,307,3,2,1,0,1,19,1
3890.65,1884,1,2,2,0,0,10,0
2230.39,821,3,1,0,0,1,12,0
2076.72,36,2,1,0,0,0,6,0
5988.66,1157,3,5,0,0,0,16,1
1528.56,887,6,2,0,0,1,19,1
2092.53,1049,5,0,3,0,1,8,0
795.7,1873,5,1,0,1,0,0,1
280.89,1061,4,0,1,1,0,4,0
553.44,1043,10,1,1,0,0,9,0
1086.63,35,4,0,0,1,0,3,0
1165.36,1387,2,3,1,0,0,2,1
7527.26,1442,2,2,1,0,0,13,0
1189.49,1846,4,0,1,0,0,0,1
3564.73,1454,6,0,1,0,0,1,0
709.76,1542,2,0,2,0,0,18,1
802.98,467,8,1,0,0,0,6,0
290.32,897,1,0,0,0,0,2,0
522.0,199,4,0,0,0,0,20,0
1857.49,1570,2,2,1,0,0,8,1
1104.96,1592,4,1,2,0,0,11,0
2815.62,768,2,3,1,0,0,8,0
1314.56,1235,3,3,0,0,1,0,1
770.89,1633,3,0,4,1,0,18,0
9398.42,1818,1,0,1,0,0,3,0
998.34,1525,1,1,1,0,1,13,1
3508.7,241,2,3,1,1,0,13,1
734.21,1194,3,5,2,0,0,13,0
2229.65,1883,3,2,0,0,0,23,0
2773.92,294,4,2,1,0,1,10,1
1350.85,922,6,0,1,0,0,14,0
104.12,1763,1,1,0,0,0,12,0
1116.83,1339,4,1,1,0,0,11,0
3753.56,1151,4,0,1,0,0,10,0
1858.42,468,4,1,0,0,1,23,1
1712.72,1816,10,1,2,0,0,10,1
195.93,367,3,0,1,0,1,16,0
533.55,1045,4,2,1,0,0,16,0
1654.67,316,3,1,0,0,0,14,0
1653.06,758,2,1,0,0,1,2,1
3694.74,1114,2,0,0,1,0,10,0
948.74,1428,2,2,0,0,0,2,0
1645.54,1542,2,0,0,1,0,10,0
1114.74,451,1,0,1,0,0,21,0
408.73,778,5,0,1,0,0,19,0
114.92,908,3,1,0,0,0,20,0
1687.51,1633,5,0,0,0,0,17,0
1304.99,1174,3,1,1,1,0,20,0
591.01,446,1,2,0,0,1,14,0
217.2,957,4,1,1,0,0,14,0
2058.51,80,4,1,2,0,0,8,0
840.57,1041,1,1,2,0,1,21,0
1913.85,138,6,0,0,1,0,13,0
7073.06,652,3,1,1,0,0,17,0
128.84,851,3,1,3,0,1,19,0
544.79,1532,5,2,0,0,0,12,0
889.47,552,2,0,1,0,0,9,1
4697.69,1943,3,1,1,1,0,7,0
213.49,1704,2,0,2,0,0,14,0
7599.68,74,3,1,0,0,0,0,0
1256.21,1098,5,1,2,0,1,12,0
996.25,50,2,0,0,0,0,20,0
899.59,1034,5,0,0,0,0,1,0
708.92,1127,3,1,1,1,0,23,0
3127.9,1886,2,2,0,0,0,15,1
376.71,388,3,2,1,0,1,19,0
1549.08,385,3,1,0,0,0,11,0
746.82,299,3,4,3,0,0,1,1
511.77,339,1,0,0,0,0,20,0
14559.15,1413,3,2,2,0,1,22,1
1667.45,474,4,2,2,0,1,1,1
2024.88,616,2,3,1,0,0,0,1
3421.3,1826,3,4,1,0,1,21,1
264.71,962,4,0,1,1,0,16,1
6325.17,792,3,1,0,0,0,13,0
89.21,1166,3,1,0,1,1,19,0
508.38,1833,3,0,3,0,1,20,0
692.96,1194,3,1,0,0,1,20,0
1962.01,13,0,1,1,1,0,16,1
1364.74,1693,4,1,3,0,0,4,1
928.14,449,0,2,1,1,1,10,1
1083.56,174,1,2,1,0,0,11,0
412.39,1698,1,1,1,0,0,3,1
245.37,1983,2,1,0,0,0,22,0
2267.68,1156,2,2,2,1,0,16,1
2194.49,1564,2,0,0,0,0,22,0
5348.09,595,4,0,2,1,1,21,1
497.69,1921,2,1,0,0,0,6,0
2192.54,932,3,1,1,0,0,11,0
825.75,1899,3,1,2,1,0,9,0
3606.43,269,2,1,1,0,0,5,0
3047.15,1275,1,3,1,0,1,18,1
1354.53,1394,1,2,1,0,0,22,0
780.92,618,4,0,0,0,0,19,1
2866.74,773,2,1,0,0,0,10,0
2094.15,865,2,1,1,0,1,9,0
553.11,526,1,1,0,0,0,3,0
290.67,1616,1,1,0,1,0,3,0
821.78,888,2,2,0,0,0,8,0
4991.11,1530,1,1,1,0,0,12,0
3451.23,672,1,2,1,0,0,11,0
360.57,178,6,3,0,0,0,3,0
341.12,1691,1,3,1,0,1,13,1
3923.28,1571,2,1,0,0,0,7,0
352.26,259,4,2,1,0,0,12,0
1824.93,260,1,0,0,0,0,9,0
592.25,1159,3,1,0,0,0,17,0
5525.04,1485,6,1,0,0,1,11,1
507.54,1513,2,0,0,1,0,0,1
3440.46,643,3,0,0,0,0,23,0
1319.3,81,3,0,1,0,0,23,0
1411.2,1391,4,0,2,0,1,15,0
152.89,1083,2,0,1,1,0,5,0
121.16,1098,2,1,1,0,0,7,0
879.57,1263,5,2,0,0,0,20,0
1403.75,129,4,0,0,0,1,19,0
355.95,412,2,2,0,0,0,7,0
369.19,315,1,1,1,0,0,5,1
1922.67,1398,4,1,2,0,0,9,0
1925.33,1461,4,0,2,0,0,20,0
955.52,1162,1,0,0,0,1,22,0
2392.76,455,4,2,0,1,0,3,0
338.93,615,1,0,0,0,0,22,0
768.21,899,1,3,0,0,1,19,0
5698.04,903,5,2,1,0,0,10,0
1174.18,1033,1,2,0,0,0,11,0
1244.28,232,3,2,2,1,0,19,0
11003.26,611,4,0,0,0,0,5,0
270.6,730,2,1,1,0,0,5,0
2431.91,965,2,1,0,0,0,23,1
5790.57,1421,2,2,1,0,0,12,0
792.46,1773,2,1,1,0,1,5,0
2590.56,1758,3,2,0,0,1,12,0
410.75,1704,2,1,0,0,0,18,0
551.85,882,0,0,1,0,0,13,0
1611.57,1598,2,0,0,1,0,21,0
2437.11,318,4,0,1,0,0,16,0
3364.17,1531,5,0,1,0,0,4,0
5269.17,522,4,1,0,0,0,5,0
1025.11,1770,4,4,0,0,0,19,0
3617.77,1111,4,3,0,0,0,4,0
778.75,1803,7,0,3,0,0,17,0
2702.93,716,1,3,1,1,0,5,0
1349.5,1342,2,2,0,1,0,4,1
1712.45,1357,1,3,1,0,0,14,0
1674.9,1384,4,0,1,0,0,5,0
220.37,1265,3,1,1,0,0,7,0
356.34,1080,6,1,1,1,0,9,0
1215.05,1134,4,3,1,0,1,13,1
202.9,1073,4,0,0,1,1,16,1
2517.98,1779,4,0,0,0,0,14,0
2621.64,1040,1,2,1,1,0,13,0
1521.07,1097,6,1,0,0,0,23,0
357.4,884,3,1,0,0,0,20,1
4359.61,202,2,4,2,0,0,19,0
8410.28,93,3,3,1,0,0,21,0
1270.39,1673,2,1,3,0,0,13,1
1827.19,1057,2,0,0,0,0,4,0
1341.76,1624,2,1,0,0,0,8,0
1863.79,419,2,2,1,1,0,0,0
973.06,1227,2,0,0,0,0,12,0
1059.38,551,6,1,0,0,0,11,0
2712.75,626,6,2,1,1,0,0,1
11448.62,845,4,3,0,0,1,15,0
270.41,1783,1,1,0,1,1,13,1
988.5,1879,6,2,0,0,1,9,1
336.82,1945,5,1,2,1,0,21,1
5388.51,882,6,1,0,0,1,7,0
609.27,720,4,1,0,0,1,4,0
258.99,1336,3,1,1,0,0,13,0
2075.98,944,3,2,1,0,1,23,1
6274.89,1493,2,1,0,0,0,19,0
2129.4,394,2,1,5,0,1,6,1
1345.87,809,2,0,0,1,0,15,0
1651.01,872,3,2,1,0,1,20,1
4513.56,1235,0,0,1,0,0,13,0
457.51,867,3,1,2,0,0,17,0
980.59,571,7,2,2,1,1,0,1
697.37,1180,2,2,0,0,0,1,1
341.09,634,4,1,0,0,0,19,0
789.68,632,2,1,1,0,0,0,0
3320.0,809,1,1,2,0,0,17,0
1932.56,322,2,0,0,0,1,15,0
2088.73,1459,4,4,0,1,0,17,0
1269.62,574,4,0,3,0,0,11,0
1850.71,1694,3,1,0,0,0,4,0
492.46,1064,3,0,0,0,1,13,0
804.72,1778,4,0,0,0,0,21,0
1328.76,1064,3,1,0,0,0,15,0
1447.39,1477,5,3,1,0,1,16,0
1510.49,870,7,0,0,0,0,4,1
954.96,1214,5,1,0,0,0,0,0
751.88,746,2,0,1,0,0,14,0
25790.75,1039,2,1,1,0,0,10,0
2715.65,1148,3,3,1,0,1,15,1
1657.64,1764,1,0,3,0,0,23,1
868.52,1923,3,2,1,0,0,23,0
698.39,1304,2,1,0,0,0,20,0
962.18,937,4,0,0,0,0,23,0
1469.72,959,3,1,0,0,0,0,0
167.26,48,4,2,1,0,0,7,1
228.29,189,4,1,0,0,0,9,0
580.05,304,2,3,1,0,0,13,0
1349.03,1583,1,1,1,0,0,17,0
863.27,1720,3,0,0,0,0,3,0
4808.41,1129,3,0,0,0,0,3,0
249.04,369,3,1,0,0,0,15,0
517.32,1525,0,1,0,0,0,22,0
5014.51,460,7,0,2,0,0,12,0
1250.28,247,1,2,0,0,0,19,0
2656.71,264,4,0,0,0,1,5,0
8529.17,1230,6,1,1,0,1,10,1
547.96,1531,2,2,0,0,0,12,0
992.96,530,4,1,1,0,0,0,0
835.12,1388,2,1,2,0,0,13,0
155.31,1787,3,2,0,0,0,12,0
804.0,750,0,1,2,0,0,16,0
2646.68,1364,3,1,2,0,1,16,1
1882.94,407,4,2,1,0,0,8,0
2036.69,453,2,1,0,0,0,1,1
753.32,1857,4,0,1,0,0,9,0
569.01,1901,3,1,1,0,1,12,0
3902.04,814,0,0,3,0,0,10,0
666.93,578,6,2,1,0,0,9,1
1471.57,1872,2,2,3,0,0,6,0
1291.21,965,5,0,1,0,0,10,0
4730.17,1174,3,0,0,0,0,18,0
2896.95,1217,1,0,1,0,0,15,0
300.29,1932,3,0,0,0,0,4,0
334.44,147,0,0,0,0,0,20,1
1956.49,406,1,2,0,1,1,6,1
1028.3,183,3,1,2,0,0,23,0
695.64,1130,6,1,0,0,1,11,0
3027.91,236,5,2,0,1,0,18,1
1322.74,638,2,1,0,0,1,13,0
1155.7,958,1,2,1,1,0,14,0
2391.86,179,6,2,0,0,0,0,0
753.62,432,1,1,1,0,0,0,0
5263.33,1425,4,0,0,0,0,22,0
498.67,525,5,0,0,0,0,5,0
2115.25,743,3,0,3,0,0,21,0
4600.1,1564,1,1,0,1,0,6,0
276.64,1915,3,0,0,1,0,17,0
777.95,323,5,1,0,1,1,13,0
3436.5,1285,0,0,1,0,1,20,1
3488.56,1636,2,1,3,1,0,2,0
923.81,1724,3,1,0,0,0,6,0
526.01,399,2,3,0,0,1,17,1
2852.46,337,4,2,0,0,0,15,0
3581.54,1324,5,0,1,0,1,14,0
342.18,119,3,2,2,1,0,1,1
329.01,1582,3,0,3,0,0,10,0
1373.69,413,2,1,1,0,0,19,0
2057.73,580,3,1,1,1,0,4,0
813.16,1408,4,1,1,0,0,3,1
2163.09,1504,2,0,1,1,0,6,0
539.08,305,3,1,1,0,0,10,0
132.33,1707,2,3,0,0,1,3,1
717.73,1894,3,1,2,0,0,0,0
1168.21,196,3,2,0,1,0,13,0
832.27,333,2,2,0,0,0,15,0
344.26,1044,7,0,1,0,1,22,1
178.46,623,5,0,0,0,0,4,1
655.84,658,1,2,2,1,0,1,0
2690.97,704,2,0,2,0,0,3,0
3851.42,1457,3,1,3,0,1,11,0
3596.49,883,3,1,2,0,0,15,1
484.97,1450,2,1,1,0,0,8,0
345.95,1253,4,3,1,0,0,11,0
1801.97,524,3,1,0,0,1,11,1
2069.58,217,3,0,0,0,0,11,1
1636.26,990,1,1,0,0,0,11,0
146.34,1615,4,0,0,0,0,3,0
460.87,375,2,0,1,0,1,12,0
1064.55,36,3,2,2,0,0,0,1
1785.08,776,1,0,0,1,0,11,0
2362.1,28,3,2,0,0,0,3,0
1266.81,1396,3,1,0,0,0,4,0
1526.58,86,2,0,2,0,0,2,1
1193.76,188,3,2,3,0,1,2,1
2176.82,305,3,1,1,1,0,23,1
1499.47,766,4,3,0,0,0,19,0
1171.15,1446,1,1,2,0,0,17,0
838.51,80,4,1,0,0,0,2,0
1189.5,186,2,1,2,0,0,21,0
1780.4,1029,2,0,1,0,0,21,0
1432.93,558,0,3,0,0,1,18,0
1604.92,1890,7,0,0,0,1,12,0
4199.5,1521,4,2,2,0,0,4,1
1429.62,509,5,1,0,0,0,19,0
573.07,1638,2,2,0,0,0,19,0
2653.43,971,0,0,0,1,0,6,0
279.72,1026,2,1,0,0,0,6,0
371.89,217,4,1,2,0,1,6,0
1534.33,1561,0,0,0,0,0,6,0
1837.93,257,3,2,0,0,0,14,1
315.75,1759,5,0,1,1,0,7,1
747.84,1477,1,1,1,0,0,20,0
598.19,1448,3,2,2,1,0,5,0
674.06,324,4,1,1,0,0,19,0
2817.48,1523,3,1,0,0,0,8,0
2222.76,1605,3,1,1,0,0,9,0
1075.86,197,2,1,1,0,0,8,0
635.26,504,2,2,0,0,1,16,0
284.39,1296,7,1,1,0,0,7,0
4537.74,694,3,2,0,0,0,15,0
1982.5,959,2,2,1,0,0,0,0
540.95,18,4,1,0,0,0,2,1
2252.06,107,3,1,1,0,0,7,0
1022.27,1553,3,1,2,1,0,6,1
822.95,125,6,3,0,0,0,9,0
1694.62,483,2,1,0,1,0,19,0
522.44,1618,0,1,0,0,0,11,0
777.62,1028,1,0,1,0,0,5,0
1238.26,627,1,2,2,0,0,21,0
665.51,351,5,0,2,0,0,10,1
2141.12,351,3,2,0,1,0,21,1
7108.64,649,6,0,0,0,0,16,1
515.79,1823,7,0,0,0,0,7,0
207.45,901,2,3,2,1,0,6,1
148.16,228,1,0,3,0,0,17,0
943.44,16,4,2,1,1,0,4,1
565.01,1834,2,0,0,0,0,2,1
1350.0,425,4,1,2,1,1,4,1
1252.13,464,5,2,0,1,0,4,1
220.7,724,3,1,1,0,0,18,0
178.59,1270,5,0,1,1,0,12,0
1474.29,1822,5,0,0,0,0,3,0
1255.68,794,4,1,0,1,0,11,0
716.36,177,4,0,0,0,0,3,1
209.11,543,4,0,0,0,0,11,0
1757.05,509,3,0,1,0,0,9,0
3912.37,1586,1,2,0,0,0,22,0
1448.06,1679,4,0,0,0,1,10,0
469.9,564,1,1,1,0,1,18,0
1146.6,233,2,2,1,0,0,19,0
279.75,1702,6,2,2,1,0,20,0
3158.84,1062,5,3,1,1,0,23,1
1190.16,491,3,2,0,0,0,13,0
187.14,1017,4,0,0,0,1,7,0
811.86,444,6,3,0,0,1,18,0
1742.89,20,7,0,0,0,1,12,0
786.0,1635,0,1,1,0,0,19,0
832.23,1751,4,1,1,0,1,8,0
322.34,1580,1,0,0,1,1,6,1
1932.44,111,4,2,0,0,0,12,0
573.37,487,2,1,0,1,0,0,1
126.92,89,4,0,0,0,1,13,0
756.53,1343,2,0,1,0,1,12,0
2925.29,1142,3,0,0,0,1,1,0
744.77,434,1,0,0,1,0,5,0
6235.32,1942,7,1,0,1,0,9,0
1684.07,1263,2,2,0,0,0,11,0
1538.8,72,2,0,2,0,0,15,0
964.49,822,5,1,0,1,0,8,0
1024.25,1929,3,0,1,0,0,7,0
842.67,1423,4,3,0,0,0,9,1
810.56,816,5,1,1,0,0,18,0
1864.72,404,6,0,0,0,0,3,0
430.16,1699,0,0,0,0,0,1,1
373.94,251,3,1,1,0,0,6,0
356.67,869,5,2,0,0,0,7,0
8481.6,1219,5,1,2,0,0,12,0
1863.74,1596,4,6,0,1,1,14,0
1486.96,1634,2,0,0,0,0,8,0
380.88,1954,5,1,2,0,0,0,0
2045.39,868,3,1,0,0,0,16,0
975.97,1891,6,2,3,1,0,7,1
1358.54,1609,2,2,1,0,0,5,0
412.97,1246,1,2,1,1,0,2,0
1287.26,1655,4,1,0,0,0,17,0
717.78,1206,8,0,1,0,1,6,0
509.99,896,3,1,0,0,0,14,0
2284.97,1754,2,1,0,0,1,10,0
235.64,256,4,2,0,0,0,11,1
1929.04,1932,7,1,1,1,0,16,0
2174.35,1112,2,1,1,0,0,17,0
455.03,873,4,1,1,1,0,4,1
482.83,1811,2,1,2,0,0,14,0
877.41,492,7,2,0,0,0,17,0
1453.95,336,2,0,0,0,0,8,0
941.19,1562,2,1,2,0,0,16,0
1691.82,1431,2,1,1,1,0,7,0
6393.13,633,2,1,2,0,0,5,0
660.03,1313,0,1,3,1,0,11,1
197.32,362,3,2,0,0,0,22,0
2504.7,1465,1,1,3,0,0,14,0
5903.58,1054,6,1,1,1,0,6,0
1624.2,919,4,2,0,0,0,8,1
369.54,1738,2,1,0,0,0,23,0
968.85,894,2,2,1,0,1,17,0
358.34,1572,1,0,0,1,0,22,1
2085.69,637,6,0,0,0,0,0,0
283.92,1247,2,1,2,0,0,5,0
812.3,747,3,0,2,0,0,15,0
401.68,1148,5,0,1,0,1,14,0
1244.92,683,4,1,2,1,1,18,1
760.26,1003,1,2,0,0,0,16,0
1308.66,1007,4,1,1,0,0,0,0
1121.42,1986,2,2,1,0,1,12,0
408.85,693,5,1,1,0,1,7,0
2052.63,215,2,1,0,0,0,6,0
1044.44,118,2,0,1,0,1,1,1
408.08,227,7,0,2,0,0,1,0
10310.59,891,3,1,0,0,0,20,0
1765.93,444,3,1,1,0,0,8,0
940.81,549,6,1,2,0,0,21,0
4515.2,829,2,0,0,0,1,14,1
6917.54,1632,6,2,2,0,0,20,0
948.28,1656,6,1,3,1,1,1,1
1552.15,1461,2,1,1,0,0,12,0
408.3,12,2,2,3,1,0,5,1
946.53,1146,4,2,0,1,0,0,1
898.69,1571,2,1,2,0,0,6,1
1319.26,489,0,0,1,0,1,17,0
1529.6,1275,2,0,0,0,0,14,0
1919.52,579,3,0,1,1,0,11,0
1390.81,1506,2,1,0,0,0,4,0
326.77,1574,3,1,0,0,0,6,0
429.03,1304,1,1,0,0,0,16,0
634.98,742,2,1,1,1,0,18,0
826.96,1361,3,1,0,0,0,14,0
3136.22,168,5,0,0,1,0,2,0
342.77,961,5,0,1,0,0,13,0
767.08,1977,9,1,1,0,0,9,0
2844.12,1352,5,0,0,0,0,20,1
812.51,1270,3,2,1,0,1,2,0
1737.87,1615,2,0,1,0,0,8,0
953.8,1650,1,0,0,0,0,21,1
1417.69,1325,2,0,1,1,0,10,0
872.64,1753,4,3,1,1,0,10,1
2136.8,200,1,1,0,0,0,0,0
233.91,1917,2,2,2,1,0,23,0
762.57,1524,5,0,0,0,0,5,0
1475.24,864,1,0,1,0,0,4,0
1870.0,754,1,0,1,0,0,6,0
4880.25,1037,7,2,1,0,1,12,0
741.72,1390,0,4,3,1,0,16,0
4814.95,1743,1,2,1,0,0,23,1
567.35,774,3,1,0,0,0,17,0
4140.81,97,3,0,0,0,0,8,0
2483.61,71,5,0,0,0,0,16,0
439.9,993,2,0,0,0,0,13,0
1490.76,1839,2,1,0,0,0,16,0
1041.86,1885,2,4,0,0,0,3,0
2049.98,1766,3,0,1,0,0,20,0
877.19,357,4,1,2,1,0,11,1
806.54,812,4,4,0,1,0,7,0
4311.73,544,3,1,0,0,0,19,0
993.54,1274,4,1,1,0,0,18,0
2505.95,254,3,1,0,0,1,16,1
875.37,1795,5,1,1,0,0,2,0
5806.09,1206,3,2,0,0,0,1,0
556.5,1876,3,1,0,0,0,4,0
593.39,1998,4,0,0,1,1,5,1
5036.75,988,4,1,1,1,0,18,0
702.79,1190,2,0,2,0,0,13,0
5437.5,4,3,0,3,0,0,10,0
2675.36,1487,6,1,1,0,0,9,0
939.5,145,4,1,0,1,0,20,0
178.88,165,2,1,0,0,0,3,1
1075.65,344,2,0,1,1,0,23,0
1213.94,1898,0,0,2,0,0,5,0
3523.53,1129,2,2,2,1,0,22,0
5369.27,1572,2,3,1,0,1,17,0
552.81,1338,3,0,1,0,0,17,0
2443.49,1193,0,2,2,1,0,12,1
2357.61,520,4,2,2,0,0,7,0
3208.03,1987,2,1,2,0,0,20,1
1805.68,926,7,1,2,0,0,1,0
157.2,1622,4,1,3,0,0,11,0
938.78,1460,7,0,1,0,0,14,0
345.26,609,1,0,0,0,0,17,0
895.51,512,4,1,0,0,0,12,0
2921.94,409,1,0,0,0,0,20,0
1487.94,436,3,1,2,0,0,3,0
3456.77,1339,2,3,0,0,0,11,1
1543.42,542,2,2,1,0,0,11,0
299.37,613,2,1,0,0,0,3,0
88.16,1603,0,0,0,1,0,18,0
1272.59,900,3,1,1,1,0,6,1
885.43,1885,4,0,1,0,1,15,1
412.84,1977,2,0,1,0,0,19,0
200.21,1087,3,0,0,0,0,18,1
525.98,1056,3,2,0,0,0,20,0
902.81,1623,2,1,0,0,0,11,0
2134.27,1235,8,0,0,1,0,8,0
1324.29,1487,2,0,0,0,0,21,0
5475.66,563,4,2,2,0,0,21,1
389.32,575,5,2,1,0,0,21,0
2646.67,1104,2,3,0,0,1,5,0
1149.75,1022,3,1,1,0,1,21,0
2196.61,343,6,1,2,0,0,23,0
708.74,1256,5,0,2,0,0,8,0
3202.48,1902,4,0,0,0,1,23,0
1473.25,613,3,1,1,1,0,7,1
555.88,129,3,2,0,0,0,19,0
1083.53,1043,3,0,1,0,0,13,1
863.03,357,6,0,0,0,0,20,0
1788.58,1443,5,1,1,0,0,17,0
337.05,959,4,0,1,0,0,17,0
1064.91,1630,2,0,1,0,0,1,0
1628.33,81,4,0,2,0,0,19,0
1133.45,1639,3,2,1,1,0,5,1
4217.26,1905,2,1,3,0,0,0,1
2378.02,666,4,1,2,0,0,19,1
1088.46,781,5,0,1,0,0,5,0
1361.97,1142,1,1,1,1,0,18,0
1473.9,1878,3,1,0,0,1,5,0
1641.39,1518,5,1,1,0,0,9,0
176.68,791,0,1,2,0,1,22,0
811.17,492,2,1,0,0,0,13,1
248.53,1899,3,0,0,0,0,3,0
3937.42,225,3,0,0,0,0,16,1
1031.89,987,2,0,1,0,1,6,0
903.85,419,4,1,1,0,0,4,0
2688.66,780,1,0,0,0,0,0,0
1672.92,137,2,0,0,0,0,16,0
354.73,226,1,4,2,0,1,23,1
1021.57,1358,6,2,1,0,1,16,1
784.33,1253,2,0,0,0,0,14,0
191.61,323,0,0,1,1,0,0,0
549.89,1132,2,1,1,0,0,13,0
912.75,812,2,0,0,0,0,6,0
977.55,445,1,0,2,0,0,21,0
249.08,1941,8,0,1,1,0,8,0
3469.15,7,0,0,0,0,0,1,0
990.19,128,4,1,1,0,0,22,1
1138.6,1377,4,1,1,0,0,23,0
1637.03,267,4,2,0,0,0,18,0
498.66,685,1,3,1,0,0,18,0
1730.83,928,4,0,0,0,0,9,0
759.7,214,5,2,0,0,0,4,0
447.38,247,1,1,0,0,0,20,0
1945.84,1642,7,2,0,1,0,13,0
4874.02,1619,2,0,2,0,0,5,0
2263.87,1828,2,1,1,0,0,1,1
2759.98,1398,1,2,1,0,0,1,1
651.56,421,3,2,1,0,0,18,0
221.93,1739,3,1,1,0,0,16,0
4866.54,1065,5,1,0,0,0,1,0
8557.09,717,2,1,1,0,0,12,0
5129.72,1372,1,0,0,0,0,2,1
783.85,1585,1,0,1,0,1,9,0
345.63,143,3,1,1,0,1,20,0
377.78,141,3,1,1,0,0,15,1
203.62,565,1,0,1,0,0,4,0
984.98,107,2,0,2,1,0,20,1
5462.59,33,1,0,0,0,0,20,0
951.78,1224,0,0,2,1,1,10,1
1483.74,119,5,0,1,0,1,21,0
4339.86,1824,6,1,1,0,0,14,1
732.09,229,1,2,2,0,0,9,0
8396.17,1654,3,0,0,1,1,19,0
8039.28,688,3,1,1,0,0,3,0
961.88,1988,0,0,0,0,0,2,1
615.52,1209,3,2,0,0,0,20,0
2202.26,830,2,2,0,0,0,3,0
774.7,1011,4,1,1,0,0,11,0
344.97,850,5,2,1,0,0,10,0
3949.08,1239,2,1,1,1,0,17,0
3701.33,733,5,0,0,0,0,7,0
1281.15,1154,4,1,0,0,1,20,0
310.17,845,3,2,1,0,0,21,0
320.69,272,6,0,1,0,0,13,0
1220.76,1782,1,1,3,0,1,20,0
665.23,635,7,0,1,0,1,17,0
779.7,1032,1,0,1,0,1,1,0
3047.15,403,5,0,2,0,0,1,1
2282.85,928,1,1,1,0,1,6,0
4350.92,1603,5,1,0,0,0,1,0
407.23,627,7,3,2,0,0,2,0
778.06,1393,2,1,1,1,0,14,0
2342.52,1824,3,1,2,0,0,14,0
1716.56,617,4,2,0,0,0,4,0
5076.52,981,2,2,1,0,1,13,0
1669.93,537,1,0,2,0,0,10,0
6961.21,1077,1,1,0,0,1,18,0
1881.86,247,2,1,0,1,1,0,0
3172.16,337,6,2,2,0,0,16,0
793.53,1305,6,0,0,1,1,8,0
1112.41,33,4,1,2,0,1,14,1
2726.96,799,6,2,2,0,0,8,0
5502.61,548,3,0,0,0,0,16,0
2273.87,1367,2,1,1,0,1,5,0
1009.11,891,1,5,1,0,0,2,1
4347.41,1263,4,0,1,0,0,7,0
122.49,1516,6,1,1,0,0,23,0
264.48,729,3,2,0,0,0,4,0
2168.16,1201,2,1,0,0,0,9,0
1112.21,44,2,1,3,0,0,21,0
2009.24,304,2,1,0,0,0,0,1
1169.59,1694,3,2,1,0,0,12,1
1940.97,269,5,0,1,0,0,8,0
485.7,683,2,1,0,1,0,2,0
1940.08,1757,2,2,0,0,1,18,0
2964.35,400,3,0,0,0,0,18,0
3716.55,1766,5,2,0,1,0,12,0
8213.66,603,5,1,0,0,1,2,1
1399.82,922,2,1,0,0,0,11,0
1442.18,971,4,0,0,0,0,12,0
239.09,431,4,1,1,0,0,13,0
644.57,421,2,1,0,0,0,11,0
904.08,131,1,1,0,0,0,5,0
3134.8,1434,3,0,3,0,0,13,0
595.26,1762,3,2,0,0,1,22,0
2431.69,1249,2,4,1,1,0,2,1
1094.86,1167,3,2,1,0,0,6,0
918.58,578,5,2,0,0,1,1,0
1406.55,540,5,0,0,1,1,14,1
741.62,125,2,1,0,0,0,12,0
714.06,1236,4,0,2,1,0,18,0
199.38,934,2,2,2,0,0,15,0
855.81,1452,5,0,1,0,0,13,0
678.6,1461,5,2,2,1,0,3,1
654.6,592,2,3,0,0,1,12,1
1663.82,1262,4,0,0,0,0,9,0
2118.86,644,6,0,1,0,1,14,0
1383.25,328,3,3,0,1,0,19,0
2967.32,812,1,1,1,1,0,15,0
1949.96,1143,4,3,1,0,0,3,1
816.43,46,2,3,0,0,0,19,0
690.31,84,1,1,0,0,0,1,0
1499.4,794,4,2,0,0,0,8,0
1946.46,352,1,0,0,0,1,20,0
4437.49,1037,3,1,0,0,0,1,1
3608.95,637,8,2,4,0,1,2,1
638.12,1861,3,1,2,0,1,21,1
990.29,1196,4,1,1,0,0,1,0
2145.26,234,4,0,2,0,0,7,0
3190.71,1205,2,0,1,1,0,6,0
2804.47,1075,2,1,2,0,0,19,0
1028.77,781,2,1,1,0,0,12,0
312.93,681,2,4,0,0,0,16,0
403.86,1419,5,1,0,0,0,13,0
1440.34,933,2,1,4,0,1,0,1
1544.14,1852,1,1,1,0,1,19,1
365.52,1824,1,1,0,0,0,12,0
1146.62,1453,5,1,0,0,0,3,0
2061.57,1298,2,1,1,0,0,11,0
346.81,861,0,5,0,0,0,6,0
3310.97,1231,0,1,2,0,1,14,1
751.8,148,1,3,1,0,1,7,1
3856.88,300,3,0,1,0,0,17,0
643.26,1956,3,1,1,0,0,19,0
392.83,1477,4,1,2,0,1,5,0
693.58,549,5,1,1,0,0,12,0
997.1,1697,3,3,1,0,0,7,0
743.61,978,5,0,1,0,0,7,0
883.59,383,4,2,3,0,0,14,0
1531.44,1811,2,0,2,1,0,7,0
924.1,1971,2,0,0,0,1,15,0
1026.48,800,2,0,2,0,0,3,0
198.5,1642,0,1,0,0,0,15,0
1622.46,534,1,2,0,1,1,21,0
1003.05,1257,2,1,0,0,1,3,0
5487.86,1658,5,2,1,0,1,1,1
428.56,1153,1,1,2,0,0,23,0
179.77,1846,5,2,1,0,0,9,0
2034.63,1753,3,0,1,0,0,22,0
1550.8,1684,3,0,1,0,0,0,0
400.04,570,3,1,1,0,1,20,0
237.52,931,3,1,2,1,0,11,0
5102.05,237,3,1,0,0,0,1,0
4510.26,1606,1,0,2,0,0,11,0
91.15,966,4,3,2,0,0,21,1
693.52,701,3,0,0,0,0,10,0
5791.76,754,3,1,1,0,0,4,0
681.26,575,3,1,1,0,0,0,0
671.42,1509,3,1,1,0,0,7,0
826.53,1265,6,3,0,0,0,4,0
357.49,957,3,2,0,0,0,21,0
199.38,1017,1,1,1,0,1,7,1
3141.79,1721,0,1,0,0,0,22,0
173.65,771,2,0,1,0,0,6,0
1404.27,1765,4,1,3,0,0,4,1
2661.33,223,0,2,0,0,1,5,0
256.92,1123,5,3,0,0,1,16,0
435.17,1783,3,0,0,1,0,6,0
3689.25,557,4,2,1,0,0,3,1
1868.5,911,3,1,0,1,0,6,0
591.53,273,5,2,3,0,0,11,1
3649.15,1423,3,1,0,1,0,15,0
3664.82,1541,5,5,0,0,0,21,0
1435.19,430,4,0,0,0,0,9,0
445.79,523,1,0,1,0,0,11,0
725.28,960,6,1,0,0,1,18,0
1460.28,1372,2,0,3,0,1,17,0
908.15,910,9,0,1,0,0,15,0
2804.43,1575,4,0,0,1,0,23,0
237.51,451,3,1,1,0,0,14,0
246.1,1975,3,1,4,0,0,3,1
1314.05,1012,2,3,0,0,0,4,0
670.79,42,2,0,1,0,0,22,0
585.78,1739,1,0,2,0,0,11,1
187.16,94,1,3,0,0,0,14,0
1118.28,486,1,1,1,0,1,3,0
1040.28,517,3,0,0,1,0,9,0
2107.97,1588,2,1,0,1,0,0,0
1174.86,1174,4,1,0,0,0,15,0
960.44,717,0,0,1,1,0,14,0
3558.17,1836,3,1,1,1,1,11,0
295.16,499,0,0,1,0,1,4,1
1875.05,371,4,1,1,0,0,21,0
206.2,981,2,2,2,0,1,1,1
474.2,699,1,1,0,0,1,18,1
326.15,485,4,2,1,0,0,19,0
2396.93,665,3,3,2,0,1,19,0
1027.2,1407,1,0,1,1,0,15,1
1081.92,628,1,1,0,0,0,20,0
362.59,1685,3,1,1,0,0,14,0
812.65,732,1,2,0,0,0,10,0
511.08,192,5,1,0,0,0,8,0
1609.14,1769,3,0,1,1,0,18,0
407.04,836,2,0,1,0,0,9,0
4145.56,1245,6,1,3,0,1,14,0
205.29,1071,5,0,0,0,0,23,0
489.55,127,5,0,5,0,0,21,1
5867.6,1827,2,0,1,0,0,14,0
709.71,727,1,0,0,0,0,7,0
294.45,1031,4,1,0,0,0,7,0
1365.22,696,1,0,0,0,0,17,0
681.71,1140,8,0,1,0,0,5,0
475.39,564,3,1,1,0,1,18,0
366.55,366,3,2,1,1,1,7,1
17472.33,1070,8,2,0,0,1,12,0
852.73,393,5,2,1,1,1,23,1
159.88,954,3,0,1,0,1,17,0
4883.95,23,0,0,2,1,0,16,1
2020.44,1155,1,2,1,0,1,10,1
509.55,1151,6,0,1,0,0,10,0
431.33,445,0,2,1,0,0,20,0
2150.54,777,5,1,1,0,0,22,0
856.69,1333,6,1,1,0,0,16,0
159.82,708,2,1,2,1,0,3,1
6550.13,433,0,0,0,0,0,23,0
710.53,473,2,1,1,0,0,12,0
4893.05,1990,3,4,1,0,1,8,1
3938.03,48,2,1,2,0,0,20,0
403.02,1915,4,0,0,0,0,20,0
3081.56,1106,4,1,0,1,0,13,0
571.67,1133,2,0,0,0,1,22,1
169.58,263,1,0,3,0,0,16,0
717.23,1891,3,0,1,0,1,11,0
1632.12,1055,3,0,1,0,0,23,1
690.39,358,2,0,0,0,1,22,0
806.7,568,1,0,2,1,1,17,1
3441.17,480,2,1,1,0,0,10,0
1219.86,867,0,0,0,0,0,16,0
471.87,1213,1,1,0,0,0,10,0
2212.84,1029,1,1,1,1,0,7,0
1336.32,1310,4,1,1,0,0,0,1
88.09,1814,1,0,1,1,0,16,0
1683.03,1681,5,0,2,1,0,21,1
1622.67,1418,3,2,0,1,0,6,0
1118.92,1479,7,1,0,0,0,10,0
2674.99,708,2,1,1,1,0,22,0
559.82,426,3,1,3,0,1,9,1
1535.33,1051,1,2,1,0,0,7,0
228.84,127,2,0,1,0,0,7,0
1647.63,135,4,0,2,0,0,17,0
7731.51,1559,5,1,2,1,0,17,0
405.51,331,3,2,0,0,0,23,0
512.96,1653,2,2,1,0,0,12,0
539.15,392,4,2,1,0,1,6,0
1248.87,8,4,3,0,1,0,9,1
378.78,613,4,1,0,0,0,3,0
1671.12,1285,4,2,0,0,0,0,0
2557.64,1223,2,0,0,0,0,19,0
1871.22,598,5,1,0,0,0,1,1
187.09,1764,4,2,2,0,0,22,1
2966.59,386,5,0,0,0,0,17,0
2799.98,472,4,1,0,1,0,14,0
2515.34,179,0,0,0,0,0,2,0
1592.15,450,2,0,0,1,1,22,0
1366.75,1264,4,1,1,0,0,11,1
3079.09,1548,0,0,0,0,0,5,0
7506.42,815,6,1,1,0,1,17,1
422.83,1770,6,0,2,0,0,0,1
3223.19,1207,4,0,1,0,0,10,0
1006.05,1818,2,2,1,1,0,12,0
963.26,358,3,1,1,0,1,1,1
235.91,376,4,0,0,1,1,0,0
824.86,1965,5,1,2,1,0,0,0
404.53,702,2,0,1,0,0,4,1
689.62,838,3,2,1,0,0,4,1
365.7,1751,2,0,0,0,0,23,0
700.01,1794,2,3,1,0,1,5,1
730.62,538,3,0,2,0,0,0,1
1208.04,782,2,0,1,1,0,17,0
218.16,82,1,0,1,0,1,17,0
258.39,1382,1,0,0,0,0,20,0
1574.85,185,5,0,3,0,0,3,1
494.01,288,5,2,1,0,1,9,0
3211.62,1086,1,2,0,0,0,18,0
1373.71,883,6,1,0,0,0,23,0
2011.75,507,1,1,1,0,1,9,0
4494.87,1486,2,1,1,0,1,22,1
804.55,30,0,0,1,1,0,15,0
617.4,1933,4,0,0,0,0,20,0
2622.03,936,1,2,0,0,0,14,0
1825.33,31,2,0,1,1,1,15,0
909.3,1317,7,3,1,0,0,3,1
4409.24,1197,3,2,1,0,1,5,0
886.92,1638,3,5,0,0,0,15,0
1133.17,1152,1,1,0,1,0,18,0
1120.16,86,7,1,0,0,1,9,0
430.7,1339,7,1,0,0,0,8,0
1185.1,28,2,1,3,0,0,23,0
4432.68,122,5,2,2,0,0,19,0
1711.23,1275,4,1,1,0,0,6,0
1131.23,573,7,2,1,1,1,16,0
932.84,403,3,0,1,0,1,2,0
1526.7,683,10,1,0,0,0,23,0
2321.03,1467,2,1,1,0,1,20,0
2016.74,272,5,0,1,0,0,19,0
786.93,837,4,1,3,0,0,1,1
1517.44,1836,3,0,1,0,0,13,0
1772.13,113,2,1,0,0,0,15,0
400.54,1730,2,0,2,0,0,12,0
1297.55,1418,3,0,0,1,1,7,0
126.3,1967,3,2,0,0,0,3,1
1776.74,19,3,1,1,0,1,13,1
2122.49,1876,6,0,1,0,0,12,0
2315.88,605,3,0,0,0,1,21,0
738.75,1753,1,4,0,0,0,22,0
1493.75,465,3,0,3,0,1,2,1
4554.88,691,3,1,0,0,0,5,0
4508.72,1011,1,1,1,1,0,7,1
1065.1,1933,2,1,0,0,0,4,1
1260.57,1215,4,1,0,0,0,20,0
3330.61,1517,0,2,0,0,1,23,0
244.5,1936,5,2,0,1,0,19,0
793.87,1014,1,0,3,1,0,22,0
4169.58,1973,0,1,0,0,0,13,0
2907.94,163,3,0,1,0,0,11,0
1586.47,1636,2,0,0,1,0,8,1
243.27,699,3,2,0,0,1,17,1
1043.24,295,4,0,0,0,0,6,0
607.95,579,3,1,1,0,0,17,1
1526.97,1097,1,1,2,0,0,22,1
488.16,1768,3,0,0,0,0,10,0
393.18,701,5,1,2,0,0,5,0
139.09,1586,5,0,1,1,0,21,1
3721.21,1333,3,2,1,0,0,10,0
735.26,302,2,1,1,0,0,12,0
1283.24,1332,2,0,0,0,0,6,0
1094.18,124,3,2,0,0,0,16,0
377.12,669,4,1,0,1,0,11,0
311.36,1285,1,0,2,0,0,8,0
401.29,195,6,4,1,0,0,0,1
532.1,842,4,0,0,0,0,15,1
1582.25,351,1,2,0,0,1,9,0
494.86,1867,2,0,1,0,1,23,0
6288.58,1792,6,0,2,0,0,3,1
3063.0,1960,2,0,0,1,0,2,0
2461.09,489,2,2,1,0,1,3,1
972.96,200,4,0,1,1,0,12,0
4985.46,884,6,0,2,1,0,19,1
881.83,508,2,0,1,1,0,8,0
1062.88,898,2,1,0,0,0,21,0
1299.81,1604,3,1,0,0,0,6,0
2212.38,446,5,0,0,1,0,15,0
2073.32,80,2,2,0,0,0,15,0
681.89,745,6,0,1,0,0,20,0
643.55,698,1,1,1,1,1,1,0
2079.54,1641,2,1,1,0,0,6,0
2242.25,1493,4,1,0,0,0,5,0
740.0,1861,4,1,0,0,0,8,0
224.26,1466,6,1,1,0,1,2,1
891.3,931,7,0,0,0,1,22,0
2045.76,654,3,0,0,1,1,7,0
6670.28,1935,3,2,1,1,0,9,1
330.97,902,1,5,0,0,1,13,0
715.82,272,2,2,1,0,0,5,0
742.93,1367,4,0,0,0,1,18,0
4254.81,124,2,1,0,1,0,14,0
1058.98,1247,2,0,1,1,0,11,0
442.6,1514,8,1,1,1,0,1,1
1917.34,686,3,0,1,1,0,20,0
731.69,1727,2,1,2,1,0,8,0
322.34,652,5,2,0,1,0,18,1
449.09,297,3,2,0,0,0,23,0
6210.78,1143,1,0,1,0,0,16,0
1610.35,787,0,1,0,0,0,23,0
1221.41,1100,1,1,0,0,0,3,1
854.15,621,9,0,1,0,0,4,0
1468.72,1655,4,1,0,0,0,1,0
1451.33,973,5,1,1,0,0,15,0
1468.75,881,1,0,1,0,0,11,0
1230.09,1282,1,0,0,0,0,9,0
2614.42,1556,4,1,1,0,0,20,0
1122.27,1655,4,0,0,0,1,16,0
412.43,351,0,2,0,0,1,7,1
594.41,1673,3,1,0,0,0,2,1
151.56,1301,1,0,0,1,0,4,0
8323.33,255,2,1,0,0,0,7,0
2598.67,1288,1,1,1,0,0,12,0
478.15,679,4,1,0,0,0,4,1
827.29,1701,4,0,1,0,1,16,1
580.06,29,6,1,0,0,0,13,0
5128.39,467,0,3,1,0,1,21,0
265.1,1059,5,1,2,0,0,3,0
1229.64,749,2,1,0,0,0,13,1
983.85,1318,3,3,0,0,1,11,0
2506.99,602,3,0,0,0,0,23,0
988.3,1227,2,1,2,0,0,18,0
189.01,740,4,1,1,1,0,15,0
853.1,931,2,1,1,0,0,14,0
414.82,1092,2,1,2,0,1,8,1
1187.47,131,1,0,0,1,0,7,0
4601.68,1901,4,1,2,0,0,4,1
192.59,111,5,1,0,1,0,3,1
492.64,524,1,2,0,1,0,12,0
631.0,1312,3,0,0,0,0,10,0
748.72,687,3,3,0,0,0,8,0
2298.76,831,4,2,0,0,0,18,0
921.92,666,2,0,5,0,0,8,0
1662.04,1067,5,0,0,0,0,15,0
586.53,875,5,1,0,0,0,19,0
1380.12,1741,3,2,0,0,1,0,1
2387.01,1708,2,0,1,0,0,7,0
527.26,1318,3,0,1,0,0,21,0
2395.53,285,3,1,3,0,0,0,1
1155.6,823,2,2,1,0,0,15,1
3119.6,564,2,1,4,0,0,12,0
896.57,1651,5,0,1,1,0,0,0
1605.59,19,3,1,0,1,0,22,0
1053.0,1531,3,0,1,1,0,23,1
996.04,547,1,1,1,0,0,21,1
1420.74,48,3,1,1,1,1,4,1
1875.83,1769,4,0,0,1,0,3,0
314.33,219,4,1,1,0,0,21,0
4599.18,1646,2,2,0,0,1,12,1
170.77,766,4,3,0,0,0,21,0
552.91,1212,4,1,0,0,0,2,0
997.98,31,5,2,2,1,0,10,1
1656.32,259,4,1,1,0,0,0,0
5303.77,1699,4,1,3,0,0,7,0
171.01,1368,3,0,1,0,0,1,0
660.04,308,4,1,0,0,0,7,1
130.73,1095,2,1,0,0,0,22,0
1131.86,307,3,1,0,0,0,2,0
1438.97,568,2,0,3,1,0,18,0
5381.89,1123,1,1,0,0,0,14,0
1237.24,21,3,3,1,0,0,2,1
3115.13,1921,1,1,0,1,0,9,0
1966.16,1644,2,0,0,0,0,17,0
709.64,1589,3,0,2,1,0,15,0
268.01,1030,4,0,1,0,0,11,0
1443.75,231,3,0,0,0,0,5,0
246.63,82,3,0,1,1,1,20,1
4004.63,958,3,1,2,0,1,15,0
932.56,217,4,1,2,0,0,16,0
3623.43,335,2,1,2,0,0,3,0
678.43,559,5,1,1,1,1,21,0
1434.9,864,6,1,0,0,0,19,0
1352.01,874,2,3,0,0,0,11,0
1048.33,753,8,0,1,0,0,19,0
711.48,1714,3,1,0,0,1,10,0
1623.69,594,3,0,0,0,1,14,0
434.34,1823,4,0,0,0,0,14,0
327.2,704,4,0,0,0,0,11,0
3800.27,925,3,2,0,0,0,7,0
2269.17,1679,1,0,1,0,1,18,0
1171.33,1850,2,1,1,1,1,13,0
5797.27,1815,5,1,0,1,0,16,0
839.02,1958,2,1,2,0,0,14,1
4116.27,553,5,1,1,0,0,3,1
1307.11,1483,2,3,1,0,0,3,0
393.57,783,2,1,2,0,1,4,1
6960.73,87,1,0,0,0,0,2,0
2953.4,1539,2,0,1,0,0,3,1
971.63,1747,2,1,0,0,0,6,0
2269.17,513,2,1,3,0,0,3,0
732.38,984,2,1,1,0,0,10,0
2512.79,1009,3,3,0,0,1,13,0
100.38,587,7,0,1,0,0,23,0
395.52,1502,2,1,1,1,0,4,0
2919.77,498,1,1,0,0,0,8,0
854.35,907,4,2,3,0,0,23,0
1349.57,956,4,1,1,0,0,9,0
285.21,743,1,0,0,0,0,16,0
6959.53,449,6,2,3,0,0,15,0
3606.63,588,0,0,1,0,0,12,0
897.23,260,5,3,1,0,0,5,0
731.65,1561,4,1,0,0,0,3,0
3070.53,1224,5,5,0,0,0,7,0
7962.28,463,3,1,0,0,0,9,0
2846.26,1963,3,1,0,0,0,18,0
9621.95,94,5,1,0,0,0,15,0
436.0,1021,3,2,1,0,0,16,0
483.29,1960,3,0,0,1,1,21,0
333.97,1376,0,3,1,0,1,9,1
1705.75,1132,1,1,2,0,0,14,0
1307.15,355,5,0,2,0,0,2,0
942.04,469,1,1,1,0,0,7,0
2463.3,95,4,4,1,0,1,2,1
3760.58,868,7,1,0,0,0,5,0
238.49,91,4,1,1,0,0,11,0
603.67,1068,2,0,3,0,1,6,0
2490.26,1480,3,2,2,0,1,12,1
686.95,955,2,2,0,1,0,14,0
493.63,384,8,0,0,0,1,22,0
3036.73,23,5,1,0,0,0,11,0
302.02,1726,4,1,1,0,0,19,0
811.12,23,2,1,0,1,0,23,0
1523.31,1258,2,1,2,0,0,15,1
617.81,1722,2,3,1,0,0,23,1
2399.84,311,1,1,2,0,0,23,1
620.87,1441,2,0,2,0,0,0,0
4485.56,1357,1,1,0,0,0,16,0
967.05,575,1,2,2,1,1,22,1
2145.81,103,4,0,0,0,0,6,0
2312.36,500,3,2,0,0,0,22,0
585.5,828,4,1,2,0,0,0,0
140.68,1507,3,1,0,0,1,6,0
1573.02,189,3,3,1,0,0,14,1
1178.84,1872,3,1,1,0,0,2,0
1911.85,460,5,3,1,0,0,0,0
874.34,189,6,0,1,0,0,16,0
713.06,351,2,2,0,0,0,10,0
8172.03,581,0,3,3,1,0,11,1
251.55,114,5,0,0,0,1,7,0
2284.61,104,7,0,0,0,1,13,0
617.33,620,3,2,1,0,0,0,0
783.85,1532,2,0,4,0,0,12,0
798.63,1369,6,2,1,0,0,20,0
491.06,1045,2,3,1,0,0,16,0
1941.52,387,4,2,0,0,0,22,0
4405.65,944,4,2,1,0,0,9,0
1754.63,1802,5,2,1,0,0,16,0
1216.07,855,3,0,1,0,0,2,1
408.94,1233,3,2,1,0,1,23,0
1838.72,1706,4,0,2,0,0,2,1
9474.41,483,4,1,1,0,0,22,0
749.42,473,3,1,0,0,0,10,0
752.96,1730,1,1,0,1,0,5,0
625.72,859,2,0,1,0,0,14,0
672.22,942,3,0,0,0,1,20,0
70.44,393,1,0,0,0,0,20,0
1644.24,1659,4,1,3,0,0,19,0
470.81,1713,4,2,1,0,0,15,0
219.15,516,5,0,1,0,0,9,1
2328.99,1212,5,0,0,0,0,20,0
371.66,346,3,1,0,1,0,6,0
781.59,1376,2,2,1,0,0,7,0
4752.58,541,4,1,1,0,0,13,0
267.95,1622,1,0,0,0,0,5,0
236.84,47,2,1,0,0,0,12,0
1435.55,1101,2,1,2,0,0,22,0
3461.6,343,3,1,0,0,0,19,0
227.16,1215,4,0,0,1,0,15,0
1648.61,543,4,1,0,0,0,21,0
1960.59,819,5,3,0,0,0,14,0
139.89,1705,3,2,3,0,0,22,1
2436.95,1060,4,1,0,1,1,12,1
2634.91,757,2,0,0,0,0,17,0
802.89,1448,5,0,0,0,0,16,0
3836.62,351,6,2,0,0,0,0,0
3416.79,188,1,2,3,0,0,23,0
1215.75,1551,3,0,0,0,0,4,1
698.23,334,3,1,2,0,0,20,0
414.54,483,1,0,1,0,0,14,1
1056.2,1240,2,0,1,0,0,11,0
1938.67,1182,0,2,1,0,0,22,0
793.0,1950,4,0,1,0,1,20,1
121.81,667,3,1,0,0,0,6,0
3899.93,1265,3,1,0,0,0,19,0
1326.4,296,2,0,0,0,0,7,0
750.23,1486,2,3,0,0,1,19,0
2584.17,45,3,1,1,0,0,20,0
5037.37,495,3,1,0,0,0,7,0
66.56,1995,4,3,1,1,0,12,0
1693.01,175,3,2,0,1,0,6,0
263.31,1004,4,0,0,0,0,4,0
1806.43,1370,4,0,0,0,0,20,0
1246.29,56,3,1,1,0,0,10,1
2070.88,1590,2,0,0,0,0,21,0
665.64,341,4,0,1,0,1,12,1
168.47,1801,5,0,1,1,0,3,0
698.99,1910,6,2,1,0,0,4,0
1647.23,1775,1,1,0,0,0,6,0
3027.2,1857,3,2,1,0,1,6,0
339.74,1132,3,1,0,0,0,0,0
3062.73,1734,2,1,1,0,0,14,0
573.71,1921,5,0,0,0,0,13,0
1575.69,214,1,2,0,0,0,3,0
658.59,1523,4,2,1,0,0,2,0
1315.76,758,2,1,2,0,0,14,1
2675.46,1421,3,3,1,0,0,19,1
321.5,550,0,1,2,0,0,22,0
555.63,497,3,1,0,0,0,22,0
1319.44,173,2,1,2,0,1,22,0
12107.54,105,4,1,0,0,0,8,0
462.58,1576,2,3,1,0,0,14,0
8434.91,479,5,1,1,0,0,9,0
8139.01,1423,5,1,0,0,0,15,1
994.95,434,3,0,1,0,0,22,0
813.91,642,2,0,1,0,0,15,0
548.91,693,1,0,0,0,1,20,0
1024.33,991,0,0,2,0,0,17,0
268.62,922,6,0,2,1,0,14,1
1016.13,194,3,0,0,1,0,22,0
4899.46,843,1,0,1,1,0,8,0
595.21,801,2,1,1,0,0,6,0
862.02,1490,3,1,1,0,0,13,0
200.11,1365,1,0,1,0,1,10,0
1594.1,59,3,1,1,0,0,23,0
1428.64,1887,0,1,0,0,0,4,0
1168.76,1562,3,1,0,0,0,20,0
882.87,478,3,0,2,0,1,14,0
818.31,1127,6,1,2,0,0,11,0
1811.48,533,4,4,0,0,0,9,0
1065.48,1969,3,1,2,0,1,12,1
1502.63,592,1,0,1,1,0,11,0
1359.65,839,3,1,0,0,0,13,0
3372.56,1735,3,2,0,0,0,10,1
2158.12,1346,7,1,1,1,1,18,1
1329.9,549,2,0,0,1,1,1,0
5006.15,1038,5,1,1,0,0,18,0
1669.48,1480,4,1,1,0,0,3,1
4043.89,221,1,1,1,0,0,0,0
2012.12,876,1,0,3,0,1,20,0
173.83,1415,2,2,1,0,1,20,0
4043.37,678,7,1,0,0,0,5,0
1255.36,1197,3,1,2,0,1,13,1
1041.11,662,2,1,1,0,0,17,0
1452.95,684,3,3,0,0,1,5,0
776.67,1105,0,1,1,1,0,9,0
1376.13,336,7,1,2,1,1,15,1
606.75,225,4,0,0,0,0,15,0
3921.67,871,2,2,1,0,1,22,1
978.88,35,3,0,0,1,0,20,0
748.01,1894,1,2,0,0,0,17,0
434.88,188,5,4,1,0,1,20,1
1434.79,1248,5,1,2,0,0,5,0
1322.27,643,4,1,1,0,1,20,1
1617.16,1910,5,0,1,0,0,7,0
392.58,963,3,0,1,1,0,9,0
221.15,968,3,1,0,0,0,6,0
2049.99,494,2,0,0,0,1,8,0
4839.86,1887,8,1,0,0,1,0,0
392.94,311,2,1,1,0,0,12,0
5374.61,521,2,2,1,1,1,18,0
1456.67,1605,4,0,2,0,0,19,0
1088.92,1564,1,1,1,0,0,22,0
736.9,1935,3,1,1,0,0,16,0
274.65,369,1,0,0,0,0,1,0
2944.6,1499,1,0,0,0,0,23,0
504.92,746,2,1,1,0,0,22,0
502.8,31,4,1,1,0,0,13,0
2956.99,1851,3,2,2,0,0,15,1
166.84,1256,2,0,1,0,0,12,0
238.99,1874,2,0,1,0,0,6,0
1076.93,998,2,1,1,0,0,4,0
1470.39,497,0,1,1,0,1,8,1
1780.65,1590,3,0,0,0,0,13,0
810.95,964,2,0,2,0,0,5,1
13771.68,1199,4,4,1,1,0,0,1
873.15,298,5,0,4,0,0,20,0
870.63,1815,3,1,1,0,0,2,1
494.24,1389,4,2,1,0,0,4,0
1241.29,1110,1,2,0,0,0,13,0
2028.32,577,3,1,4,0,0,0,1
3654.0,1113,2,1,0,0,0,12,0
247.33,54,1,1,1,0,0,9,0
857.49,1654,1,0,0,0,0,1,0
1714.2,1385,3,0,1,0,0,8,0
1972.5,1500,8,2,2,0,0,5,0
1103.84,229,2,1,2,0,0,2,1
1886.4,779,2,3,0,0,1,3,0
488.35,1855,2,0,1,0,1,9,0
5207.76,1558,2,0,0,0,1,3,0
2959.06,1974,3,0,2,0,1,1,1
285.74,1783,4,3,1,0,0,17,1
374.24,985,1,3,2,0,1,14,1
384.94,373,1,0,0,1,0,9,0
2160.23,469,2,2,1,0,0,2,0
303.47,420,3,1,0,0,0,14,0
787.59,1850,3,4,0,0,0,5,0
1727.97,532,6,1,0,0,1,9,0
1026.42,1424,2,0,1,0,0,11,1
1420.68,988,5,1,2,0,1,9,0
377.74,1208,1,1,0,1,0,19,0
1987.94,1885,4,1,1,0,1,0,0
593.95,562,5,0,0,1,1,22,1
792.65,90,1,2,0,0,0,22,0
1390.94,1640,4,1,1,0,1,1,0
1215.7,1730,2,2,1,0,0,15,0
1123.25,1407,4,1,0,0,1,7,1
517.69,369,2,2,0,1,0,12,1
812.77,1098,4,1,2,0,0,2,1
1099.03,1293,1,3,2,0,0,9,0
277.25,15,6,1,2,0,0,18,1
690.54,1353,2,0,3,0,0,18,0
1615.95,1819,7,0,1,0,0,23,0
305.69,1416,5,1,0,0,0,5,0
3486.25,1734,2,0,0,0,1,5,0
3903.44,1458,2,1,1,0,1,3,1
315.72,344,4,0,0,0,1,0,0
4262.54,1219,4,2,1,0,0,15,1
949.96,1946,5,3,2,1,1,12,1
1666.56,1060,1,0,1,0,0,1,0
667.37,917,1,1,0,1,1,23,0
2760.16,205,2,1,2,0,0,2,0
1645.98,1844,3,0,0,0,0,0,0
485.82,1675,3,1,0,0,0,13,0
342.0,776,6,0,4,0,0,22,0
254.6,1081,3,0,1,0,1,14,0
1323.38,1134,0,1,1,0,0,15,0
1943.94,686,4,1,2,0,0,7,1
2102.68,1520,4,1,1,0,0,21,0
974.59,718,3,1,0,0,0,11,0
344.81,225,7,3,1,0,0,17,0
554.42,1410,6,1,0,1,1,4,0
3471.52,64,2,2,1,0,0,12,1
675.44,1788,2,0,0,0,0,2,0
1265.75,948,5,0,1,0,0,10,1
374.04,961,2,0,1,1,0,6,0
1535.46,1803,0,1,0,0,0,6,0
693.89,1926,1,0,1,1,0,6,0
3123.51,1376,4,0,2,0,0,11,0
2376.91,1487,2,0,0,0,1,15,1
668.0,1868,3,2,0,0,0,13,0
966.17,320,3,0,1,1,1,20,0
632.0,357,10,0,1,0,0,8,0
265.22,93,3,4,0,0,1,15,1
465.24,695,3,1,1,0,0,1,0
1337.05,1324,2,0,1,1,1,20,0
1518.17,1750,1,2,1,0,0,10,0
1272.26,1518,3,1,1,1,0,11,0
811.0,1678,1,1,1,0,0,23,0
2787.96,1619,0,1,1,0,0,0,0
1168.58,1413,4,1,1,0,0,3,0
2215.55,1635,4,2,0,0,0,18,0
186.09,1817,2,0,1,0,1,21,0
50.0,434,4,0,2,0,1,2,0
1456.49,1126,2,1,0,0,0,16,0
263.81,841,2,0,0,1,0,23,0
886.74,1402,4,0,1,0,0,18,0
810.7,1607,2,3,0,1,0,16,0
5363.65,1909,2,1,3,0,0,10,0
1635.98,1362,5,0,2,1,1,0,0
1294.47,1024,1,0,0,0,0,6,0
2532.57,898,5,0,1,0,0,1,1
1585.25,884,2,0,1,0,0,2,0
693.9,778,5,1,0,1,0,22,0
3201.82,492,2,2,0,0,0,0,0
361.5,1666,1,1,1,0,0,13,0
1515.12,1084,5,1,0,0,0,19,0
233.32,813,4,3,1,0,0,15,0
1344.72,1533,3,0,1,0,0,19,0
1330.07,392,5,0,1,0,0,15,1
5863.22,1978,2,3,2,0,0,8,0
229.3,1143,4,2,1,0,0,5,0
601.31,1799,3,1,0,1,0,15,0
2496.59,1495,6,1,1,0,0,11,0
1533.51,1352,5,2,0,0,0,5,0
1313.31,21,3,0,0,1,0,19,0
421.52,1121,3,1,0,1,1,15,0
607.4,1839,4,0,1,1,0,19,0
3808.69,513,2,0,0,0,0,17,0
1041.58,908,3,1,0,0,0,9,0
1596.17,715,4,1,1,0,0,11,0
977.32,944,3,3,0,0,0,14,0
335.93,1664,4,1,0,0,0,2,0
2790.04,350,5,1,2,1,0,11,0
1813.9,1156,5,2,1,0,0,9,0
10999.85,546,3,1,0,0,1,12,0
397.19,599,0,1,0,0,0,15,0
2496.32,32,2,0,1,0,0,18,0
295.44,259,2,1,1,0,1,20,0
1283.5,476,4,0,1,0,1,19,0
2911.74,1860,7,1,0,0,0,14,0
138.08,825,3,0,0,0,0,8,0
893.43,1906,3,3,1,0,0,10,0
624.4,972,4,0,0,0,0,7,0
543.51,920,4,1,1,0,0,2,0
1611.97,33,4,1,0,0,0,17,0
3363.33,899,3,2,0,0,0,6,0
959.8,388,1,3,0,0,0,0,0
1346.8,1822,5,1,0,0,0,4,0
1229.43,1862,0,0,2,0,0,6,0
1098.61,1585,3,0,1,0,0,17,0
368.95,798,4,0,0,0,0,17,0
3322.41,456,4,1,1,0,0,15,0
1473.2,1618,2,0,1,0,0,23,0
1627.63,1168,5,0,2,0,0,11,0
489.55,1973,1,0,1,0,1,15,0
692.83,1926,2,0,0,0,0,11,0
919.53,1816,2,0,0,0,0,16,0
236.48,1907,5,0,4,0,1,13,1
202.75,1628,5,0,1,0,1,1,1
601.4,224,4,2,1,0,1,6,0
1849.22,217,2,3,2,0,0,3,1
570.7,156,2,2,0,0,0,10,0
395.91,789,3,3,1,0,0,4,0
485.57,1544,2,0,1,0,0,1,0
695.52,36,1,2,0,1,1,16,0
769.81,636,1,0,0,0,1,2,1
9561.71,9,2,0,1,0,0,2,1
3148.31,1064,2,1,0,0,1,18,0
3055.73,1493,1,1,0,1,0,4,0
3528.33,179,2,0,2,0,0,6,0
403.9,1665,4,1,1,1,0,14,0
322.99,959,5,2,0,1,1,21,1
362.54,501,4,1,0,0,0,11,0
4165.14,373,4,1,1,0,0,12,0
634.48,1092,5,0,1,1,0,13,1
313.76,970,3,3,0,1,0,2,1
712.66,1690,3,4,1,0,0,10,0
863.85,1448,2,0,1,0,0,12,0
1434.27,515,2,1,0,1,0,19,0
1409.44,364,2,1,0,0,1,18,0
479.06,1914,4,0,0,0,0,13,0
2176.9,777,6,1,0,0,0,3,0
578.71,1952,3,0,0,0,0,13,0
937.98,1475,3,3,1,0,0,8,0
2179.33,1540,9,0,1,0,0,17,0
577.19,774,3,0,2,0,0,1,0
620.58,329,3,0,0,0,0,9,0
1981.62,794,6,0,1,1,0,8,0
465.11,1922,4,1,4,0,0,19,0
746.36,962,1,0,2,0,0,12,0
1911.69,370,3,0,0,0,0,0,0
8553.47,597,2,0,3,1,0,20,0
2009.02,1878,5,3,1,0,0,7,0
1759.24,1411,0,2,0,0,0,15,0
1864.6,1571,1,1,0,1,1,23,0
374.96,1138,0,1,0,0,0,20,0
1231.02,571,3,0,0,0,0,16,0
1064.47,1062,2,1,0,0,1,21,0
1512.6,1569,6,0,0,0,1,2,1
1232.14,377,1,1,0,0,0,4,1
1603.11,1423,4,0,0,0,0,13,0
803.14,1227,1,0,1,0,0,3,0
1162.83,1226,2,2,0,0,0,3,0
321.23,100,2,1,1,0,0,18,0
796.39,1422,5,1,1,0,0,0,0
4406.49,1474,3,0,0,0,0,18,0
1508.41,1837,3,1,1,1,0,4,0
1073.93,816,1,0,1,0,0,23,0
7303.6,1964,3,1,0,0,0,20,0
281.23,118,8,0,0,1,0,22,0
361.6,421,8,0,0,0,0,9,0
6079.7,1267,2,1,3,0,0,0,1
1148.21,541,1,0,2,0,0,17,0
860.42,1251,1,0,0,1,0,9,1
330.56,1525,4,2,2,0,0,9,0
1715.91,1876,3,1,0,1,0,13,1
1890.24,1237,4,1,0,0,0,10,0
367.05,930,2,2,1,0,0,18,0
953.1,699,4,2,1,0,1,17,0
784.06,113,5,4,0,0,1,12,1
1416.55,373,4,2,0,0,0,19,0
358.08,299,2,0,1,1,0,9,0
3835.09,1697,1,0,1,1,0,7,0
2740.3,1043,4,1,0,0,0,1,0
762.67,776,2,1,1,0,1,10,0
883.23,671,1,1,1,0,0,10,0
956.78,11,4,3,1,0,0,0,1
503.55,8,5,1,2,0,1,12,1
703.85,1177,3,2,1,0,1,16,1
836.92,1649,3,1,0,1,1,17,0
5502.01,1684,3,1,0,0,0,22,0
2826.0,1574,7,1,1,0,0,11,0
2792.39,1159,1,3,0,0,0,17,0
1587.52,1397,2,0,0,0,0,11,0
358.77,461,1,0,0,0,0,12,0
1052.06,1959,3,1,2,0,1,20,0
2894.27,1259,5,0,0,1,0,18,0
311.6,255,2,1,1,0,0,12,0
2072.59,586,3,2,2,0,0,2,0
11188.14,1352,3,6,1,0,0,11,1
3171.05,362,4,0,0,1,0,2,0
4509.89,1398,1,2,0,0,0,13,0
1364.22,1003,3,1,3,1,0,15,1
2886.88,788,2,1,1,0,0,21,0
534.94,209,5,0,1,0,0,6,0
2430.53,267,3,1,1,0,0,10,0
2109.88,656,2,0,3,1,1,18,1
1465.44,997,3,2,0,0,0,7,0
4088.8,554,3,0,0,0,0,14,0
639.84,736,1,0,0,0,0,13,0
909.54,1882,2,1,0,0,0,20,0
1206.48,1530,5,0,0,0,0,13,0
391.66,1588,4,1,0,0,0,7,0
1375.99,421,2,0,0,0,0,22,0
196.58,308,3,2,0,0,1,20,1
3124.27,137,4,0,1,0,0,22,0
1148.99,1443,1,1,2,0,0,21,0
651.39,195,3,0,1,1,1,10,1
476.1,1119,2,0,0,1,1,7,1
867.33,1514,2,1,0,0,0,10,0
2182.57,1927,10,2,1,1,0,4,1
1896.45,1282,2,1,1,0,0,14,0
541.56,1049,5,0,1,0,0,16,0
470.58,1256,1,2,1,0,1,13,0
2115.19,1356,1,2,1,0,0,14,0
532.54,606,2,0,3,0,0,8,1
1164.34,1014,4,2,1,0,0,13,0
1241.1,862,3,1,1,0,0,9,1
1498.26,221,7,1,1,1,0,14,0
2587.04,297,3,0,1,0,0,15,0
310.14,1227,2,0,0,1,0,11,0
162.2,1011,3,3,1,0,0,8,0
621.76,1972,2,2,2,0,0,15,0
6644.39,343,2,0,1,1,0,21,0
8284.77,593,2,1,1,0,1,5,0
6844.34,1229,5,1,1,0,0,10,0
904.17,1985,6,2,0,0,0,7,0
184.54,892,5,0,1,0,0,14,0
105.32,77,4,2,0,0,0,14,0
593.46,1574,3,0,1,0,0,14,0
899.58,707,1,0,1,0,1,9,0
4026.39,1066,6,3,0,0,0,1,1
2611.83,1479,5,0,0,0,0,6,0
1376.65,1206,2,2,1,0,0,22,0
450.41,757,3,0,0,1,0,14,0
419.57,1219,1,0,2,0,0,0,0
1413.93,590,2,0,0,0,1,11,0
2201.85,1856,3,0,1,0,0,21,0
1622.76,388,2,0,1,0,0,17,0
389.71,927,1,2,0,0,0,5,1
2102.05,637,1,0,1,0,1,3,0
1678.93,141,4,2,2,1,1,8,1
375.9,1051,3,0,0,1,0,23,0
500.54,1339,4,2,0,1,0,22,0
2183.09,1345,4,1,3,0,0,13,1
867.39,448,2,1,3,0,0,14,0
5373.03,1817,3,2,1,0,0,16,0
1810.09,293,0,0,0,0,0,23,0
674.09,1778,0,3,0,0,0,13,0
1085.5,1260,1,3,3,0,0,0,0
1168.39,715,3,2,0,0,0,1,0
529.33,457,3,0,0,0,0,6,0
440.28,892,5,1,0,0,0,23,0
2211.42,839,3,1,0,0,0,16,0
2553.64,654,3,0,0,1,1,6,1
2005.77,1630,3,0,0,0,0,5,0
4990.63,664,3,0,2,0,0,3,0
637.93,765,2,0,0,0,0,9,0
5850.43,1091,3,2,1,0,0,8,0
445.45,176,0,0,1,0,0,20,0
398.34,510,2,1,1,0,1,10,0
188.68,1639,3,1,0,0,0,6,0
702.19,1115,3,0,1,0,1,21,1
662.67,705,2,1,2,0,0,8,0
1855.55,1190,2,1,1,0,0,16,0
1399.53,602,7,3,1,0,0,0,0
332.63,838,4,0,0,0,0,7,0
740.46,1851,3,0,2,0,0,17,0
756.38,1002,4,0,0,0,0,18,0
185.68,1804,5,2,2,0,0,3,1
411.19,1462,2,1,2,1,1,16,1
507.34,51,5,0,4,0,0,15,0
4599.14,1702,1,0,2,0,0,15,0
1328.03,686,1,1,1,0,0,13,0
2126.36,1763,3,1,0,0,0,0,0
245.03,266,7,0,1,0,1,7,0
3619.95,1545,4,1,0,0,0,5,0
4028.31,1111,2,1,0,0,1,9,0
148.66,606,4,1,1,0,0,13,1
541.68,1076,2,1,0,0,0,21,0
1800.4,1203,3,0,0,0,0,14,0
2088.89,1302,2,3,2,0,0,3,0
556.41,1263,3,0,2,0,1,8,0
807.95,585,3,0,1,0,0,10,0
603.42,339,1,0,1,0,0,17,0
1224.66,1096,5,0,0,0,0,0,0
3630.69,374,1,1,4,0,0,18,1
507.23,580,3,1,0,0,0,15,0
2983.4,517,0,1,0,1,1,15,0
501.86,1875,3,1,1,0,1,6,0
469.83,1262,4,0,0,0,0,2,0
2486.41,1490,3,1,0,1,0,15,0
2757.1,121,5,0,1,0,0,11,0
2569.35,1437,4,1,0,1,1,3,0
294.18,1747,3,1,2,0,1,9,0
688.18,1798,3,1,0,0,0,18,0
2497.36,837,5,0,0,0,1,2,1
1143.15,570,5,3,1,0,0,6,0
374.77,43,0,0,1,0,1,2,0
1734.23,1528,0,0,0,0,0,8,0
536.57,1221,1,3,0,0,0,19,0
6598.02,72,1,1,2,0,0,0,0
5140.17,91,6,2,1,0,0,4,0
2006.4,1573,6,1,0,1,0,0,0
4277.0,491,5,2,1,0,0,14,1
1170.04,1850,5,2,1,0,1,4,0
2357.69,749,4,0,0,1,1,21,0
4806.48,998,2,2,1,0,0,23,0
1401.78,383,1,0,0,0,0,14,0
849.64,805,0,0,2,1,0,0,1
199.41,1490,2,1,0,0,0,13,0
1009.15,1178,2,3,0,0,0,17,0
2498.44,170,3,3,1,0,0,1,1
2823.22,1296,3,1,0,0,0,16,0
1815.95,918,2,2,0,0,1,4,0
638.23,1134,1,2,0,0,0,6,0
151.89,151,4,0,2,0,1,15,1
668.33,431,1,1,3,0,0,4,0
808.88,451,1,2,1,0,1,13,0
801.97,643,4,1,1,0,1,18,0
2035.62,780,3,4,0,0,0,9,0
7987.85,23,2,4,1,0,0,14,1
1240.82,367,2,1,2,1,0,4,0
882.95,651,3,0,0,0,0,18,0
846.22,820,2,1,1,0,1,22,0
1241.88,239,6,1,0,0,1,1,1
479.0,434,4,1,2,0,0,15,0
1236.7,1977,3,1,0,0,0,19,0
1721.26,704,4,0,2,0,0,7,0
1352.47,1151,2,1,0,0,0,18,0
1732.88,942,3,0,2,0,1,12,0
1692.14,541,6,0,1,0,0,2,0
186.44,633,2,0,1,0,0,10,0
2073.24,198,3,2,1,0,0,6,0
560.59,1710,1,1,0,0,0,1,0
366.56,1680,4,1,2,0,1,13,0
363.42,482,2,0,1,0,0,15,0
1691.79,1203,5,1,1,0,0,23,0
877.81,869,4,3,0,1,1,10,1
203.98,523,3,0,3,0,0,20,0
1768.77,651,0,4,0,0,0,6,0
259.92,959,1,0,0,0,0,11,0
1261.2,437,3,0,0,0,0,13,0
1392.0,1789,5,1,1,0,0,19,0
2658.66,857,1,1,0,0,1,1,0
6513.84,314,3,0,1,0,0,15,0
280.15,19,3,0,0,1,0,23,0
1040.57,1184,4,1,0,1,0,14,0
831.86,818,2,1,0,0,0,4,0
1692.14,122,7,1,1,0,0,20,0
1360.58,72,1,0,0,1,0,3,0
770.82,1079,3,1,0,0,1,17,0
705.63,460,4,1,0,0,0,14,0
359.08,169,3,2,1,0,0,9,0
2944.99,1635,4,1,1,1,0,17,0
1735.77,582,3,2,2,0,0,6,1
2745.64,1173,3,1,0,0,0,23,0
804.0,629,1,0,1,0,0,18,1
568.59,26,5,0,0,1,0,22,1
373.04,1272,3,1,1,0,1,15,1
1570.14,1921,4,0,1,1,0,3,1
387.69,721,2,1,0,0,1,22,0
6965.07,1251,4,0,0,0,0,8,0
296.59,1947,0,2,1,0,0,15,0
1441.82,1970,3,1,1,0,0,18,0
5254.58,1650,2,2,1,0,0,20,0
1996.38,1730,4,0,0,0,0,4,0
1307.24,1508,6,5,3,0,0,15,1
416.35,1857,5,1,3,0,0,5,0
275.4,1034,1,2,0,0,0,20,0
2368.59,1119,2,1,0,0,0,22,0
4945.07,121,2,0,2,0,0,9,0
707.08,126,1,0,1,0,1,22,1
351.05,549,3,1,0,0,0,7,0
93.86,1093,8,1,0,0,1,4,1
411.26,297,3,3,2,1,0,4,1
978.82,686,2,1,0,0,1,18,0
5426.9,1525,2,0,0,0,0,1,0
2149.81,973,4,0,1,0,1,0,0
1487.85,1069,2,1,2,0,0,3,0
735.01,635,2,0,0,0,1,5,0
612.06,382,3,1,0,0,0,4,0
4472.25,1051,6,1,1,1,1,13,0
1340.42,705,4,0,0,1,0,11,0
133.94,497,4,2,2,0,0,8,0
559.17,852,1,1,3,0,0,18,0
464.88,1160,6,0,0,0,0,15,0
635.07,707,2,1,1,0,1,23,0
1925.44,1073,3,2,1,0,1,3,1
984.91,1632,4,0,0,0,0,2,0
1015.5,1531,4,0,0,0,0,13,0
4078.45,121,3,1,0,0,0,21,0
546.5,1785,1,1,1,0,1,17,0
7074.13,1241,5,1,1,1,0,11,1
560.42,626,1,0,1,0,0,10,0
1198.95,526,5,1,0,1,0,4,0
827.82,1598,2,0,0,0,0,11,0
1240.69,1067,3,0,0,0,0,6,0
1710.59,1947,2,1,0,0,0,18,0
1692.29,752,4,3,1,0,0,7,0
516.4,96,3,0,1,0,0,18,0
356.77,27,3,1,0,0,0,7,1
13402.17,836,3,1,0,0,0,2,1
675.88,1919,2,0,1,1,1,22,0
2206.61,1266,1,2,1,0,0,18,0
219.72,487,4,2,1,0,0,5,0
829.14,1995,4,2,0,1,0,10,0
965.65,240,5,1,3,0,1,15,1
1759.55,1328,2,0,0,1,0,12,0
72.06,67,3,0,0,1,1,16,0
1294.84,1305,3,5,0,0,1,19,0
347.32,1216,2,0,0,0,1,8,0
1516.78,1143,2,1,0,0,0,18,0
389.04,1176,2,1,0,0,1,14,0
466.15,1801,3,2,1,0,0,18,0
834.12,1416,4,1,2,0,1,11,0
382.86,231,2,2,1,0,0,19,0
681.62,351,2,0,2,0,0,10,0
332.49,761,4,0,0,0,0,14,0
175.36,1595,2,1,0,1,0,20,0
3034.97,1553,5,0,1,1,0,7,0
300.05,1195,4,0,2,0,0,8,0
917.19,863,4,0,0,0,0,5,0
2328.29,1988,3,1,0,0,1,21,0
592.92,1156,2,1,1,0,0,11,0
480.5,357,4,0,0,0,0,2,0
1375.04,1672,5,0,0,0,0,10,0
3354.08,1066,2,1,0,0,1,18,0
340.59,1329,5,0,0,0,0,6,0
943.74,1030,8,0,1,0,0,8,0
193.93,329,2,3,1,0,0,18,0
740.11,1194,0,1,1,0,0,7,0
1134.79,1992,4,2,2,1,0,23,1
466.55,1824,5,0,0,0,1,13,1
694.37,911,2,0,1,1,0,18,0
268.21,338,2,2,1,0,0,0,0
1184.5,1751,2,2,0,0,0,1,0
3151.69,1093,5,2,0,0,1,5,1
366.08,882,1,1,0,1,0,23,0
588.35,539,1,1,0,0,0,16,0
1812.65,737,3,1,0,0,0,6,0
3685.24,1858,5,5,0,0,1,15,0
246.36,1531,0,0,0,1,0,7,0
926.32,1770,2,1,1,1,0,13,0
1455.54,1510,5,1,1,0,1,0,0
990.24,443,2,0,0,0,0,10,0
92.13,924,3,2,0,0,0,22,0
1810.01,920,3,0,0,0,0,3,0
5010.73,51,3,2,0,1,0,17,1
1232.33,149,1,0,1,0,1,7,0
391.07,1951,5,0,0,0,0,10,0
656.47,1611,1,0,0,0,0,22,0
6437.61,1842,0,0,1,0,0,7,0
2724.29,1116,1,1,0,0,0,5,0
2079.8,368,1,1,1,0,0,11,0
1566.21,1960,7,3,3,1,0,6,1
566.15,580,1,1,1,0,0,3,0
897.33,1771,3,0,0,0,0,6,0
1014.43,1898,1,3,0,0,0,1,0
1899.93,656,4,1,1,0,0,10,1
4958.8,76,3,1,0,0,0,19,0
3355.44,1110,5,0,1,1,0,3,1
265.23,227,2,1,0,0,1,18,0
1371.96,1387,1,0,3,0,1,1,1
2291.05,959,6,0,2,0,0,19,0
2036.24,1592,5,1,1,1,0,17,0
584.51,592,2,0,0,0,1,18,0
20213.57,24,7,1,2,1,0,11,1
305.8,1763,1,2,0,0,0,13,0
371.23,28,5,2,1,0,1,8,1
1385.19,121,1,0,1,0,1,11,0
9107.04,1514,0,2,2,0,0,0,1
475.23,1629,4,0,0,1,0,21,0
840.65,853,5,2,0,0,0,12,0
3220.51,624,1,2,1,0,0,22,0
1077.22,890,2,5,2,1,0,6,1
784.77,1369,5,1,1,0,0,14,0
1930.69,31,5,0,0,1,1,19,0
1440.17,1679,4,1,2,0,0,6,0
3073.09,1903,3,0,0,0,0,23,0
3989.69,1834,4,0,0,0,0,23,0
1490.7,1251,2,2,0,0,0,2,1
1468.11,870,3,2,2,1,0,21,0
1358.47,1274,2,2,1,1,1,11,1
1788.5,50,2,2,0,1,1,19,1
1158.84,726,3,0,2,0,0,13,0
1095.97,1916,2,0,1,0,0,3,0
3628.69,389,2,0,0,0,0,4,0
4994.62,944,4,0,1,1,1,15,1
242.85,1805,4,0,1,1,1,0,0
1107.68,1312,2,1,0,1,1,13,1
550.76,1731,1,0,3,0,0,10,0
803.54,1790,4,2,0,0,1,4,0
1640.11,1615,1,0,0,0,1,10,0
2141.88,1015,3,0,0,0,0,6,0
980.31,475,1,2,0,0,0,16,0
161.85,756,2,0,0,0,1,21,0
417.78,603,3,0,1,0,0,21,0
2687.86,926,2,0,2,1,0,16,0
70.78,1030,3,1,2,0,0,10,0
3595.46,793,0,1,1,0,0,3,0
1846.84,412,0,0,0,1,0,9,0
4089.49,1982,4,1,1,0,1,21,0
899.13,662,5,3,0,0,0,23,0
139.57,1348,1,2,1,0,0,23,1
1686.42,1423,2,0,1,0,0,23,0
3923.16,1306,2,1,0,0,0,19,0
2764.8,191,5,1,0,1,0,10,0
565.27,786,0,1,2,0,0,19,0
1196.03,585,4,1,2,1,0,13,1
643.66,959,5,1,1,0,0,3,0
483.35,1854,10,4,1,0,0,4,1
2850.9,500,4,0,0,0,0,14,0
331.12,580,1,4,1,0,0,22,0
448.62,816,1,2,1,1,0,6,0
363.57,1458,2,1,0,0,1,7,0
247.09,1087,0,1,2,0,0,7,0
1269.55,1477,3,1,1,0,0,5,0
3503.45,1517,2,3,2,0,0,15,1
911.53,1670,0,1,3,0,1,23,1
243.29,1466,4,1,0,0,1,23,1
2540.06,1331,2,0,0,0,0,13,0
5917.69,780,3,0,2,0,0,20,0
574.65,1759,2,2,1,0,0,22,0
679.56,943,2,1,0,1,1,20,0
1836.58,1150,3,1,0,0,0,11,0
5551.78,265,5,0,0,0,0,13,0
652.08,7,0,1,1,1,0,21,0
289.32,1437,3,1,2,0,0,16,0
2061.97,1230,4,0,0,0,0,13,0
2438.33,1203,3,1,1,0,0,10,0
1103.38,1492,3,0,0,0,0,7,0
627.58,1520,1,2,2,0,0,4,0
2964.25,695,4,1,1,0,0,18,0
1859.45,992,0,2,2,1,0,0,1
508.55,1467,3,1,0,0,0,1,0
1151.82,1976,5,1,1,1,0,16,0
283.81,918,0,2,2,0,1,19,0
2177.41,1252,6,0,0,0,1,0,0
843.67,748,2,1,0,1,0,5,0
709.31,146,3,4,1,0,0,10,0
1061.17,1594,3,3,1,0,0,13,0
1141.74,1320,1,1,2,1,0,10,0
2683.64,241,2,0,2,1,0,10,0
1980.47,857,3,1,0,0,0,10,0
937.85,287,3,1,0,0,0,3,0
2353.52,952,3,0,0,0,0,23,0
1637.19,1699,4,2,0,1,0,16,0
715.8,26,3,3,3,1,0,16,1
968.05,452,2,0,2,0,0,15,0
945.56,106,3,2,1,0,0,21,0
1817.58,240,1,3,1,1,0,4,0
759.74,1876,5,1,0,0,1,14,0
742.18,1442,2,0,2,0,0,7,1
7853.84,332,2,0,0,0,0,11,0
2806.62,912,1,1,0,0,0,4,1
512.55,1915,3,2,2,0,1,9,1
1940.97,1066,3,0,1,0,0,9,1
1234.41,645,4,0,3,0,0,8,0
1622.22,1853,1,1,1,1,0,6,0
1258.08,1580,4,1,1,0,0,0,0
3603.43,35,3,1,1,1,0,21,1
1549.4,876,3,0,4,0,0,18,1
1030.62,1371,0,2,2,0,0,15,0
3109.42,384,0,0,1,1,0,0,0
1384.76,1537,3,2,1,1,0,9,1
1238.28,1762,4,0,0,0,1,8,0
1501.2,811,3,0,0,0,0,22,0
998.64,1312,3,0,0,0,0,22,0
1106.8,748,5,0,3,0,0,12,0
609.91,1895,1,0,1,0,1,4,0
517.41,959,3,1,0,0,1,2,0
404.01,1057,8,1,0,0,0,7,0
272.6,95,4,3,2,0,0,3,1
454.99,1020,6,1,1,0,0,16,0
921.25,205,4,2,1,0,0,11,1
1215.75,1645,5,1,0,0,0,5,1
836.06,834,0,0,0,0,0,13,0
103.99,30,2,2,0,0,0,10,0
5295.36,266,2,4,0,0,0,1,1
3250.23,23,3,1,0,0,0,8,1
1712.59,609,3,0,0,0,1,10,0
7387.1,39,2,1,1,0,0,1,0
412.66,173,2,1,1,0,1,2,0
7241.8,760,3,1,1,0,0,16,0
417.71,1915,2,2,2,0,0,4,1
1392.34,1437,3,0,1,1,0,2,1
306.79,414,4,1,0,1,0,17,1
1112.87,1698,4,0,2,1,0,14,0
1613.51,692,1,1,1,0,0,2,0
939.46,615,1,0,2,0,0,13,0
2239.21,209,4,1,0,1,0,13,0
1210.77,22,3,0,0,0,0,17,0
650.4,5,4,0,0,0,0,17,0
622.15,651,2,0,0,0,0,17,0
2467.38,214,4,5,2,0,0,11,0
570.35,1696,2,2,1,0,0,12,1
2739.15,920,4,1,3,0,1,12,0
3724.59,907,6,3,0,0,1,19,0
206.7,1163,2,2,0,1,0,23,1
3404.75,1681,2,1,1,0,0,18,0
8607.79,672,1,1,1,0,1,19,0
1410.93,1619,4,1,0,0,0,19,0
1996.37,667,5,0,4,0,0,23,0
3093.34,800,2,1,0,0,0,11,0
832.57,317,4,3,0,0,0,10,0
1315.91,793,3,1,3,0,1,12,1
294.65,576,2,0,0,0,0,2,0
1259.71,1728,2,2,1,0,0,23,0
1804.63,1180,1,2,0,0,1,20,1
1837.5,1448,0,1,2,0,0,20,0
3182.51,1524,4,0,2,1,0,20,1
505.32,91,3,0,0,0,0,19,0
643.8,1678,3,2,0,0,0,1,0
7299.11,1066,2,2,0,0,0,20,0
943.57,761,2,0,0,0,0,4,0
1339.48,1319,2,0,1,1,0,0,0
1025.56,770,1,1,3,1,1,20,1
482.18,1361,4,0,0,1,0,11,0
5560.98,1,2,1,1,1,0,23,1
646.97,109,8,0,2,0,1,5,1
355.21,928,1,3,0,1,0,22,0
698.73,1149,4,0,2,0,1,1,1
148.16,1088,3,0,0,1,1,21,0
571.76,206,3,1,1,0,1,3,1
416.49,1439,8,0,1,1,0,14,0
2033.33,1978,5,1,1,0,0,0,0
559.24,850,1,2,0,1,0,8,0
2664.59,1268,1,1,2,1,1,21,1
4440.33,590,3,1,4,0,0,4,1
2395.09,623,7,0,1,0,0,20,0
884.14,1678,3,0,0,0,0,1,0
1262.84,1240,5,0,0,0,0,1,0
238.65,965,4,0,1,0,1,12,0
959.32,1552,2,1,0,0,0,2,0
463.85,965,5,1,0,0,0,18,0
2195.85,1590,4,1,0,0,0,4,0
14367.91,653,4,1,1,1,1,2,1
1807.72,1404,0,1,1,1,0,12,0
149.73,1872,1,4,0,0,0,21,0
764.15,79,2,1,0,0,1,4,1
1239.53,415,6,1,0,0,1,7,0
1196.74,1477,3,0,0,0,0,11,0
528.05,1173,5,1,2,0,1,21,1
1401.49,639,2,1,0,0,0,14,0
316.56,1694,6,2,1,0,0,22,0
426.28,791,2,1,0,1,0,0,1
2091.84,1062,4,0,0,0,0,4,0
397.16,1181,4,2,0,0,0,9,0
1878.47,333,6,0,1,1,0,0,0
278.81,288,2,0,0,0,0,8,0
6404.95,1136,2,1,0,0,0,5,0
505.59,1726,6,1,0,0,1,12,0
876.85,1642,3,3,0,0,0,10,0
1526.32,1115,4,0,0,0,0,15,0
623.06,1890,3,1,1,0,0,22,0
1265.73,1837,4,0,1,0,1,14,0
1949.56,1073,3,4,0,0,1,11,0
2865.83,161,3,1,1,1,1,6,1
2419.94,1540,3,2,3,0,0,21,0
923.52,1426,4,3,1,0,0,0,0
947.07,1734,0,1,0,0,0,12,0
11488.58,320,4,1,0,0,1,10,0
2835.26,924,1,1,1,0,0,19,0
436.23,364,4,1,1,1,0,13,0
1211.95,1913,3,0,1,0,0,9,0
784.35,1466,5,0,0,0,0,5,0
957.83,475,5,1,0,0,0,15,1
320.7,1023,4,1,0,0,0,12,0
726.38,766,1,2,1,0,0,21,1
6711.35,602,0,1,2,0,0,21,0
1956.82,312,3,5,0,1,0,9,0
90.82,1556,3,0,0,0,0,6,0
3702.35,589,6,2,0,0,0,0,0
3260.48,1244,2,3,1,0,0,14,0
765.64,1698,5,1,1,0,0,4,1
2246.8,1521,4,1,1,0,0,21,0
464.33,343,1,0,5,0,0,17,0
685.22,906,0,1,1,0,1,22,1
4907.63,1651,4,0,2,0,0,21,0
835.7,1118,4,0,1,0,1,0,0
169.06,1942,1,0,1,0,0,11,0
1029.36,1157,4,2,3,0,0,21,1
1013.75,1525,4,1,0,0,0,2,0
3635.02,172,3,1,0,1,0,7,1
1112.47,626,6,0,1,1,0,2,1
719.4,1033,2,0,0,0,0,7,0
3118.34,1835,1,1,1,0,0,6,0
1237.43,1796,3,1,1,0,0,4,0
518.0,682,3,3,1,0,1,1,1
3480.73,1345,2,0,1,1,0,14,0
1330.97,1122,0,2,0,0,0,13,0
1099.85,1193,0,0,1,0,0,8,0
1310.17,1984,2,1,0,1,1,4,0
375.9,311,2,0,1,1,1,17,0
647.0,1754,3,2,1,0,1,13,1
1100.57,914,5,1,2,0,0,2,1
902.65,1936,1,1,1,0,1,20,1
3914.44,1367,4,0,1,0,1,11,0
1362.95,430,3,0,1,0,0,9,0
2578.35,1956,6,1,2,0,1,17,1
1106.98,858,4,2,3,0,0,5,1
3153.56,1986,5,0,1,0,0,21,0
1631.94,1580,2,2,0,0,0,23,0
1111.45,1524,2,1,1,0,1,8,1
1082.16,1797,5,1,1,0,0,4,0
422.23,285,4,0,2,0,0,22,0
1820.59,1662,4,0,1,0,0,6,0
1053.42,1284,3,2,1,1,0,9,0
663.82,495,3,0,1,0,0,14,0
3315.83,355,3,1,3,1,1,16,1
314.12,214,2,0,0,0,0,19,0
718.74,817,2,2,1,0,0,7,0
3064.74,200,3,0,1,0,0,4,0
1503.46,1260,3,0,0,0,0,10,0
1045.39,853,4,2,3,0,0,6,0
1409.52,136,5,1,0,1,0,9,0
1312.14,1914,2,1,1,0,1,12,0
240.65,948,2,2,0,0,1,1,0
773.35,628,3,1,2,1,1,7,1
5522.15,1989,3,1,1,0,0,4,1
567.18,917,0,0,0,0,0,18,0
797.67,1691,4,2,0,1,0,2,0
638.03,1446,3,0,2,0,0,13,0
1005.24,1925,3,0,0,0,0,7,0
612.09,1365,0,1,1,0,0,15,0
1784.23,1853,2,1,1,0,0,15,0
1335.84,1928,1,1,0,0,0,15,1
2376.89,342,4,2,2,0,0,16,0
383.39,1554,4,5,1,0,0,5,0
780.29,388,3,0,0,0,0,16,0
875.05,4,2,1,1,0,1,3,1
1729.6,677,6,2,0,0,1,15,0
496.1,1663,3,0,0,0,0,1,0
2739.84,399,0,0,1,0,0,7,0
3591.82,1446,4,0,0,0,0,14,0
407.94,411,6,1,0,0,1,1,0
671.24,213,3,1,1,0,0,16,0
644.24,560,4,0,0,0,0,8,0
15250.78,558,4,1,1,0,0,12,0
713.44,558,1,2,0,1,0,11,0
5870.09,1072,1,2,1,0,0,9,0
309.01,1211,2,1,0,0,0,9,0
407.63,502,3,0,0,0,0,4,0
551.92,1656,3,2,0,1,0,20,0
470.74,644,2,1,1,0,1,13,0
838.91,1995,2,1,0,0,0,10,0
539.81,531,3,1,1,0,0,10,0
483.31,953,2,0,0,0,1,6,0
3492.85,787,2,4,0,0,0,1,1
3728.62,475,3,2,2,0,0,6,0
2833.58,1768,4,2,1,1,0,10,0
1851.96,42,3,1,1,0,0,23,0
1203.2,604,5,1,0,0,1,5,0
667.12,1285,1,1,0,0,0,3,0
422.78,48,4,4,1,0,0,10,0
1576.55,1945,3,1,3,0,0,0,1
339.13,1987,4,1,0,0,0,16,0
405.89,1818,1,1,0,0,0,10,0
3473.48,1610,3,0,2,0,0,7,0
7336.73,728,3,1,1,0,0,9,0
1625.05,1470,2,0,1,0,0,8,0
3315.81,221,5,3,1,0,1,17,1
857.61,1645,2,1,0,0,0,18,0
287.82,1671,4,2,0,0,0,21,0
2022.67,940,3,0,1,0,1,23,0
1937.76,343,2,0,1,0,0,17,0
1178.11,1262,3,2,1,0,0,15,0
860.6,155,4,2,0,0,1,20,0
2870.41,938,3,0,2,0,0,12,0
409.23,841,4,2,1,0,0,12,0
505.84,1080,1,0,0,1,0,9,0
400.17,387,3,1,1,0,0,5,0
1193.89,894,6,1,1,0,0,11,0
369.48,1933,5,1,0,1,0,17,1
553.22,1734,2,0,1,0,1,6,0
541.45,1339,4,2,0,0,0,17,0
845.05,38,3,0,1,0,0,21,1
247.8,1365,2,0,0,0,0,9,0
1196.56,851,5,0,1,0,0,19,1
3817.32,729,3,0,1,0,1,6,0
1255.75,231,2,1,1,0,0,18,0
5122.11,452,1,1,0,0,0,12,0
4163.03,1366,1,1,0,0,0,14,0
2386.86,1477,2,3,1,1,0,10,1
1181.67,257,6,3,1,0,0,21,0
1121.59,434,1,1,1,0,1,10,0
2353.83,209,2,1,1,0,0,3,0
741.24,1225,2,1,1,0,1,1,1
166.91,137,4,0,1,0,0,12,0
1793.64,1664,4,0,0,0,0,21,0
353.87,565,1,1,0,0,1,13,0
418.99,856,4,0,1,0,0,16,1
1096.88,1418,2,2,1,0,0,13,0
997.12,1620,2,0,1,1,0,14,0
267.18,721,3,1,1,0,0,6,0
1294.0,845,0,1,0,0,0,2,0
2881.71,1821,3,0,1,0,0,19,0
354.84,36,4,2,0,0,0,21,0
3914.66,1239,3,1,2,0,0,17,0
230.4,27,3,1,0,0,0,20,0
9111.79,1682,4,0,0,0,1,19,0
726.86,18,2,1,2,0,0,11,1
1268.53,630,2,0,1,0,1,20,0
165.33,1161,1,0,1,0,1,23,0
1030.57,579,0,2,2,0,0,1,0
1378.13,903,6,0,0,0,0,5,0
1006.1,1850,4,1,2,0,0,16,0
624.48,975,1,1,1,0,0,14,0
425.57,1054,3,1,0,0,1,2,0
3396.59,1097,2,1,1,1,0,7,1
1130.94,123,2,0,1,1,0,4,0
5119.19,957,4,0,1,0,0,3,0
647.76,1001,3,2,0,0,0,3,1
709.96,987,2,1,0,1,0,6,0
2478.96,1252,4,0,1,0,0,7,1
216.38,338,3,2,2,0,1,19,1
325.88,991,2,0,1,0,0,12,0
3286.19,273,2,0,0,0,0,17,0
339.7,1782,4,1,0,0,0,1,0
177.85,1461,1,1,0,1,0,19,0
7104.81,902,3,1,1,0,0,2,0
272.1,39,2,0,0,0,0,15,0
1318.33,1945,3,1,1,0,0,18,0
1175.07,682,2,1,0,0,0,9,0
65.98,426,4,2,1,1,0,0,1
839.4,315,2,1,0,0,0,20,0
1717.14,614,4,2,4,0,0,22,0
1562.92,1830,3,2,0,1,0,2,1
2706.8,1533,2,0,1,0,0,5,0
744.35,1951,4,2,0,0,1,6,0
2236.14,755,3,0,2,1,0,1,1
550.41,157,2,1,0,0,0,22,0
267.61,872,4,0,1,0,0,14,0
299.55,777,3,0,2,0,0,14,0
254.14,257,3,2,0,0,0,2,1
3009.67,1894,1,2,1,0,0,18,0
241.15,855,3,1,1,1,0,22,0
1442.36,635,4,1,0,0,0,5,0
840.57,456,4,0,0,0,0,20,0
989.65,47,1,1,0,0,0,17,0
4288.14,1356,6,2,0,0,0,16,0
707.38,10,3,0,1,0,0,21,0
2021.51,144,3,4,0,0,0,22,0
1138.61,1455,3,2,0,0,0,16,0
941.98,1835,5,3,2,0,0,10,0
10937.68,1176,1,1,3,0,0,8,0
259.47,487,5,1,2,0,1,20,1
3980.38,1160,1,1,1,0,1,9,0
2114.15,1611,3,1,1,0,0,22,0
678.9,1897,4,1,1,0,0,1,0
5593.27,1050,3,1,0,0,0,14,0
172.76,1031,6,1,0,0,0,23,0
650.82,591,2,1,3,0,0,15,0
327.51,1039,1,2,1,0,0,18,0
1655.87,1456,2,2,3,0,0,14,0
360.3,899,6,0,0,0,0,10,1
1690.98,1424,5,3,2,0,0,5,0
910.11,207,3,2,1,0,1,7,1
679.02,1625,5,2,1,0,0,18,0
1617.52,1633,1,2,0,1,1,13,0
838.3,910,2,1,1,0,0,13,0
369.21,1240,2,0,0,0,0,11,0
18058.52,1526,5,0,1,0,0,3,0
673.73,1483,5,3,0,0,0,0,1
119.39,259,0,0,1,0,0,18,0
472.44,1353,1,1,0,0,0,7,0
308.81,454,1,0,0,0,0,20,0
2505.25,799,0,1,2,0,0,18,0
1512.7,375,3,0,0,0,0,10,0
1633.88,464,2,0,1,0,0,17,1
757.47,75,2,1,1,0,0,12,0
829.36,242,1,0,0,0,0,9,0
756.78,1041,1,0,1,0,0,1,0
1011.11,1713,3,0,3,0,1,10,1
2528.38,1283,5,3,1,0,1,16,0
1534.68,123,7,0,0,0,0,17,0
1808.25,1335,3,2,0,0,0,21,0
1807.25,111,5,2,2,1,0,19,1
2655.64,1280,6,1,0,0,0,19,0
1462.86,234,3,1,1,1,1,3,1
1570.03,968,3,0,1,0,0,3,0
3600.42,497,3,1,0,0,0,17,0
563.94,1892,2,0,0,0,0,13,0
466.03,1064,2,1,0,1,0,14,0
334.98,1146,4,1,0,1,0,20,0
1316.74,1474,1,1,0,0,0,12,0
171.79,727,5,0,1,0,0,8,1
1740.89,1832,2,1,1,0,1,9,1
983.19,1822,2,1,2,0,0,11,0
3410.59,1817,3,2,1,0,0,13,0
560.08,1543,3,0,0,0,0,12,0
894.87,92,5,2,0,1,0,16,1
3368.43,1385,0,0,0,1,0,9,0
4372.7,1970,5,1,0,0,1,2,1
555.49,1147,4,1,0,0,0,8,0
1315.25,337,0,0,2,0,1,14,0
1472.06,1632,5,2,1,1,0,15,0
1593.44,513,3,0,2,0,0,20,0
843.39,603,1,0,1,0,0,23,0
3949.65,428,3,1,0,0,0,13,0
165.72,1457,5,1,0,0,0,5,0
719.73,7,3,0,1,1,0,10,0
1716.31,120,4,0,0,0,0,11,0
1732.33,387,3,0,1,0,0,21,0
4241.87,1374,4,3,1,0,0,23,0
3634.49,641,1,1,0,0,0,11,0
824.24,1715,4,1,1,1,0,1,1
4023.35,1122,5,2,1,0,0,1,0
536.98,1958,3,0,1,1,1,20,0
2781.89,1067,5,0,1,0,0,7,0
6704.42,183,1,0,2,0,0,15,0
3695.77,697,2,2,1,0,0,3,0
1218.98,565,4,1,0,1,0,7,0
786.99,1764,5,1,0,0,0,13,0
237.79,1697,3,0,0,0,1,20,0
1495.98,1259,5,0,0,0,0,16,0
359.52,446,1,2,1,0,0,17,0
496.14,1894,5,0,0,0,0,19,0
333.37,1931,3,2,1,0,0,7,0
692.02,200,2,2,0,0,0,3,0
1066.39,948,1,1,1,0,1,16,1
1441.75,513,3,2,3,0,0,14,1
601.54,1550,4,1,1,0,0,12,0
3194.81,990,5,2,0,1,1,15,0
890.51,213,4,0,2,0,0,7,0
498.84,1402,3,3,1,0,1,16,1
1375.11,1813,1,2,0,0,0,7,0
7813.07,546,2,0,1,0,0,19,0
1533.27,486,3,1,0,0,1,20,0
762.91,1385,7,1,2,0,1,17,1
238.06,1806,5,1,0,0,0,1,0
880.59,168,3,2,0,0,0,13,1
1387.04,890,4,0,0,0,1,0,0
744.28,931,2,1,1,0,1,12,1
207.39,1706,5,1,1,1,1,5,1
468.45,1618,4,2,2,0,0,23,1
4696.34,1428,1,1,0,1,1,1,1
4600.87,828,3,3,1,0,0,20,0
451.85,137,3,2,1,0,1,11,0
2149.0,1257,2,0,3,0,0,22,0
337.45,115,0,2,3,0,1,23,1
4466.3,1276,3,1,0,0,0,1,0
1401.41,1517,4,1,0,0,0,12,0
2834.56,1313,2,0,0,0,0,20,0
197.34,1073,3,0,0,0,0,20,1
2159.51,1476,5,3,0,0,0,7,0
1088.25,516,4,0,1,0,0,4,1
2570.69,1915,3,2,1,0,1,9,0
2737.68,688,2,1,3,0,1,15,1
1171.2,1020,0,1,0,0,0,4,0
601.35,1296,4,0,0,1,0,19,0
2391.55,1455,1,1,0,1,0,18,0
1032.61,1050,2,1,2,1,0,14,0
458.16,1094,3,1,1,0,0,17,1
436.96,293,1,2,0,0,0,17,0
250.34,1430,4,2,0,0,0,13,0
658.33,1258,1,1,2,0,0,14,0
3303.35,231,4,1,0,0,0,14,0
1310.06,1287,3,1,1,0,1,6,1
645.63,938,2,0,1,0,1,1,0
2452.48,1822,9,2,0,0,0,10,0
477.0,1610,2,0,1,0,0,20,0
1206.34,1145,2,2,0,0,1,20,1
916.32,1487,5,5,1,1,0,11,0
2390.2,518,4,1,1,0,1,6,0
226.51,1048,1,2,1,0,1,9,1
468.62,706,3,1,2,0,0,16,1
213.1,1704,1,0,1,0,1,9,1
845.9,377,5,0,2,0,0,10,1
3682.8,1524,6,2,0,0,0,14,1
661.53,1935,4,1,1,0,0,14,0
658.07,437,1,4,1,0,0,4,1
2622.08,853,2,1,2,1,1,15,0
3192.47,1746,8,0,0,0,0,1,0
1003.68,1669,2,3,1,0,0,6,0
2174.85,1881,1,2,0,1,0,5,0
373.55,1828,7,1,1,0,0,11,0
4350.19,970,1,2,1,1,1,17,1
9402.27,499,2,2,0,0,1,9,0
1846.81,1198,3,0,1,0,0,3,1
136.41,1687,8,0,0,0,1,12,1
627.52,600,3,2,1,0,0,21,0
2023.99,1837,3,1,0,0,0,20,0
719.47,1533,1,2,2,0,0,13,0
3913.54,778,4,1,2,0,0,6,0
1974.67,1334,0,1,1,1,0,6,0
541.06,70,2,2,1,0,0,17,1
1132.59,205,4,0,0,0,1,9,1
448.62,341,5,1,0,0,1,9,0
913.62,1056,2,0,0,0,0,16,0
629.8,1067,2,0,0,0,0,20,0
3550.21,118,5,0,2,0,1,22,0
9099.84,889,1,0,1,0,0,9,0
262.12,15,2,1,0,0,0,0,1
160.26,1346,0,0,0,0,0,5,0
858.19,911,3,1,3,0,0,0,1
240.23,627,5,0,2,0,0,10,0
1148.5,1361,3,0,1,0,1,17,0
2319.1,1556,4,1,1,0,0,17,0
4886.06,690,1,3,1,0,0,17,0
1341.3,774,6,2,1,0,0,4,0
904.01,1615,7,1,1,1,0,20,0
151.66,1405,3,1,0,0,0,4,0
1125.73,1535,3,2,0,1,0,12,0
1177.66,913,5,1,2,1,0,1,1
2077.58,120,4,1,1,0,1,2,1
539.97,26,7,0,1,0,0,7,0
709.77,1558,7,1,0,0,1,20,0
250.13,1737,4,1,0,0,0,9,0
110.91,64,7,0,2,1,0,1,1
361.95,460,3,0,1,0,1,15,0
228.07,1750,1,1,0,1,0,6,0
1535.66,314,2,0,1,0,0,7,0
653.19,805,2,0,0,0,0,21,0
640.19,1614,2,1,2,1,0,16,1
409.77,1240,1,1,0,1,0,3,0
50.0,1480,0,0,0,0,0,10,1
4955.78,986,6,0,0,0,0,4,0
403.32,736,2,1,1,1,0,19,1
726.02,889,5,0,0,0,0,16,0
255.98,1564,0,2,3,0,0,20,0
2898.45,982,3,0,2,0,1,3,1
1265.76,1841,2,1,2,0,0,8,0
479.93,1737,1,3,1,0,0,14,0
740.83,579,2,3,0,0,0,16,0
5873.35,1497,1,0,1,0,0,22,0
1019.46,1383,4,1,0,1,0,22,0
914.4,1150,3,1,0,0,0,18,0
427.78,972,4,1,0,0,0,23,0
164.91,861,1,0,0,0,0,23,0
934.45,707,0,1,1,1,0,22,0
1518.51,1961,3,0,1,0,1,14,1
3293.1,1710,3,1,1,0,0,11,0
115.76,1111,4,1,0,0,0,6,0
355.99,1367,4,0,0,0,1,4,0
613.55,1847,4,0,0,0,0,12,0
1092.82,395,6,0,0,0,0,1,0
948.58,484,3,2,1,0,0,14,0
970.99,666,4,0,0,0,0,1,0
1649.28,456,1,0,2,0,0,2,0
444.39,1500,0,0,0,0,0,1,0
2790.96,210,5,0,2,1,1,18,1
1691.64,525,4,1,0,0,1,5,1
796.45,676,2,1,1,0,0,18,1
5436.59,1002,4,1,2,0,1,6,0
5200.01,1791,1,1,0,0,0,22,0
2787.49,896,3,1,0,0,0,11,1
53.59,1004,0,0,1,0,0,15,0
5318.49,1600,3,1,2,0,0,12,1
2427.84,307,2,2,0,1,0,7,0
8155.18,1100,7,0,2,1,0,16,0
3779.94,1046,1,0,2,0,1,7,1
5315.29,60,3,2,0,0,0,21,1
2640.32,386,2,2,1,0,0,18,0
4224.66,56,4,1,0,0,0,3,0
8055.61,168,2,0,1,1,1,10,0
1361.79,1436,1,2,0,0,0,18,1
227.64,717,1,0,0,0,0,6,0
806.37,865,4,1,4,1,0,7,1
1619.62,1795,4,0,0,0,0,13,0
1181.91,1215,1,2,1,0,0,8,1
315.27,482,2,0,0,0,0,7,0
214.63,1943,5,0,1,1,0,6,0
522.61,1591,4,1,1,0,1,20,0
2459.56,1440,3,3,0,0,1,13,0
5325.91,340,1,1,1,1,0,3,0
2742.34,796,6,1,1,0,0,17,0
3157.16,892,4,1,0,0,0,20,0
1011.49,776,2,1,0,0,1,2,1
192.08,1283,6,0,1,0,0,23,1
695.6,1374,3,1,1,0,1,3,1
846.61,601,4,1,1,0,0,17,0
667.11,437,5,0,0,0,0,13,0
1158.28,1246,1,1,0,0,0,10,0
1705.17,1437,0,6,0,0,0,6,1
2573.48,1374,5,1,0,1,0,17,1
830.38,1506,1,3,0,0,0,23,0
163.41,1625,2,0,1,0,0,0,0
676.63,1083,2,0,0,0,0,12,0
1145.63,152,7,1,1,0,0,14,0
3724.95,934,5,2,0,0,0,6,0
621.53,540,1,1,0,0,0,17,0
1830.86,225,4,1,0,1,0,2,0
1465.7,1342,2,1,1,0,0,18,0
1145.85,563,0,1,0,0,0,22,0
2780.91,1799,2,0,1,0,0,7,1
566.32,1303,0,4,1,1,1,12,1
616.97,558,4,0,1,0,0,6,0
1083.66,1498,1,1,0,0,0,1,0
578.16,1870,5,1,1,0,0,17,0
1822.59,618,2,0,0,1,0,16,0
537.43,1820,0,1,4,0,0,16,0
1375.13,24,3,1,1,0,1,15,0
992.1,1543,3,1,2,0,0,22,0
1359.57,368,2,2,0,0,0,6,0
692.47,999,4,0,0,0,0,13,0
781.26,335,3,0,0,0,0,14,0
1207.14,1457,1,1,0,0,0,13,0
1342.21,3,1,2,1,0,0,7,1
1092.03,1008,2,2,1,0,0,5,0
6035.19,1282,6,3,3,0,0,22,1
407.18,263,5,1,1,0,0,21,0
1028.44,121,1,0,1,0,0,21,0
227.32,1744,4,0,1,0,1,6,1
1590.94,21,4,0,1,0,1,21,1
359.51,905,1,1,2,0,0,4,1
830.22,140,3,0,1,0,0,2,0
755.92,1501,2,0,0,0,0,10,0
1452.28,1816,5,2,2,1,0,2,1
630.94,1313,3,2,1,0,0,12,1
604.68,206,0,0,0,0,0,3,0
4609.42,43,1,1,2,0,0,13,0
1457.63,850,1,0,0,0,0,3,0
625.75,1142,0,1,0,0,0,18,0
853.35,1029,3,1,2,0,0,10,1
5683.68,207,4,0,0,0,0,9,0
866.82,635,1,0,0,0,0,1,0
550.44,1863,3,0,1,0,1,11,0
552.8,345,3,2,1,0,0,14,0
633.26,1166,4,1,0,1,0,16,0
605.17,372,0,0,0,0,0,7,0
305.01,1256,5,0,4,0,0,3,0
356.31,1188,3,0,2,0,0,20,0
478.51,547,7,0,2,0,0,1,0
1981.42,1388,3,0,1,0,1,23,0
749.02,1970,2,1,0,0,1,11,0
891.44,984,1,1,0,1,0,3,0
3905.29,335,0,0,0,0,0,3,0
4003.83,11,2,1,1,0,0,19,0
827.06,1432,3,0,2,0,0,3,1
583.55,75,6,1,0,0,1,22,1
462.0,1324,3,1,0,0,0,5,0
2192.45,947,2,2,1,0,0,10,0
893.63,913,2,2,0,0,1,22,1
745.09,1405,6,0,2,0,0,13,0
486.06,710,2,0,0,0,0,23,0
507.92,853,5,0,0,0,1,4,0
1510.29,776,2,0,0,0,0,15,0
294.29,1871,4,0,1,0,0,8,0
2965.7,886,2,1,0,0,0,21,0
643.01,736,4,2,1,0,0,4,1
944.22,634,9,1,1,0,0,22,0
288.02,1610,4,3,0,0,0,11,0
1083.16,1052,5,0,1,0,0,17,1
789.72,1487,2,1,0,0,1,4,0
1043.07,396,2,1,0,1,0,8,0
4777.67,683,5,1,1,0,0,13,0
1309.89,1400,4,1,0,0,0,11,0
495.39,421,2,0,2,0,0,13,1
538.44,364,2,1,0,0,1,0,0
1988.49,1919,4,1,0,0,0,19,0
4018.62,1240,3,1,0,0,0,8,0
1453.77,1855,1,0,0,1,1,21,0
2183.56,1125,4,1,1,1,0,16,1
2017.75,1782,3,2,1,0,0,3,0
4532.66,93,4,1,1,0,0,11,0
156.09,1599,2,0,0,0,0,5,0
2137.13,266,2,0,1,1,0,7,1
2932.87,206,4,0,1,0,1,17,0
287.52,1104,1,1,1,0,0,11,0
452.29,37,5,3,2,0,1,19,0
468.35,1035,5,0,2,0,0,3,1
529.12,1651,6,1,0,0,0,7,0
677.41,1114,4,2,1,0,0,22,0
1397.73,744,2,0,0,0,1,2,1
2606.27,19,2,3,1,0,1,12,1
3233.49,1588,4,1,0,0,0,0,0
474.46,374,1,1,1,0,0,10,0
471.21,1810,6,1,0,0,0,18,0
4088.04,94,1,2,0,0,0,13,1
2093.82,32,7,1,0,0,0,14,0
1191.38,1687,1,1,1,0,0,15,0
1760.47,140,3,0,0,0,0,1,0
1064.43,1594,0,0,3,1,0,15,0
1853.04,973,6,2,0,0,0,20,0
783.63,1045,8,1,0,0,0,22,1
1434.83,1173,2,0,2,0,1,14,1
242.12,1245,2,1,0,0,0,8,0
551.27,733,6,1,0,1,0,3,1
557.24,754,4,0,1,0,0,4,0
754.16,1243,4,2,1,0,0,23,0
434.19,1565,2,0,0,0,0,10,0
643.2,1999,2,0,0,0,0,20,0
241.19,1583,3,0,1,0,0,7,0
1898.27,1932,1,1,0,0,0,5,0
1009.78,58,0,3,0,0,0,21,0
199.3,1449,1,0,0,0,1,0,0
475.88,1299,4,0,0,0,0,18,0
1535.48,140,2,0,1,0,0,2,0
637.13,1047,2,2,0,0,0,5,0
546.24,901,6,0,0,0,0,7,0
1017.81,378,8,1,1,0,1,7,1
1546.26,922,2,0,0,1,1,16,0
260.77,373,5,1,0,0,0,15,0
1900.99,1087,3,1,1,0,0,8,0
492.6,1588,3,0,0,0,0,6,0
1077.15,778,6,0,1,0,1,6,0
1058.47,1366,5,0,0,0,0,1,1
647.38,167,4,1,1,0,0,21,0
394.0,1175,8,0,2,1,0,15,1
824.12,523,4,3,1,0,1,6,0
5571.0,1631,0,3,0,0,0,8,0
280.99,584,5,1,0,0,0,23,0
5956.94,501,4,0,0,0,0,18,0
845.8,896,1,0,2,0,0,12,0
1136.12,999,2,1,2,0,0,7,0
369.92,560,2,1,1,1,0,14,0
507.11,1372,3,0,0,0,0,17,0
663.21,1296,3,0,0,0,1,20,0
385.41,1454,1,1,1,0,0,19,0
889.88,1967,4,1,2,0,0,0,1
729.96,1012,2,2,1,0,1,19,0
6979.84,1631,0,1,1,0,0,0,1
341.73,233,1,0,1,0,0,3,0
1215.23,560,4,0,1,0,0,12,0
1405.08,1232,4,1,1,0,1,5,1
376.03,1477,7,1,1,0,0,4,0
2179.45,1763,2,1,3,1,0,21,0
736.33,1525,7,2,2,0,0,19,0
90.7,921,3,1,0,0,0,9,0
2121.44,1613,3,1,0,0,0,3,0
358.91,861,3,2,0,0,0,18,1
384.61,1243,2,0,1,0,0,8,0
2181.79,872,5,0,1,0,0,13,0
774.98,81,7,2,1,0,0,22,0
2745.65,1573,4,2,0,0,1,21,0
3678.15,614,2,1,0,0,0,4,0
575.4,703,2,2,2,0,0,16,0
2424.21,541,2,1,1,0,0,10,0
515.19,1850,3,1,1,0,0,7,0
10230.37,765,1,5,2,0,0,13,0
548.42,1275,0,0,0,0,0,5,1
3059.75,738,3,1,1,0,0,21,0
2549.85,606,2,2,1,1,0,20,0
1504.31,1439,1,0,1,0,1,9,0
560.85,1110,2,1,0,0,0,19,0
942.56,622,2,0,0,0,0,3,0
127.28,1241,2,1,0,1,0,10,0
1372.54,1022,5,1,0,0,0,5,0
1555.6,196,3,1,0,0,0,6,0
1253.25,995,4,0,0,1,1,8,0
56.08,1321,1,1,1,0,0,8,0
309.32,946,3,1,1,0,0,19,0
519.0,44,0,0,1,0,0,10,0
1468.0,393,2,1,1,0,1,15,0
1464.6,1467,1,0,2,1,1,10,0
924.98,1114,2,0,1,0,0,14,0
2069.88,155,2,0,0,0,0,7,0
392.98,978,3,2,1,0,0,6,0
2018.75,1502,3,2,2,1,0,19,1
1762.95,1645,2,0,0,0,0,15,0
1599.67,59,3,2,2,0,0,22,0
914.12,110,4,2,2,0,1,9,0
6841.37,479,3,0,1,0,0,21,1
1795.78,618,1,1,0,0,0,21,0
416.41,1923,3,2,1,0,1,4,1
1405.72,1757,2,1,1,0,1,21,1
2327.34,1799,0,1,0,1,1,7,0
609.04,1618,3,0,0,1,0,16,0
3259.31,784,3,0,0,0,0,17,0
1606.85,1073,1,2,0,0,1,6,1
105.37,1401,3,0,0,0,0,16,0
1479.81,1056,3,0,0,0,0,20,0
730.68,1510,0,0,1,1,0,4,0
1876.53,601,1,0,1,0,0,8,0
2819.22,940,1,5,1,0,0,7,0
1332.97,992,1,3,1,0,0,20,0
5797.91,531,5,0,0,0,0,1,0
917.17,1027,3,1,0,0,0,13,1
2048.41,378,1,3,1,0,0,20,0
2452.69,572,4,1,1,1,1,19,1
994.91,1955,5,1,0,0,0,23,0
2389.34,1266,1,0,0,0,0,20,0
605.06,1565,2,0,0,0,0,17,0
718.69,587,0,1,1,0,0,17,0
295.16,1606,0,2,1,0,0,10,0
1396.06,1619,5,1,1,0,1,6,0
1518.16,357,5,2,0,0,0,15,0
3566.23,685,5,0,1,0,0,13,0
2419.07,1947,2,0,0,0,0,17,0
824.85,1221,3,1,1,0,0,23,0
337.59,858,2,1,0,0,0,17,0
1690.62,1443,1,1,1,0,0,1,0
3330.09,659,2,4,0,1,0,18,1
2333.64,1297,5,1,1,0,0,19,0
3243.72,1526,2,0,0,0,0,10,0
887.24,35,3,2,1,0,0,7,0
687.72,1007,3,0,1,0,0,9,0
524.84,1649,2,0,1,0,0,16,0
1037.02,461,0,0,7,0,0,20,1
1013.75,718,1,3,0,0,0,11,0
1348.4,1694,1,1,2,0,0,20,0
963.63,1277,1,0,1,0,0,14,0
959.46,1658,2,2,0,0,0,17,0
504.37,512,4,0,1,0,0,22,0
2811.91,1072,0,1,0,0,0,4,1
1183.84,1209,3,0,1,0,0,10,0
921.09,491,2,1,0,0,0,14,0
519.35,273,2,1,0,0,0,10,0
289.48,1637,3,1,2,0,0,12,0
4056.05,1013,2,1,2,0,0,7,0
1909.58,527,6,1,0,0,1,4,0
216.17,1152,1,1,0,0,0,3,0
2352.28,210,0,1,0,0,1,18,0
2758.61,624,1,0,2,0,0,10,0
1241.87,1806,4,1,1,0,0,10,0
5421.41,1166,5,0,0,1,0,22,0
1362.01,173,4,0,1,0,0,23,0
265.91,1889,2,0,0,0,0,6,0
1579.98,1702,3,0,0,1,0,1,0
1400.94,447,1,0,2,0,0,12,0
599.86,1143,2,2,1,1,0,4,1
1946.05,1739,2,0,0,0,1,10,0
206.92,11,0,4,0,0,0,15,0
2952.97,761,2,4,1,0,1,13,1
455.72,1328,4,2,0,0,0,8,0
409.55,1784,1,2,0,1,0,0,1
978.65,1178,1,2,0,0,1,0,1
1690.83,323,5,0,0,0,1,4,0
1291.97,1561,2,0,1,0,0,17,0
521.83,977,4,2,1,0,0,12,0
661.1,445,2,1,2,0,0,13,0
353.17,342,6,1,0,0,1,13,0
875.96,221,1,1,0,0,0,15,0
3213.2,110,2,0,1,0,0,0,0
1091.97,410,2,2,1,0,0,7,0
2590.0,1442,3,2,0,0,0,5,0
4700.39,1626,4,1,0,0,0,4,0
609.1,505,4,1,2,1,1,2,1
909.98,1801,2,0,1,0,0,10,0
9616.09,40,2,1,0,0,0,5,0
4648.7,1533,3,0,2,1,0,6,0
205.94,1483,2,1,1,0,0,19,0
1615.09,263,2,2,1,0,1,4,1
1097.25,1694,2,0,1,0,1,10,0
2506.02,1142,3,1,1,0,0,23,0
520.62,1474,4,0,4,1,1,16,1
473.61,1792,1,3,1,0,0,5,0
557.76,1438,4,4,1,0,0,7,1
618.98,708,3,1,0,0,0,12,0
2478.29,1850,5,2,0,1,0,0,0
336.57,823,2,3,2,0,1,15,1
588.39,1550,3,4,0,0,1,16,0
183.27,461,2,2,1,0,0,7,0
3002.25,1142,2,1,1,0,1,5,1
3908.97,217,5,2,0,0,0,11,0
790.71,1741,4,0,1,0,0,0,1
814.07,77,4,0,1,0,0,3,0
1725.41,1445,3,2,1,0,0,23,0
4790.94,892,3,0,0,1,1,22,0
1650.13,1196,5,1,1,0,0,6,0
545.91,390,3,1,1,1,0,9,0
217.28,1050,2,0,0,0,0,4,0
359.56,1152,4,1,0,0,0,4,0
1179.94,374,6,0,0,0,0,17,0
569.45,654,0,1,3,0,0,5,0
1332.71,904,2,3,1,0,1,10,0
630.85,1048,4,2,0,0,0,12,1
380.64,1494,4,0,0,0,1,18,1
337.97,744,2,1,1,0,0,6,0
5230.98,423,4,1,1,0,0,13,0
2667.74,1201,1,1,1,1,0,0,0
6188.93,853,2,1,0,0,0,10,0
1881.74,1771,3,1,1,0,0,6,1
713.38,831,1,1,1,1,1,6,1
4118.9,1562,2,1,1,0,0,13,0
1060.96,1290,2,1,1,0,0,19,0
1367.64,973,1,1,2,1,0,4,1
1050.66,1898,5,1,1,1,0,4,1
57.58,629,5,0,0,0,0,3,0
5457.44,570,5,0,0,0,0,8,0
1791.85,1294,5,1,1,0,0,3,1
1525.11,1353,2,1,0,0,0,1,1
1030.94,1479,3,2,0,1,0,2,0
1291.33,1319,5,2,0,0,0,16,0
603.48,122,2,1,0,0,0,15,0
2031.6,159,2,1,1,0,1,12,1
296.75,1202,3,1,1,0,1,0,0
1320.9,1680,6,0,0,0,1,19,1
1922.87,1352,1,2,0,0,0,19,0
899.04,1904,2,1,0,0,1,8,1
1589.01,307,4,0,1,0,0,5,0
406.94,1935,2,2,0,0,0,19,0
417.45,1113,3,0,0,1,1,3,0
1389.52,751,4,1,1,0,1,10,0
2161.48,1062,1,2,1,0,0,7,0
168.2,1897,3,1,0,0,0,17,0
1848.3,591,5,0,2,0,1,17,0
637.02,1881,2,1,0,0,0,19,0
904.33,1863,8,0,4,0,0,11,0
287.29,346,3,1,1,0,0,11,0
467.96,1276,4,1,2,0,0,20,0
2881.67,1864,6,3,0,0,0,18,0
1133.27,149,2,1,2,0,0,3,0
747.86,1040,2,0,1,0,0,15,0
976.05,1391,4,1,0,1,0,7,0
1788.64,835,2,0,2,1,0,15,1
1703.59,1857,3,2,1,0,1,23,0
1017.37,781,5,0,1,0,0,10,0
3271.35,118,1,0,1,1,0,4,0
2894.2,704,2,0,0,0,0,15,0
1658.01,317,3,0,1,0,0,0,0
1158.19,288,1,1,2,0,0,1,1
2116.08,908,6,1,0,1,1,14,0
1501.57,1375,4,0,0,0,1,0,1
3167.82,297,3,0,0,0,1,3,0
2696.1,1218,2,0,0,0,0,11,0
396.13,1416,5,1,1,0,0,6,0
370.2,443,4,2,1,0,0,19,0
543.89,1305,2,1,0,0,0,4,0
2910.67,901,2,2,1,0,0,2,1
226.71,301,4,0,2,0,0,0,0
1627.43,898,2,1,3,1,0,0,0
1575.84,426,2,0,0,0,0,8,0
3507.46,250,1,0,0,0,0,11,0
1313.35,1958,1,0,0,1,0,21,0
286.23,1767,7,0,1,0,0,20,0
420.16,1539,5,5,1,1,0,21,1
336.3,686,1,1,0,0,0,5,0
640.38,752,4,1,0,0,1,8,0
913.33,998,2,0,1,0,0,9,0
341.91,406,1,1,1,0,0,9,0
4772.67,1640,2,3,0,1,1,23,1
291.41,801,4,1,2,0,0,22,0
4213.73,244,0,0,1,0,0,23,0
3587.33,1824,3,0,2,0,0,5,0
2692.71,367,8,2,0,0,0,20,0
547.98,1809,0,0,0,0,0,20,0
1544.49,120,2,2,0,0,0,12,0
305.71,850,2,1,0,0,0,1,0
2726.86,1464,0,1,0,1,0,20,1
1018.43,1795,2,4,1,1,0,22,1
728.28,1528,1,1,0,0,0,17,0
322.55,1606,3,1,0,0,1,18,0
92.06,433,4,0,1,0,0,15,0
388.18,183,4,3,1,0,0,2,1
3336.9,1485,4,1,1,0,0,17,1
733.02,759,2,3,1,1,0,14,1
925.81,1142,2,2,0,0,1,14,0
2112.35,31,4,0,0,0,1,19,0
6671.96,977,1,0,0,0,0,14,0
4125.76,1173,4,0,0,0,0,16,0
414.75,528,2,2,1,0,1,9,0
157.19,1297,3,0,0,0,1,2,1
11609.91,864,4,1,0,0,1,14,0
10604.05,1409,3,2,1,0,0,20,0
1324.05,1904,1,2,1,0,1,19,0
307.82,102,1,1,0,1,0,6,0
2873.33,1096,3,0,1,0,0,2,0
984.38,1729,8,0,2,0,0,0,0
979.48,1858,3,0,2,0,0,5,0
2682.38,623,2,3,0,1,0,1,1
1532.07,805,7,2,1,0,0,15,0
335.02,408,1,2,0,0,0,21,0
792.55,1371,4,0,2,0,0,7,0
2124.21,1876,1,0,1,0,0,7,0
1826.67,1391,6,1,2,0,0,7,0
1425.13,830,3,1,1,1,0,8,0
2788.96,789,7,1,0,0,0,7,0
763.78,618,7,1,0,0,0,13,1
1311.16,549,2,0,0,1,0,7,0
50.0,291,3,0,0,0,0,23,0
699.49,422,1,0,0,0,0,16,0
2354.07,181,2,2,0,1,0,18,0
742.19,655,5,1,1,0,1,3,1
687.99,114,0,1,1,0,0,12,0
387.05,1262,3,1,2,0,0,18,1
2991.01,1962,4,2,1,0,0,22,0
1897.82,1118,3,1,3,1,0,0,1
2503.42,260,3,2,1,0,0,5,0
195.15,1131,0,3,1,0,0,1,1
934.07,244,1,0,2,0,0,14,0
828.73,423,5,0,3,1,0,4,1
828.34,335,1,2,2,0,0,14,0
592.28,1047,1,1,1,0,1,9,1
775.8,1897,3,0,0,0,0,8,0
2564.82,271,2,1,0,1,0,10,0
161.93,1164,2,3,1,0,1,5,0
6485.31,1490,4,1,0,0,0,1,0
1779.06,454,3,2,0,0,1,9,1
1051.18,1408,5,2,0,0,0,14,0
2715.78,594,3,3,0,0,0,4,0
256.77,1401,2,0,0,0,0,14,0
564.14,1010,1,1,0,0,0,1,0
971.58,1462,5,1,1,0,0,17,0
4296.52,856,5,1,0,1,0,11,0
1046.81,1446,5,2,1,0,1,17,1
1719.96,1180,4,0,0,0,0,14,0
608.15,1359,3,2,0,0,1,9,0
1784.41,1555,0,2,0,1,0,13,0
5867.83,1605,1,0,2,0,0,11,0
2967.65,1984,2,1,0,0,1,23,1
1010.85,132,5,0,1,0,1,6,0
2154.88,768,0,0,3,0,0,0,0
1953.77,1745,2,0,1,0,0,7,0
1819.99,501,1,1,1,0,0,22,0
3334.08,1546,2,1,0,0,0,16,0
3309.25,1164,2,1,2,0,1,4,1
965.69,1989,2,1,0,0,0,12,0
2083.66,135,3,0,1,0,1,11,0
747.63,767,3,3,0,0,0,14,0
435.69,812,0,2,1,0,1,2,1
837.57,1431,4,1,3,0,1,3,1
1016.09,770,2,3,0,0,0,0,1
208.18,94,2,3,0,0,1,23,1
2592.38,1908,4,2,2,0,1,18,1
68.9,1265,2,1,1,0,1,19,1
16561.18,1773,1,0,2,0,1,7,0
4924.01,165,3,3,0,0,1,21,0
844.71,325,1,0,1,0,0,13,0
1107.02,1684,5,1,1,0,1,22,0
1484.71,1242,4,1,1,0,0,21,0
608.4,940,2,1,0,0,0,7,0
1329.58,620,2,0,1,0,0,6,0
949.56,231,3,0,1,1,0,12,0
997.97,582,1,1,1,1,0,15,0
1314.83,733,5,1,0,1,1,9,1
294.85,1610,1,1,1,0,0,13,0
1140.9,1203,5,0,0,1,0,14,0
1291.36,1104,3,0,2,0,0,12,0
1247.44,1378,3,0,2,0,0,20,1
883.75,671,8,1,0,0,0,2,0
3421.58,1892,0,0,1,0,0,3,0
769.97,1705,4,2,0,0,1,3,1
1376.54,1850,1,0,0,0,0,18,0
4013.01,1925,1,1,0,0,0,4,1
1012.95,1185,2,1,1,0,1,5,0
1358.94,1451,3,0,0,1,0,3,0
995.87,403,1,0,0,0,1,10,0
3779.59,1056,2,0,0,1,0,3,1
847.49,121,1,1,0,0,0,7,0
3957.45,727,5,1,1,0,1,4,1
988.72,1539,2,1,0,0,0,2,1
464.3,385,2,0,0,0,0,19,0
2163.26,1764,3,0,0,0,1,22,0
808.62,1449,3,0,1,1,0,4,0
2039.58,476,5,1,2,0,0,18,1
71.56,560,2,1,1,0,0,2,0
1102.36,1191,3,1,1,0,1,9,0
692.56,389,2,1,0,0,0,21,0
378.7,1357,2,0,0,1,0,7,0
630.66,1547,5,1,4,0,0,12,0
617.88,1774,2,0,1,0,1,12,1
1045.25,790,1,0,1,0,0,14,0
279.41,753,4,3,0,0,0,3,0
1504.59,1495,1,1,0,0,0,0,0
4299.33,704,5,1,0,0,0,20,0
1452.34,1548,1,1,0,0,0,22,0
2462.64,53,2,1,0,0,0,15,0
3276.6,567,3,1,0,0,0,3,1
3776.26,821,5,1,0,0,1,3,0
7116.27,1045,2,1,0,0,0,14,0
665.67,1043,2,0,1,0,0,18,0
534.6,1989,4,1,1,0,0,2,0
2400.58,1880,3,3,1,0,0,3,0
2226.68,862,2,0,2,0,1,4,1
2381.95,1480,3,1,0,0,0,23,0
7253.81,322,3,1,0,0,0,8,0
1109.17,827,4,1,3,0,0,6,0
1679.34,433,6,4,0,0,0,14,0
411.42,1083,2,1,1,0,1,0,0
9277.26,1175,2,1,0,0,0,19,0
783.25,1795,1,1,1,0,1,17,0
805.76,1464,5,1,2,0,0,0,0
775.3,1908,2,0,0,0,0,4,0
575.42,58,4,1,1,1,0,10,0
528.77,1018,3,1,0,0,0,15,0
649.56,1752,5,1,1,0,0,6,0
279.84,1598,0,2,0,1,1,22,1
500.04,1682,5,2,2,1,0,0,1
7699.9,1981,2,3,2,0,1,20,0
2288.51,1918,4,0,0,0,0,11,0
2768.07,751,1,2,1,0,0,19,0
3558.91,1317,3,1,1,0,1,0,0
6864.61,182,2,1,1,0,0,5,0
186.53,1905,2,1,1,0,1,7,0
320.58,607,3,0,1,0,0,21,0
490.92,1102,1,0,1,0,1,2,0
685.58,961,1,0,2,0,0,22,0
811.94,1678,3,0,0,0,0,14,0
701.36,105,5,2,1,0,0,22,0
1365.55,1285,0,1,0,0,1,6,0
1136.03,607,8,2,1,0,0,8,0
532.28,1247,1,1,3,0,1,10,0
124.52,990,1,1,0,0,0,1,1
406.32,484,3,1,2,0,0,5,0
633.18,1726,6,0,0,0,1,14,0
856.56,129,5,0,0,0,0,22,0
354.37,319,5,1,1,0,1,8,0
671.28,707,2,2,2,0,1,13,0
353.9,509,0,1,1,0,0,8,0
966.98,20,2,1,0,0,0,5,0
374.99,1835,3,0,0,1,0,15,0
469.23,752,4,1,1,1,0,9,0
296.28,235,4,0,1,0,1,17,0
940.58,1621,4,0,1,0,1,14,0
461.07,606,2,1,5,0,0,10,1
2715.64,554,4,0,1,0,0,0,0
1645.58,1900,4,0,0,0,0,9,0
1022.65,1374,2,1,2,0,1,4,1
493.99,453,5,0,1,0,1,19,0
1604.42,586,4,2,1,0,0,2,0
2187.91,984,5,1,2,0,0,20,0
1264.82,1901,3,0,0,1,0,11,0
5451.8,1533,5,0,1,0,0,16,0
1736.52,1651,7,0,1,0,0,7,0
2734.24,423,1,2,0,0,0,4,0
1253.34,1214,1,3,0,0,0,7,0
2155.26,1968,5,0,1,0,0,11,0
494.34,1149,2,2,0,0,1,14,0
693.4,6,2,0,1,0,0,2,1
1555.21,458,3,1,0,0,1,22,0
1543.95,1915,4,0,0,0,0,19,0
1821.86,554,2,1,2,0,0,10,0
3295.76,1594,6,2,2,0,0,21,0
263.76,1963,4,2,2,0,1,21,1
413.87,522,4,1,0,1,0,17,0
1379.63,1113,4,0,0,0,0,13,0
531.46,846,6,1,0,0,1,6,1
32137.16,1135,3,2,2,0,1,3,1
1836.69,551,5,3,0,0,0,17,0
1014.01,1421,4,1,2,0,1,15,0
654.93,1995,3,0,2,0,1,23,0
678.47,1703,0,1,0,0,0,12,0
1130.19,11,3,0,1,0,0,13,0
1226.58,1646,1,0,0,1,1,4,0
694.58,497,4,3,4,1,0,12,1
834.51,1040,4,3,0,0,0,11,0
4206.07,1057,1,0,0,0,0,7,0
4378.69,745,2,2,1,0,0,17,0
1410.97,489,3,1,2,0,0,16,0
286.79,1212,3,1,0,0,0,14,0
1879.02,736,0,0,0,0,0,20,0
5188.93,1595,3,1,1,0,0,1,0
4314.69,458,3,0,1,0,0,20,0
2285.7,1075,5,0,2,0,1,19,1
4547.91,1295,3,0,3,0,0,8,0
1156.77,464,5,0,1,0,0,1,0
2055.15,43,3,1,1,0,0,21,0
555.14,539,3,0,1,0,0,6,0
1468.89,568,6,1,0,0,0,17,0
4144.49,121,4,0,0,0,0,17,0
608.24,625,1,1,0,0,1,22,0
463.38,316,4,1,0,0,0,20,0
1208.93,1022,0,1,0,0,0,12,0
874.23,1139,3,0,2,1,0,6,0
2098.86,621,5,1,0,0,0,6,0
696.97,454,4,1,2,0,1,13,1
6114.63,687,4,0,0,0,0,17,0
301.97,624,4,2,0,0,0,17,0
3841.95,612,2,1,1,0,0,7,0
510.38,1544,4,2,0,0,0,23,0
182.0,959,2,3,0,0,1,5,1
1391.13,647,3,0,0,0,0,8,0
850.13,763,3,1,0,1,0,11,0
361.55,1361,2,0,1,0,0,10,0
204.1,240,1,2,2,0,1,20,0
1087.5,734,4,3,1,0,0,6,0
2909.79,1410,2,0,1,0,0,14,0
1968.36,1169,4,0,2,1,0,15,0
1160.62,377,2,0,1,1,1,19,1
1770.2,4,0,2,0,0,0,21,0
1067.19,794,2,0,0,0,0,21,0
262.51,846,2,0,0,0,0,8,0
264.83,1352,5,0,0,1,0,13,0
895.01,197,0,1,0,0,0,18,0
933.88,389,2,1,0,1,0,17,0
2568.26,1664,4,0,3,1,0,21,0
2338.59,261,2,2,0,0,0,12,0
2008.48,603,3,2,0,0,0,9,0
828.58,1861,3,1,1,0,0,8,0
275.71,1795,3,2,1,1,0,3,1
1655.85,1958,5,0,0,0,0,16,0
1854.13,94,2,1,1,0,1,13,1
100.63,1281,2,1,0,1,0,22,0
476.12,136,1,0,0,1,1,20,0
549.47,525,3,0,2,0,0,5,0
1234.41,1734,2,0,1,0,0,3,0
491.1,498,4,0,1,0,0,8,0
1055.6,1202,3,1,1,0,1,10,0
888.44,112,4,1,2,1,0,2,1
935.28,1288,4,1,1,0,1,7,0
535.72,1438,2,0,1,0,0,2,0
578.83,369,0,0,1,1,0,20,0
372.31,936,2,3,1,0,0,10,0
1603.7,1615,2,2,1,1,0,12,0
1941.28,1402,2,0,0,0,0,7,0
507.44,768,5,1,1,0,1,11,1
5017.26,586,7,2,2,0,0,0,1
800.63,1407,3,1,2,0,0,0,0
5065.39,673,5,1,2,0,0,6,1
577.02,511,2,2,0,0,0,20,0
144.52,713,3,0,0,0,1,7,1
1639.58,1905,3,0,1,0,0,12,0
1406.06,820,3,2,1,0,0,9,0
1135.01,377,5,0,2,0,0,12,0
576.96,545,1,1,0,0,0,14,0
1059.37,73,2,0,0,0,0,8,0
657.69,974,1,0,0,0,0,23,0
810.5,504,5,1,0,0,0,5,1
2544.35,1376,2,2,0,0,1,10,1
1318.46,805,0,0,2,0,0,11,0
2018.18,710,3,0,2,0,0,20,0
869.69,325,5,1,2,0,1,22,0
778.98,388,4,1,1,1,0,19,1
346.03,828,2,3,1,0,0,22,0
757.45,240,0,1,0,0,0,16,0
50.0,976,3,2,1,0,1,17,0
607.76,1098,1,1,3,1,0,15,0
1010.42,31,1,2,1,0,0,19,0
1926.91,479,4,1,2,0,0,11,0
838.25,1038,3,0,1,0,0,18,1
1552.58,717,1,2,0,1,0,6,0
123.99,1340,3,0,1,0,0,21,0
1036.04,68,3,0,2,0,1,4,1
204.49,1664,4,1,1,0,0,16,0
327.57,1006,4,1,1,0,0,22,0
909.44,538,3,3,0,0,0,10,0
3929.49,1944,5,0,1,0,0,10,0
1589.55,1720,4,2,0,0,0,17,1
1116.81,1673,3,1,2,0,0,16,0
1075.42,291,6,0,0,0,0,11,0
537.2,1642,3,1,1,0,0,8,0
636.52,975,6,1,1,0,1,1,1
1681.39,24,0,0,1,1,0,16,1
274.41,415,0,0,2,0,0,15,0
1984.36,851,2,0,0,0,0,7,0
743.59,962,4,1,0,0,0,23,0
2503.78,1730,1,3,0,0,0,8,0
2867.21,681,1,1,0,0,0,13,0
205.8,1060,5,0,0,0,1,9,0
613.03,101,4,0,1,0,0,18,0
466.13,546,3,4,0,0,0,23,0
178.98,1913,0,1,0,0,0,19,0
390.52,39,2,1,1,0,1,12,0
12597.53,211,2,0,0,0,0,7,0
2017.29,742,1,0,0,0,1,23,0
7459.83,1815,1,1,1,0,0,3,0
2512.66,592,8,2,0,1,1,19,0
522.26,750,1,2,1,0,0,10,0
748.62,172,2,2,1,1,0,12,0
1975.22,838,4,0,1,0,1,20,0
1698.51,442,2,0,2,1,0,2,1
615.64,1083,2,1,0,0,0,16,0
242.26,1434,6,2,0,0,0,11,0
29370.94,534,3,2,0,0,0,1,1
952.27,365,2,0,1,0,0,16,0
791.76,367,3,1,1,1,0,11,0
1228.24,1368,7,2,1,0,0,12,0
860.29,1774,5,0,1,0,0,22,0
1239.83,296,2,0,1,0,0,15,0
3971.69,1365,3,4,0,0,0,4,0
968.21,606,3,1,1,0,0,1,0
342.85,756,1,1,0,0,0,11,1
932.95,523,3,1,0,0,0,0,0
689.25,1653,4,1,0,0,1,19,0
4554.63,265,2,0,0,1,0,15,0
3537.3,1548,5,1,1,0,0,16,0
1221.12,1690,7,0,2,1,0,3,1
305.29,1062,4,0,0,0,0,6,0
321.86,1155,2,1,1,0,0,3,1
1113.34,382,5,0,2,0,0,11,0
1535.06,1249,3,3,1,0,0,4,0
753.99,1167,8,0,1,0,1,0,1
678.46,431,4,0,0,0,0,14,0
606.19,389,3,0,1,0,0,9,0
1071.28,54,3,2,0,0,1,1,1
101.21,24,3,1,1,0,0,14,1
364.55,395,3,0,0,1,0,13,0
585.78,633,2,3,0,0,0,6,0
3668.37,119,2,2,0,0,0,13,1
485.99,1697,7,0,1,0,0,0,0
1313.52,983,3,1,0,0,0,10,0
1375.46,1610,2,3,1,1,0,4,1
4015.5,1209,6,0,0,0,1,18,1
3876.07,1972,4,2,0,0,0,12,0
1035.35,192,5,1,1,0,0,15,0
681.65,1963,3,0,5,0,1,23,1
564.63,1756,4,0,1,0,0,13,0
861.73,487,2,0,1,1,0,12,0
710.5,633,2,0,1,0,0,4,0
1907.65,721,3,1,0,1,0,1,1
1669.55,384,3,1,2,0,0,15,1
1981.88,812,3,1,0,0,0,3,0
3863.33,346,2,2,0,0,0,12,0
7064.72,473,3,1,1,0,0,22,0
1242.23,676,2,0,2,0,0,1,1
3292.7,1804,3,0,0,0,1,23,0
771.5,1976,4,1,1,0,1,21,0
3586.77,3,2,1,1,0,0,22,0
3170.07,1074,3,0,0,0,0,20,0
3006.15,925,1,0,0,1,0,19,0
1204.8,876,3,1,1,0,1,10,0
562.08,1528,3,0,0,1,0,7,0
271.91,984,1,0,1,0,0,4,0
1053.59,1235,3,4,1,0,0,20,0
5079.73,973,4,1,0,0,1,13,0
804.45,1552,1,1,2,0,0,15,0
2404.57,1704,2,0,1,1,0,22,0
2550.26,1307,2,0,0,0,0,13,0
825.77,379,2,2,0,1,0,13,0
4090.18,1350,2,0,0,0,0,0,0
59.82,1322,1,2,0,0,0,16,0
322.87,1721,1,3,2,0,0,15,0
438.94,138,4,1,0,1,0,6,0
483.13,125,3,1,1,0,0,18,0
1534.97,934,2,0,0,0,0,19,0
1465.63,1416,0,0,0,1,0,20,0
1626.18,1426,7,2,1,0,0,11,0
1990.38,480,2,1,1,1,0,5,0
424.07,1425,2,1,2,0,1,1,1
324.35,570,3,1,1,0,0,18,0
1629.97,1386,2,0,0,1,1,23,1
583.92,66,4,1,0,0,0,19,0
228.04,1452,3,2,0,0,0,10,0
2896.75,852,5,2,0,0,1,16,1
4425.34,1738,3,0,1,0,1,13,0
5203.89,1545,0,3,0,0,1,1,1
1322.14,432,3,0,0,0,0,5,0
2050.69,1959,2,3,0,0,0,6,1
4315.07,1129,4,0,1,0,0,13,0
577.43,1113,3,0,0,0,1,7,0
3329.83,601,3,1,2,1,0,18,0
1444.32,856,5,4,0,1,0,2,1
2734.52,6,6,0,1,0,0,21,0
1320.93,158,3,2,0,0,0,8,0
4008.84,1403,2,0,1,1,0,9,0
1371.31,330,2,0,1,1,0,20,0
248.64,1127,2,1,1,0,1,16,0
4684.09,223,0,1,0,0,1,3,0
425.16,402,1,0,0,0,0,0,0
3839.35,1707,3,1,1,0,0,0,0
1002.0,545,4,0,0,0,0,0,0
3554.65,509,3,1,1,0,0,7,1
3411.03,1717,0,0,2,0,0,13,1
1686.05,184,2,1,0,0,0,2,0
1823.54,915,5,1,0,0,0,19,0
1673.43,1111,1,3,0,0,0,15,0
146.38,581,3,0,0,0,0,14,0
1234.39,1404,1,0,0,0,0,4,0
359.22,538,5,2,1,0,0,21,0
1301.39,1437,5,1,1,0,0,22,0
349.69,1944,4,1,1,0,0,21,1
335.31,518,3,2,0,0,0,2,1
5458.53,768,1,2,1,0,0,15,0
3195.34,1718,5,0,2,0,0,9,0
1092.1,295,2,1,0,0,0,17,0
1319.18,1015,4,0,0,0,0,20,0
855.84,260,7,1,0,0,1,19,0
1938.9,1408,2,1,2,0,0,0,1
557.77,826,1,2,1,0,1,16,0
2962.36,1328,3,1,0,0,0,10,0
851.43,316,3,2,0,0,0,6,0
720.65,746,0,0,0,0,0,21,0
1120.7,1818,2,2,2,0,0,8,0
607.2,719,7,0,1,1,0,3,0
1523.37,1101,2,0,2,0,0,4,0
640.75,680,1,0,1,0,0,17,0
1752.02,854,1,0,1,0,0,0,0
3699.7,1403,3,1,2,0,1,19,1
534.15,461,1,3,1,0,1,23,1
962.39,1080,4,1,0,0,0,9,0
1739.46,807,6,2,2,0,1,3,1
709.2,1105,4,1,3,0,0,21,0
1744.67,1703,8,0,0,0,0,20,0
1911.03,1200,6,1,2,1,0,9,0
3239.78,793,2,2,1,0,1,10,1
598.25,930,3,0,1,0,0,9,0
427.19,1407,6,1,1,1,0,0,1
806.27,149,4,1,1,0,0,16,1
416.65,768,5,0,1,0,1,5,0
1928.5,1305,3,2,1,0,0,22,0
343.18,345,3,0,2,0,0,12,0
11305.18,1814,3,1,0,0,0,2,0
4007.52,1815,3,1,0,1,0,18,1
1110.51,1433,3,0,0,0,0,12,0
2610.75,1742,4,1,0,0,0,12,0
213.41,974,1,2,1,0,0,6,1
13675.67,922,2,0,2,0,0,10,1
607.76,30,3,1,0,1,0,19,0
972.14,730,4,1,2,0,0,23,0
171.41,1446,3,2,1,0,0,19,0
1783.42,982,7,2,2,0,0,20,0
362.73,231,4,0,0,0,0,4,0
1213.98,1383,1,5,1,0,1,9,1
636.34,1186,2,0,1,1,0,1,1
373.25,729,2,1,0,0,1,8,0
490.6,1252,1,1,1,0,0,21,0
1374.42,1869,4,4,1,1,0,14,1
304.45,1245,3,0,0,0,1,20,0
518.63,746,5,1,2,0,0,18,0
2128.71,1097,3,1,1,0,0,8,0
14801.44,399,3,0,1,0,1,12,0
1767.97,95,0,2,0,0,1,9,0
438.23,1964,2,0,1,1,0,11,0
759.67,475,5,3,1,0,1,17,1
1131.83,1119,2,1,0,1,0,13,0
773.23,1930,5,0,1,1,1,2,0
2705.54,1779,4,1,1,0,0,14,0
1363.04,1909,2,3,1,0,0,13,0
2718.55,1829,5,1,0,1,0,5,1
800.76,775,1,1,1,0,0,1,0
4127.8,1148,2,1,1,0,0,14,0
928.45,800,2,2,1,0,0,0,0
415.22,1524,4,2,0,1,1,23,1
9675.19,1803,7,0,1,0,0,19,1
176.8,944,3,0,0,0,0,7,0
523.88,1023,0,2,2,0,0,19,0
585.8,621,4,1,0,0,0,13,0
13471.16,860,1,0,0,0,0,18,0
6679.9,964,4,0,0,0,1,3,1
4885.02,1072,1,1,1,0,0,17,1
787.88,813,1,0,1,0,0,19,0
12409.01,95,4,0,0,0,0,6,1
1585.02,1501,4,4,1,0,1,5,1
2913.95,33,4,1,0,1,0,19,0
1312.51,1142,4,2,0,0,0,11,0
1043.71,1668,1,2,0,0,0,12,1
852.54,1275,2,1,0,0,0,7,0
889.23,1327,4,1,1,1,0,9,0
2015.24,122,5,1,0,1,0,21,0
1583.19,218,2,2,0,0,0,21,0
1062.66,1077,3,0,0,1,0,23,1
4961.8,1150,3,1,0,0,1,17,1
56.44,1183,3,1,2,1,1,0,1
1826.01,1695,3,0,0,0,0,2,0
2247.87,795,3,2,1,1,0,11,0
3452.88,1625,1,0,1,0,0,3,1
1027.75,176,0,0,1,0,0,12,0
1350.08,292,6,1,0,0,0,1,1
2939.36,1969,4,1,0,1,0,7,0
4871.54,1183,2,1,0,1,0,6,0
811.97,491,0,2,2,0,0,22,1
1432.21,761,0,0,0,1,0,7,0
5875.66,1381,1,0,0,1,0,2,0
131.1,634,3,0,1,0,0,6,0
550.04,1261,2,2,0,0,1,22,0
4749.7,1452,4,1,1,1,0,5,0
3269.98,125,1,1,1,0,1,5,0
1849.08,1339,5,1,3,0,0,7,1
700.23,1303,3,1,0,0,0,9,0
454.04,1891,1,0,1,1,0,21,0
607.16,1860,0,0,2,1,0,1,1
5156.47,604,1,1,1,0,0,21,0
584.97,938,4,3,0,0,1,17,0
1213.69,1129,2,0,3,0,0,15,0
516.1,1066,2,2,2,0,0,11,0
2547.26,1421,7,1,0,0,0,19,0
639.88,1665,2,0,0,0,1,14,0
994.67,1484,2,2,1,0,0,11,0
203.69,491,2,1,0,0,0,10,0
218.47,565,1,0,1,0,1,13,1
1105.08,168,1,1,1,0,0,7,0
291.44,1626,4,0,0,1,1,0,0
9000.96,759,3,0,2,0,0,22,0
139.56,1198,3,0,1,0,0,16,0
492.66,1396,3,1,0,0,0,8,0
1115.1,1623,6,1,1,0,0,19,0
761.18,1905,3,1,0,0,0,8,0
363.53,1174,6,0,0,0,0,11,0
420.76,249,2,2,0,0,0,20,0
407.22,1651,4,0,0,0,0,18,0
823.27,180,2,1,2,0,1,11,0
7722.78,1144,4,3,2,0,1,21,1
1185.52,28,5,1,4,0,0,10,1
3579.22,1845,6,1,0,0,0,18,0
1820.7,117,2,0,1,0,1,9,1
3340.46,703,1,2,1,0,0,10,0
66.69,657,1,1,1,1,1,12,1
808.79,832,2,1,2,0,0,22,0
4052.69,262,6,2,1,0,1,2,0
619.1,1678,1,0,1,0,1,6,0
6389.9,626,3,3,2,1,0,22,1
4836.23,1920,2,0,1,0,0,1,0
685.99,785,2,1,0,0,1,0,1
663.04,1062,1,1,0,0,1,20,0
397.98,197,1,0,2,0,0,9,0
584.29,1549,2,2,2,0,0,13,0
319.71,1648,2,1,2,0,0,20,0
1683.8,1461,1,1,1,0,0,23,0
255.69,1673,3,0,0,0,1,1,0
2005.67,684,4,2,0,0,0,2,1
2055.1,1663,4,0,1,1,0,15,0
208.26,874,3,1,0,0,1,14,0
5165.82,1434,4,1,1,0,0,3,0
1832.82,333,3,0,1,0,0,23,0
2320.87,1555,4,1,1,1,1,16,1
513.54,1968,2,1,1,0,0,4,0
2043.42,1489,0,1,2,0,0,19,1
3382.58,720,2,2,1,0,0,21,1
993.66,1182,6,0,0,0,0,13,0
8118.68,1184,7,0,1,0,0,6,1
1146.04,1358,2,2,0,1,0,2,1
3431.61,1776,1,2,0,0,0,23,0
1469.99,1400,4,2,0,0,1,14,0
1969.47,79,3,4,0,0,0,3,1
206.16,1868,3,1,2,0,0,8,0
1589.31,1893,5,1,0,0,1,17,0
525.85,1867,4,0,0,0,0,17,0
470.41,197,4,2,0,0,1,11,0
6273.58,1144,5,0,0,0,0,9,0
885.57,1784,4,0,1,0,1,3,1
402.1,1675,4,2,0,0,0,23,0
765.76,226,5,2,0,0,0,5,0
298.73,595,3,1,1,0,0,13,0
4600.34,1434,3,0,1,0,0,16,0
546.93,1562,1,0,2,0,0,4,0
1861.8,1664,4,2,1,0,0,10,0
4256.09,913,2,1,2,0,0,10,0
665.04,735,4,1,1,0,0,12,0
1866.88,1363,3,2,0,0,0,3,0
391.47,1580,4,0,1,0,0,18,0
12654.52,1620,2,0,1,0,0,14,1
2797.22,919,1,2,0,1,0,19,0
904.51,537,1,0,2,1,0,0,1
506.32,220,1,1,0,0,0,2,0
978.48,293,3,0,1,0,0,2,0
780.56,1228,3,1,0,0,0,5,0
7730.62,1904,2,1,1,0,0,5,0
321.97,1729,2,0,0,0,0,16,0
1254.89,1538,4,2,0,0,0,4,0
1076.71,202,2,1,2,1,0,20,0
975.15,1890,6,2,3,0,1,14,1
983.76,32,2,0,1,0,0,20,0
976.46,1113,2,1,0,0,0,9,0
2625.6,1226,3,1,1,0,1,16,1
2016.23,1975,5,0,0,1,1,14,0
1667.22,1714,4,0,0,0,0,9,0
52.77,1729,3,1,1,0,0,7,1
1480.0,1696,2,0,1,0,1,10,0
209.42,1317,2,1,0,0,0,21,0
2092.93,716,4,2,1,0,0,21,0
4791.01,753,1,1,3,0,0,17,1
434.31,1017,4,0,2,0,1,10,0
844.06,115,3,1,1,0,0,15,0
602.23,722,5,1,0,0,1,6,0
3772.27,1246,3,1,0,0,1,11,0
1205.96,1933,1,1,0,0,0,10,0
6175.4,182,2,2,1,0,0,6,0
1658.64,771,5,0,1,0,0,3,0
1397.51,469,4,1,0,0,1,10,1
1174.04,426,3,0,1,0,0,3,0
2484.91,1998,2,0,0,0,0,5,0
192.93,1576,4,0,0,0,1,6,0
1194.33,1866,4,4,0,1,0,14,0
1022.45,834,2,1,0,0,0,8,0
2265.2,1084,2,1,0,0,0,21,0
908.96,485,3,0,0,0,1,22,0
388.1,11,3,1,0,1,1,23,1
1104.72,1656,5,1,1,1,0,18,0
371.36,1409,4,0,3,0,0,11,0
159.93,1434,2,0,1,0,0,3,0
2269.06,42,3,0,4,0,0,4,1
1956.79,1726,4,1,2,0,1,16,0
1749.51,123,5,1,0,0,0,0,0
4035.67,701,0,1,0,0,0,16,0
563.95,252,3,0,0,1,1,19,0
262.14,973,6,3,0,0,1,6,1
1022.46,604,3,1,1,0,0,7,0
774.72,1508,6,1,1,0,1,19,1
472.34,213,2,1,2,0,0,22,1
1012.47,1854,3,0,0,1,0,5,0
594.9,1738,2,0,1,0,0,10,0
174.86,268,2,1,1,0,0,16,0
705.44,1006,4,0,0,0,1,5,0
352.0,1691,2,2,2,0,0,13,0
1382.5,707,1,3,0,0,0,7,0
569.05,540,4,2,0,0,0,17,0
3333.01,706,2,1,2,0,0,11,0
5452.7,1948,5,1,0,0,0,5,1
2163.28,1011,2,1,1,0,0,5,1
232.52,1759,1,0,0,0,0,23,0
4940.37,619,3,2,0,0,0,6,0
5301.37,1685,4,0,1,0,0,2,0
1117.43,1159,6,2,1,0,0,23,1
4117.19,498,3,0,1,0,0,0,1
631.64,1021,3,1,0,0,0,8,0
169.65,1631,1,1,1,0,1,15,0
512.71,782,3,0,0,0,1,3,0
6181.4,1959,2,0,1,0,0,11,1
246.88,1910,2,0,0,1,0,13,0
1096.11,126,3,2,0,0,0,14,0
1134.72,1383,4,1,0,1,0,21,0
656.57,1527,3,2,1,0,0,6,0
703.79,841,3,1,0,0,1,0,0
1178.8,983,3,0,0,0,0,13,0
625.05,1342,4,1,3,0,0,23,0
264.53,12,3,2,0,1,0,21,0
1359.72,1501,2,1,0,0,0,5,0
3207.88,1318,0,1,0,1,0,7,0
2616.45,1978,3,1,1,1,0,3,1
487.98,1464,3,0,0,0,0,17,0
313.81,1831,5,1,0,0,0,19,1
825.35,1878,3,1,1,0,0,21,0
5259.5,516,3,1,1,0,0,15,0
2091.42,1840,1,0,1,0,0,13,0
2217.12,1415,2,0,1,0,0,5,0
2670.06,316,1,1,1,0,0,19,0
1670.31,1704,7,1,0,0,0,18,0
1237.2,1032,5,4,0,0,0,18,0
2126.66,1532,5,2,2,0,0,17,0
635.13,1148,2,1,0,0,0,9,0
266.54,1396,2,3,0,0,1,8,0
2259.72,314,2,0,0,1,0,0,0
3780.98,1209,8,1,0,0,0,3,0
358.44,547,1,1,0,0,0,21,0
2494.69,1609,0,1,2,0,0,1,0
5888.55,1907,5,0,1,1,1,4,1
1094.17,1549,5,2,0,0,0,2,0
483.96,39,1,1,0,1,0,6,0
1240.19,1108,3,1,0,0,0,9,0
632.36,1045,4,1,2,0,0,6,0
591.86,253,3,2,2,0,1,15,0
1691.18,303,4,0,1,0,0,0,0
220.58,979,4,1,0,0,0,8,0
258.8,258,4,2,0,0,0,8,0
1117.99,1836,2,2,0,0,0,21,0
1072.44,1000,0,2,2,0,0,3,0
1546.2,542,3,1,1,0,1,13,0
7152.56,640,3,1,1,0,0,8,0
1217.45,1847,3,0,0,0,0,2,0
1994.55,552,2,1,0,0,0,8,0
413.42,461,4,2,1,0,0,20,0
2363.59,1633,3,2,1,0,0,14,0
647.82,224,2,2,0,0,1,6,0
1177.82,92,4,2,1,0,0,1,1
983.53,280,2,0,0,0,1,5,0
3080.89,1194,2,1,1,1,0,8,0
295.9,1820,1,2,1,0,0,0,0
111.81,1758,2,0,0,0,0,23,0
885.87,1653,4,0,0,0,1,14,0
1752.03,248,4,1,0,0,1,5,0
1277.0,1385,2,0,1,0,0,12,0
3760.11,1373,6,0,0,0,1,8,0
1698.28,866,2,0,1,0,0,17,0
624.0,1459,3,0,0,1,0,6,0
107.19,1430,3,0,0,0,0,3,0
864.96,1625,5,0,2,0,0,14,0
3065.48,78,3,1,2,0,0,12,1
740.96,458,3,0,3,0,0,9,1
1128.13,586,3,1,0,0,0,7,0
1671.31,1416,1,0,1,0,0,1,0
397.31,1038,1,3,1,1,0,5,1
2045.17,45,1,2,1,0,0,23,1
5637.08,38,4,0,0,0,0,23,0
922.59,416,1,0,0,0,0,4,0
354.58,245,2,1,0,0,0,14,0
1025.98,1086,2,1,0,0,1,20,0
118.58,493,8,1,0,1,1,14,0
1535.95,1632,4,0,1,0,0,5,0
1723.78,323,3,1,1,0,0,7,0
5858.43,1276,1,0,0,1,0,4,1
903.26,468,0,0,0,0,0,7,0
1649.93,1085,2,0,0,0,0,1,0
463.46,1805,8,1,0,0,0,21,0
767.83,1143,1,1,3,0,0,12,0
238.61,87,4,1,1,0,0,21,0
902.54,1619,1,0,0,1,0,7,0
808.1,80,1,0,0,0,0,21,0
1479.12,228,3,0,3,0,0,4,0
587.81,483,2,0,2,1,1,19,1
1191.95,1839,2,1,1,0,0,1,1
785.74,623,3,0,2,0,0,6,0
787.21,1906,4,0,0,0,1,19,0
1188.4,1334,3,0,1,0,0,21,0
1141.98,1607,5,1,2,0,0,15,0
2347.66,948,1,3,1,0,0,6,0
972.0,485,4,0,2,0,0,9,1
772.87,840,3,2,0,0,0,17,0
915.25,25,2,1,1,0,0,22,0
536.64,1815,0,3,0,0,0,13,0
765.16,1226,4,0,0,0,0,6,0
8359.54,1950,3,1,0,0,0,7,1
440.24,1249,3,2,0,0,0,8,0
829.93,779,6,0,1,1,0,22,0
744.35,1534,1,1,3,1,0,11,1
856.48,931,2,0,1,0,0,19,0
787.42,795,2,0,3,0,0,22,0
1449.89,1653,3,1,0,1,0,0,0
198.31,1603,0,4,2,0,0,8,1
3093.85,1583,3,1,1,0,0,3,0
2064.38,753,3,0,1,0,0,22,0
316.44,1714,4,0,0,0,0,19,0
113.4,1544,1,0,1,1,1,20,0
412.79,1207,4,0,0,1,0,16,0
860.35,1101,3,0,0,0,0,3,0
14476.64,426,5,1,1,0,0,7,0
1887.97,1091,4,1,0,0,0,0,0
179.9,660,3,1,0,0,1,18,0
550.23,1518,3,1,3,0,0,18,0
1039.8,685,6,0,0,0,0,20,0
1413.3,547,1,0,1,0,0,9,0
294.49,1101,2,2,0,0,0,11,0
958.16,916,6,0,0,0,0,3,0
535.05,1816,4,1,2,1,0,9,0
363.67,1721,0,1,1,0,0,12,0
1421.68,55,4,1,3,1,0,6,0
2377.67,1929,2,0,1,0,0,15,0
2542.85,1630,4,1,0,1,1,23,1
1947.66,1497,3,2,0,0,0,14,0
666.89,1680,2,1,0,0,0,11,0
2240.71,1271,4,0,1,0,1,6,0
1493.76,1463,2,1,1,0,1,0,1
1253.81,1736,2,2,1,0,0,9,1
594.85,1772,1,0,1,0,0,9,0
667.22,314,4,2,0,0,1,0,1
1180.73,1344,1,0,0,0,0,2,0
12580.14,220,1,1,0,0,0,5,0
1482.14,1868,3,2,1,0,0,21,0
595.15,1395,6,3,0,1,0,20,1
477.04,1240,4,2,0,0,0,6,0
670.64,49,5,0,1,0,0,5,0
9674.93,1821,4,5,0,0,0,22,0
735.64,463,3,0,0,0,0,0,1
2715.88,118,3,1,1,0,0,16,0
753.0,82,0,0,0,0,0,11,0
1423.94,1287,2,1,0,0,0,4,1
2420.54,1613,2,1,1,0,0,4,1
618.99,1747,4,2,1,0,0,1,1
577.6,496,7,1,0,0,0,20,0
5761.02,634,5,1,0,0,0,0,0
2935.38,837,2,1,0,0,0,13,0
2417.94,602,2,0,1,0,0,12,0
2409.75,770,3,0,0,0,0,17,0
1736.41,673,6,1,0,0,0,9,0
8248.41,176,4,0,2,0,1,22,0
1145.86,805,3,1,0,0,0,17,0
1953.27,1113,4,1,2,0,1,1,1
257.0,639,0,1,0,0,0,18,0
480.6,1383,5,1,3,1,0,21,1
330.03,1310,2,1,0,0,0,22,1
3920.85,297,2,0,0,0,0,19,0
85.41,1284,4,1,0,1,0,20,0
733.4,1875,3,0,1,0,0,14,0
54.94,475,2,0,1,0,0,2,1
477.57,1780,6,2,0,1,0,6,0
671.19,1647,3,2,0,1,0,22,1
4380.29,1959,3,1,1,0,0,21,0
1630.48,536,1,1,3,0,0,18,1
476.69,1586,2,0,0,0,0,8,0
3184.22,1061,5,3,1,0,0,3,0
1116.36,1205,4,0,0,0,0,8,0
1138.61,1789,0,1,2,0,0,14,0
329.42,25,2,1,0,0,0,6,0
407.48,349,1,1,1,0,0,22,1
480.54,637,0,1,1,1,0,6,0
1148.79,1567,3,1,1,0,0,21,0
1185.46,1773,4,0,1,0,0,3,0
5136.32,227,4,2,1,0,0,12,0
1611.72,1372,2,1,1,1,0,14,0
73.14,38,5,0,1,0,0,6,0
1426.02,1407,2,0,0,0,0,9,0
257.23,570,5,2,1,0,1,19,0
417.39,236,6,1,0,0,0,0,0
486.79,1205,0,0,2,0,0,12,0
564.91,114,3,0,0,0,0,22,0
277.23,306,6,1,1,0,0,3,1
1344.1,132,4,5,0,1,0,9,1
267.52,348,1,3,1,0,0,1,1
1566.61,1204,3,3,1,0,0,16,0
10269.88,415,2,2,0,0,0,13,0
290.22,983,4,0,0,1,1,4,1
825.09,1614,3,0,1,0,0,6,0
87.93,732,2,0,2,0,0,20,0
811.65,654,0,2,0,0,0,14,0
2085.4,385,5,0,1,1,0,15,1
2254.4,512,3,2,1,0,0,14,0
1184.84,1067,4,0,0,1,1,6,0
2668.48,1504,2,1,0,1,0,5,0
13989.39,1142,6,1,1,0,0,21,1
6077.23,1595,2,0,2,1,0,4,1
650.33,61,4,2,1,0,0,9,0
256.95,553,5,2,1,0,0,12,0
730.59,1810,3,0,1,0,0,8,0
425.39,188,1,1,0,0,0,14,0
1722.18,453,4,0,0,0,0,12,0
336.57,847,5,3,1,0,0,4,1
1019.61,187,1,0,1,0,0,21,0
2535.17,938,1,0,0,0,0,1,0
991.58,1488,0,2,0,0,1,18,0
425.68,1764,3,2,1,0,1,8,0
3550.39,164,1,0,1,0,0,14,0
167.51,1448,3,1,0,0,0,12,0
790.14,1822,4,1,1,0,0,16,0
1051.89,102,2,1,0,1,0,5,0
1114.22,1291,4,0,1,1,1,6,0
1313.56,1660,1,0,1,0,0,5,0
2019.17,1177,2,1,0,0,0,12,0
1058.48,1453,4,1,0,0,0,13,0
758.95,691,1,1,1,0,0,4,0
729.54,1451,5,0,0,0,0,3,1
594.95,578,5,1,2,0,0,9,0
2410.39,611,2,1,0,1,1,3,1
574.48,1967,3,1,1,0,0,5,0
2557.46,536,3,0,2,0,0,10,1
1117.67,1357,1,1,1,0,0,22,0
651.15,761,1,0,0,0,0,20,0
2035.32,1701,1,1,4,1,0,22,1
529.82,896,4,0,3,0,0,8,0
2075.97,1464,1,1,0,0,1,8,0
1356.59,1630,3,0,2,0,0,17,0
604.06,971,6,2,1,1,1,2,1
1860.56,1879,4,2,2,0,1,23,1
1894.27,124,3,2,0,1,1,2,1
3489.52,1326,1,0,1,0,1,20,0
2881.73,668,2,1,1,0,0,20,0
1792.33,349,0,0,1,0,0,12,0
355.1,249,2,0,1,0,0,21,0
12690.22,1972,4,0,0,1,0,14,1
269.45,1295,5,0,1,1,0,14,0
2833.49,1453,1,1,0,1,0,11,0
1687.97,1594,3,0,1,0,0,6,0
338.95,707,2,2,2,0,0,11,0
968.45,713,2,1,1,0,0,3,0
1013.58,1608,4,0,2,1,1,15,1
4046.4,1007,5,2,1,0,0,10,1
537.37,247,5,0,1,0,0,22,0
843.92,481,2,3,0,1,0,0,1
106.05,98,4,1,0,0,0,5,0
6215.26,329,3,1,2,1,1,5,1
375.98,1617,1,1,0,0,1,2,0
1520.68,1449,5,1,1,0,0,5,0
990.88,1601,1,1,0,0,1,0,0
994.26,1448,3,2,1,0,0,0,0
2464.79,1029,10,2,0,0,0,5,1
5832.86,459,6,0,1,1,0,0,0
1410.21,796,2,2,0,0,0,13,0
2111.34,1830,4,1,1,0,1,21,0
1523.69,593,4,1,0,0,0,7,0
3033.68,498,4,0,0,0,1,7,0
690.27,87,2,0,1,0,0,1,1
3214.38,402,3,1,3,1,0,19,0
3329.24,1317,4,1,0,0,1,13,0
3237.44,1947,1,3,2,0,0,12,0
566.71,1305,2,0,1,0,0,4,0
926.73,197,2,1,0,0,0,13,0
1393.35,764,2,1,0,0,1,23,0
278.43,1107,3,0,0,1,0,13,0
5404.14,27,6,0,0,1,0,7,0
1083.25,1869,4,1,1,1,0,7,1
1456.7,1718,4,0,1,0,0,6,0
615.85,135,2,0,1,0,0,7,0
290.94,1114,3,1,0,0,0,7,0
599.42,206,4,2,0,1,0,4,1
1365.4,1051,0,0,1,0,1,11,0
2150.44,1402,1,3,4,0,0,10,1
1289.22,1595,1,1,2,1,1,11,0
1551.11,1608,3,1,0,0,0,0,0
782.88,1439,1,1,0,1,0,18,0
1801.27,1251,2,1,1,1,1,17,0
4831.12,603,5,2,0,1,0,1,0
2218.95,1092,2,2,1,1,0,16,0
2464.0,362,4,1,1,0,0,1,0
1471.47,1284,0,1,1,0,0,17,0
243.92,658,5,0,2,1,0,6,1
385.81,1087,3,0,0,1,1,15,0
1728.27,1879,2,0,0,0,0,14,0
1084.7,972,1,0,3,0,1,10,0
1702.48,1716,2,0,2,0,0,12,0
5863.04,980,3,0,2,1,0,12,0
2266.6,1647,2,1,1,0,0,15,1
3861.79,1727,3,2,0,0,0,16,0
1205.54,941,5,0,0,0,0,2,0
489.21,908,3,1,0,1,1,17,1
1034.98,1416,1,1,1,0,1,9,0
490.41,246,2,1,1,0,0,23,0
5209.79,278,3,2,1,0,0,20,0
2417.26,347,5,0,1,0,0,16,0
1845.51,1961,6,1,1,0,0,12,0
3774.2,372,3,0,1,1,0,14,0
145.47,809,4,0,1,0,0,2,0
1974.63,849,3,4,1,0,0,5,0
295.7,123,4,1,1,0,0,12,0
1088.71,1081,1,1,0,0,0,17,0
802.95,160,4,0,0,0,1,18,0
2125.45,1151,0,0,0,0,0,14,0
1377.72,737,0,0,1,0,1,21,0
4209.58,1631,4,2,0,0,0,23,0
600.7,1335,0,1,0,0,0,10,0
2228.57,518,4,0,1,0,0,21,1
1289.78,935,1,1,2,0,0,0,0
213.73,1289,0,2,1,0,0,17,0
437.63,746,3,1,1,0,0,14,0
944.0,288,5,2,0,0,1,2,1
3335.22,420,2,1,1,1,0,17,0
1743.63,1920,6,1,1,0,0,21,0
341.21,1552,1,1,0,0,1,9,0
953.07,140,5,1,3,0,1,15,1
8248.66,1833,0,1,0,1,1,18,0
1225.65,707,1,1,0,0,1,8,0
790.51,698,5,0,3,0,0,21,1
1793.17,987,3,2,0,0,0,13,0
2352.87,475,3,1,0,0,0,19,0
694.94,1929,2,1,0,0,0,23,0
1812.7,1661,0,0,0,1,0,3,0
789.27,1553,2,2,2,1,0,1,1
2251.45,1902,3,0,3,1,1,21,1
1299.45,389,4,0,0,0,0,20,0
1775.73,511,5,1,1,0,0,6,0
513.28,538,6,3,1,1,0,23,1
482.37,213,3,1,2,0,0,9,0
2822.84,897,1,0,2,0,1,0,0
1012.93,1537,1,2,0,1,0,2,0
1458.31,1827,4,3,0,0,0,17,1
807.23,1289,2,3,0,0,0,5,0
2693.85,1367,2,1,4,1,0,14,1
597.16,1062,2,3,2,1,1,1,1
957.57,233,3,1,1,0,0,0,0
2406.65,260,6,0,0,0,1,6,0
3543.85,308,5,0,1,0,1,16,1
649.52,403,1,0,2,0,0,17,0
7782.9,997,6,4,0,0,1,15,1
1500.03,1285,4,0,0,0,0,16,0
386.48,1500,2,2,1,1,0,14,0
1586.13,750,3,0,1,1,1,8,1
747.7,1130,3,0,2,0,0,8,0
1692.68,1271,3,1,2,0,0,0,0
1050.63,304,3,1,0,0,0,0,0
1181.19,343,1,1,1,0,1,7,0
440.72,1471,3,1,2,0,0,17,0
2951.48,1062,2,2,0,0,0,7,0
345.11,1844,4,0,2,1,0,13,0
361.85,855,4,1,1,0,0,12,0
1583.45,1070,2,0,0,0,0,15,0
5447.13,1746,1,0,0,0,0,11,0
770.78,1629,6,3,0,1,0,21,0
2210.5,1244,4,1,2,0,1,11,0
3207.8,256,5,0,0,0,0,22,0
2476.71,137,2,1,2,0,0,1,1
803.35,1255,1,1,2,0,0,14,0
368.32,818,3,0,0,0,0,13,0
120.6,1738,2,0,2,0,1,3,1
843.16,1602,5,0,2,1,1,9,0
3562.04,973,3,0,0,0,0,10,0
356.32,38,4,1,0,1,0,16,0
2208.81,1179,4,1,0,0,0,13,0
424.05,1527,0,1,0,0,0,18,0
1219.35,105,1,2,1,0,1,6,0
2225.62,255,2,2,0,0,0,12,1
567.08,1428,3,0,2,1,0,23,0
1300.47,488,3,1,0,0,0,3,0
724.08,1982,1,0,0,0,0,20,0
2219.75,458,3,0,1,0,0,20,0
1387.58,528,3,0,0,0,1,7,0
1160.39,591,0,2,0,0,0,3,0
5210.08,525,3,2,2,0,0,22,0
2126.66,370,4,2,1,0,0,13,0
549.85,102,5,0,1,0,1,8,0
1006.4,916,4,2,0,1,1,20,0
1016.48,664,2,1,1,0,0,4,1
1188.35,690,5,0,1,0,1,21,1
13691.21,1927,4,1,0,0,0,6,0
1588.99,599,1,0,2,1,1,22,1
143.18,600,2,0,1,0,0,14,0
637.27,541,3,3,1,0,0,4,1
158.8,1536,2,1,0,0,0,1,0
788.55,389,2,1,2,0,0,3,0
150.31,363,4,0,0,0,0,23,0
458.71,931,1,3,0,1,0,1,0
239.67,1857,3,1,1,0,1,3,0
1610.27,612,1,2,0,0,0,22,0
1097.22,1139,3,1,0,0,0,14,0
1484.69,722,3,1,0,0,0,13,0
987.77,1990,3,1,2,0,0,2,0
271.97,343,6,1,0,0,0,21,0
1832.66,1098,2,1,2,0,0,11,0
7496.75,135,5,6,1,0,0,11,1
1651.13,940,2,0,2,1,0,13,0
716.28,1992,2,1,0,1,0,3,0
262.94,1805,3,0,0,1,0,8,0
442.28,1886,6,0,2,0,0,1,0
1725.1,978,8,1,0,0,0,4,0
3207.09,1614,3,1,1,0,0,23,0
1423.49,1995,2,2,0,0,0,15,0
2440.33,380,7,0,0,0,0,18,0
2225.37,1514,3,2,1,1,0,14,1
1819.9,1149,5,1,0,0,0,22,0
567.66,38,3,1,1,0,0,18,0
1304.95,781,3,1,1,0,1,4,1
469.48,310,1,1,0,0,1,21,0
1115.91,106,5,2,1,0,0,7,0
1526.7,556,3,0,0,0,1,11,0
5876.89,1249,2,0,1,0,0,11,1
295.97,1266,4,2,0,0,0,8,0
1774.91,397,1,2,1,0,0,19,0
4823.41,153,4,2,0,0,0,19,0
2342.2,536,1,1,2,1,0,12,0
2522.35,1660,1,2,2,1,0,18,0
1973.76,1821,2,2,1,1,0,11,0
4017.18,996,2,1,0,0,0,6,0
369.64,966,5,0,2,0,0,20,0
274.26,1426,1,2,0,0,0,23,0
1089.71,1884,4,2,2,0,0,14,1
126.32,1797,4,2,0,0,0,4,1
3754.26,1170,6,1,0,0,0,9,0
3717.16,1215,4,2,1,0,0,7,0
710.98,893,6,0,0,1,0,8,0
756.9,1701,2,1,2,0,0,4,1
1020.1,583,2,1,1,0,1,18,0
1155.19,1975,2,1,0,1,1,7,0
1245.35,201,2,2,2,1,1,23,1
1916.45,1891,3,1,1,0,0,0,0
922.76,12,2,0,2,0,0,13,1
2816.34,1076,6,1,0,0,0,21,1
1712.91,1977,2,0,2,0,0,20,0
597.67,768,3,0,0,0,0,5,0
4167.67,1326,2,2,1,0,0,1,1
281.95,1896,3,4,1,0,0,3,1
1000.08,1324,6,2,2,1,0,17,1
2883.95,920,3,3,1,0,0,14,1
532.15,521,4,1,0,0,0,3,0
1494.51,1164,2,0,1,1,0,20,0
1888.13,100,3,0,1,1,0,16,0
463.81,1509,2,0,1,0,0,8,0
1019.96,1161,2,0,2,0,0,8,1
937.76,871,1,0,0,0,0,5,0
631.6,366,4,2,1,0,0,22,0
10956.35,1908,4,1,2,0,0,2,0
511.27,1558,2,5,2,0,0,20,0
2995.69,1531,1,0,0,0,0,15,0
740.41,657,3,0,1,0,1,2,0
369.95,161,2,0,0,0,0,1,0
1215.38,761,3,0,0,0,1,9,0
2098.74,175,4,2,0,0,0,14,0
2753.17,1112,2,1,0,0,0,0,1
5230.52,1423,4,1,2,0,0,11,0
20852.86,1504,6,1,1,0,0,9,0
1408.83,545,4,0,0,1,0,19,0
565.05,477,3,0,0,0,0,20,0
1724.81,1807,5,2,2,0,0,10,1
840.32,283,1,3,0,0,0,1,0
2768.24,1762,1,1,1,0,0,20,0
299.72,957,4,3,3,0,0,6,0
11711.59,452,4,4,0,0,0,21,0
2581.3,1648,3,0,1,0,0,8,0
203.57,82,4,1,2,0,0,13,0
539.68,1237,2,0,1,1,0,21,0
2480.17,816,3,2,0,0,1,5,0
3555.83,520,4,1,0,0,0,7,0
307.28,134,4,2,0,0,0,14,0
2237.3,447,3,2,0,0,0,19,0
156.44,118,3,1,0,0,0,5,0
1002.91,1620,3,3,2,0,1,5,0
3334.4,1794,2,3,1,0,0,23,1
631.74,1267,1,1,0,0,1,12,0
243.0,749,5,1,1,0,0,9,0
1269.29,1174,0,2,1,0,0,19,0
599.01,1910,6,0,0,0,0,14,0
2058.14,1557,5,1,0,0,0,6,0
452.45,646,6,1,1,0,0,1,0
506.42,379,2,3,3,0,0,8,1
145.33,608,3,1,0,0,0,6,0
1299.77,966,1,2,1,1,0,0,1
933.64,525,3,1,1,0,0,15,0
334.16,1537,2,1,1,1,0,21,1
1331.15,1686,3,2,1,0,0,6,1
3062.76,1141,3,0,1,0,1,21,0
883.98,1688,5,0,0,0,0,14,0
1433.92,576,1,3,2,1,0,23,0
1441.32,937,2,1,1,0,1,21,0
328.87,662,3,0,2,0,0,16,0
8574.82,1341,2,2,2,0,0,4,0
684.82,876,5,1,0,0,0,4,0
2113.53,12,3,1,0,0,1,18,1
2366.61,1114,2,2,1,1,1,14,1
953.75,388,3,1,1,0,0,16,0
2011.82,83,4,2,0,0,0,22,0
1402.23,976,3,1,0,0,0,21,0
265.7,1786,2,2,1,0,1,0,1
786.61,1920,3,0,0,0,0,1,0
594.34,396,6,1,0,1,0,11,0
691.08,545,3,0,0,1,0,17,0
297.67,661,3,1,1,0,0,21,0
3382.71,640,1,1,1,0,0,19,0
5442.49,100,3,0,0,0,0,17,1
2916.1,457,0,2,3,0,0,16,0
3907.02,874,1,1,2,0,0,4,0
776.94,328,3,1,1,0,0,14,0
580.41,724,3,2,2,1,0,11,1
503.41,74,1,0,1,0,1,7,0
2088.22,1120,2,0,1,0,0,22,0
1376.17,92,1,0,1,0,0,2,1
1015.14,330,7,0,2,0,0,18,0
4004.4,1864,2,0,0,0,0,10,0
1644.09,1972,1,2,0,0,0,19,0
474.06,175,2,1,0,0,0,0,0
555.07,1761,4,0,1,0,0,16,0
2168.94,315,0,1,0,0,1,7,1
3107.99,1711,1,0,1,0,0,2,0
1903.94,1592,4,0,0,0,0,21,0
7309.2,497,1,0,1,0,0,3,0
5625.17,1293,0,0,0,1,0,5,0
1704.51,428,5,0,1,1,0,22,0
474.1,35,2,1,1,0,1,23,0
295.9,119,4,1,0,0,0,1,0
744.43,1395,5,2,1,0,0,1,1
2329.04,925,3,3,1,0,0,7,1
6813.4,1592,1,3,0,1,0,16,0
1664.78,1925,4,1,1,0,0,15,0
3528.83,1475,5,0,2,1,1,6,1
858.08,1333,3,1,1,0,0,21,1
2044.21,1381,4,2,3,0,0,23,1
2498.28,1400,3,1,0,0,1,2,0
151.47,828,5,1,1,1,0,3,1
725.28,1129,2,4,0,0,0,23,0
2834.73,390,1,1,0,0,0,17,0
1442.98,176,3,0,1,0,0,3,1
331.45,106,1,1,0,0,0,2,0
96.53,592,3,0,2,1,0,15,0
760.68,1187,1,0,0,0,1,19,0
1020.87,914,3,0,2,0,0,9,0
453.08,1291,3,0,1,0,0,2,0
1265.33,1587,5,0,0,0,0,14,0
1819.63,1913,2,1,0,1,0,10,0
2144.55,1303,3,1,0,0,0,12,0
103.97,1327,2,0,0,0,0,19,0
294.63,1611,6,1,1,0,0,14,0
808.66,955,1,0,0,0,0,10,0
1943.36,953,2,1,1,0,0,10,0
1788.68,861,3,1,0,0,0,16,0
1757.89,127,5,1,0,0,0,15,0
747.39,1270,2,4,2,1,1,12,0
790.26,824,1,2,0,0,0,23,0
529.36,234,5,1,2,0,0,10,1
2364.2,667,7,3,0,0,0,4,0
436.82,1609,7,1,1,1,0,12,0
2565.83,931,3,1,0,0,0,11,0
1349.99,1463,3,1,1,1,0,20,0
1048.33,137,2,0,1,0,0,4,0
568.66,1810,1,2,0,0,0,19,0
282.72,556,1,0,1,0,0,13,0
573.84,759,2,1,2,0,0,6,0
788.39,1173,2,1,3,1,0,13,1
102.61,56,3,1,0,1,1,13,0
900.23,1712,3,3,0,0,0,6,0
2763.79,356,2,1,2,0,0,18,0
1933.75,1281,6,0,1,1,1,16,0
667.67,923,4,1,1,0,0,7,0
1149.33,813,3,1,0,0,0,1,1
628.81,1087,2,1,1,0,1,13,0
1272.53,1850,3,2,0,0,0,1,1
5115.9,1960,1,0,1,0,1,5,0
2888.52,1087,1,1,0,0,0,15,0
1846.03,806,4,2,2,1,1,10,0
669.89,1053,2,1,0,0,0,2,0
2321.43,1576,4,0,2,0,0,6,0
202.98,1683,3,1,1,0,0,1,0
852.05,600,4,0,1,0,0,1,0
1965.91,568,5,2,0,0,0,16,0
2299.44,1324,2,1,0,1,0,3,0
2142.83,705,2,1,2,0,0,11,0
1472.67,612,0,0,0,0,0,13,0
901.69,1239,5,1,0,0,0,5,0
1878.02,141,4,1,0,0,0,4,0
422.9,1950,6,1,1,0,0,6,0
471.22,1531,1,1,1,0,0,0,0
1166.47,561,2,2,1,0,0,5,0
1304.01,499,3,0,0,0,1,12,0
176.69,627,3,4,3,0,0,4,0
1728.74,502,1,1,1,0,0,16,1
2374.94,741,3,1,2,0,0,13,0
1015.07,764,2,1,0,0,0,22,0
11783.63,1611,1,0,1,0,1,4,1
553.94,1215,4,2,1,0,1,0,1
764.26,1735,4,0,1,0,0,13,0
738.73,675,2,0,3,0,0,8,0
1016.19,1675,2,1,1,1,0,1,0
789.4,49,0,4,1,1,1,0,1
268.59,1387,5,0,2,0,1,6,0
634.89,1903,2,1,1,0,1,16,1
994.64,627,1,2,0,0,0,15,0
3746.48,680,2,1,1,0,0,10,0
9919.36,1520,2,3,2,0,0,4,1
4169.18,277,5,0,0,0,1,6,0
505.03,47,5,0,3,0,0,12,0
546.86,1795,1,1,1,0,0,2,0
935.12,926,2,2,2,0,0,7,1
6532.59,216,1,1,2,1,0,0,1
929.43,230,2,1,1,0,1,2,1
290.76,1663,2,1,2,0,0,15,0
664.36,323,4,0,1,1,0,7,0
2338.01,1854,2,0,1,1,0,3,0
2186.24,1445,0,1,1,0,0,19,0
897.65,225,0,1,1,0,0,14,0
2172.02,1686,2,2,3,0,0,16,0
112.94,1311,3,0,0,0,0,14,0
1216.62,46,1,0,0,1,0,4,0
2593.3,1996,5,0,0,1,0,8,0
476.82,1837,2,0,1,1,0,2,0
475.16,1038,4,1,1,0,0,9,0
169.62,633,4,1,0,0,0,18,0
5377.05,1932,3,3,0,0,0,21,0
533.71,375,2,1,0,0,0,7,0
1395.55,703,5,0,1,1,0,4,1
2006.04,987,3,0,1,0,1,21,0
4974.44,333,3,3,0,0,0,13,0
940.21,1880,3,3,1,0,1,23,0
639.43,166,5,0,3,1,0,5,1
1303.84,507,2,0,0,1,0,19,1
3960.32,117,3,1,0,0,0,20,0
925.03,943,1,1,3,0,1,17,0
422.05,636,0,0,0,0,0,22,0
234.92,1590,1,2,1,1,0,23,0
323.34,1463,5,1,1,0,1,3,0
2602.93,1328,2,3,1,0,0,0,0
795.82,457,3,1,0,0,0,10,0
597.34,1992,4,0,1,0,0,14,0
535.95,869,3,1,0,0,0,23,0
1193.98,1295,2,0,0,0,1,22,0
863.11,1735,3,0,2,1,1,10,0
834.53,216,8,1,1,0,0,21,0
4227.32,113,2,1,0,0,1,0,0
5105.21,1040,4,2,0,0,0,5,0
219.2,216,6,3,0,0,0,16,0
1521.71,427,0,1,0,0,0,0,0
504.28,1159,4,0,0,0,1,15,0
855.55,1067,1,1,1,0,0,23,0
1494.1,764,4,0,0,0,0,6,0
886.5,284,2,0,1,0,0,19,0
1380.86,834,3,0,4,0,0,11,1
2149.46,1122,1,2,0,0,1,15,0
1472.29,1084,1,1,1,0,0,7,0
574.31,230,3,2,0,0,0,3,0
584.53,1920,6,0,3,0,0,20,0
259.9,1667,3,0,1,0,0,13,0
466.88,385,3,0,4,0,0,21,1
7801.48,159,4,0,0,0,0,22,0
496.71,824,3,0,2,0,0,8,0
332.49,471,1,1,0,1,0,18,0
1510.1,1620,3,0,1,0,0,14,0
982.04,208,0,4,1,0,0,6,0
901.81,174,2,3,0,0,1,12,0
4487.48,1824,2,1,0,0,0,0,0
1899.08,1105,1,1,0,0,1,8,0
645.49,1042,4,0,2,0,0,7,1
717.32,1017,2,3,2,1,0,4,1
663.42,708,3,0,2,0,0,20,0
2630.0,1315,3,1,0,1,0,15,0
805.81,1384,4,3,0,0,0,8,0
182.52,1892,1,0,0,1,1,19,1
1044.9,1303,3,1,1,0,0,0,0
235.8,975,3,1,0,0,0,20,0
9742.28,397,3,3,1,1,0,14,0
417.52,974,2,0,1,1,0,7,0
932.75,766,4,0,0,0,0,1,0
1419.7,1166,1,0,0,1,0,4,0
821.67,677,4,0,0,1,1,18,1
820.55,517,6,2,0,0,1,8,0
1672.09,1275,2,1,0,0,0,3,0
5045.32,662,6,0,0,1,0,11,0
2362.58,1564,1,3,0,0,0,20,0
4810.3,1261,5,0,0,0,0,3,0
385.05,1156,1,3,0,0,0,21,0
1506.23,306,1,1,0,1,1,12,0
1280.81,358,2,0,0,0,0,14,0
1557.9,1309,2,0,1,1,1,22,0
4342.61,1317,5,1,0,0,0,15,0
879.37,1187,3,0,0,0,0,15,0
731.06,1940,1,1,0,0,1,16,0
1870.54,419,4,1,1,0,0,17,0
185.27,1763,3,3,0,0,0,2,0
865.36,1492,2,0,1,0,1,5,1
958.91,642,3,0,0,0,0,7,0
436.87,1908,3,2,2,0,0,23,1
3155.99,1594,3,2,1,1,1,1,1
379.08,507,4,1,0,0,0,12,0
957.31,1682,4,1,1,1,0,10,0
1470.21,1502,4,2,1,1,1,21,1
4244.81,1386,1,3,1,1,0,12,1
1085.12,312,3,1,0,1,1,18,0
2796.58,1658,4,2,1,0,0,18,0
2209.66,704,4,1,1,0,0,22,0
1240.73,245,4,1,1,0,0,22,0
368.89,477,4,2,0,0,0,22,0
261.23,615,2,1,0,0,1,3,1
1219.88,1915,3,1,1,0,1,4,1
637.34,436,5,2,2,0,0,3,0
2749.74,250,4,2,1,0,0,11,0
2311.97,1046,4,1,0,0,0,9,0
911.77,477,2,1,1,0,0,23,0
344.57,1596,2,1,0,0,0,2,0
1827.56,1774,4,3,0,1,0,5,0
396.25,1930,2,1,1,1,0,10,0
513.65,1876,3,0,1,0,0,17,0
411.82,511,5,1,1,1,1,4,0
954.8,1920,2,2,3,0,1,13,0
3534.02,1360,2,2,0,0,1,1,0
1091.12,1670,3,5,2,0,0,14,1
704.0,1873,3,0,0,0,0,10,1
238.5,774,1,1,1,0,0,15,0
1904.79,1366,3,0,2,0,0,0,0
502.5,1362,3,0,0,0,0,2,0
1233.38,1504,3,3,1,0,0,13,0
769.53,924,0,0,2,0,0,19,0
2535.58,1066,4,0,0,1,0,22,1
937.08,74,5,1,2,0,0,13,0
1033.88,809,2,2,1,0,1,17,0
1782.46,831,4,3,1,0,1,2,1
9017.66,1046,1,0,0,0,1,21,0
2666.3,220,1,0,3,0,0,17,0
1003.65,79,2,1,0,0,1,14,0
1100.15,235,1,1,0,0,0,2,0
648.81,157,3,3,1,0,0,14,0
424.11,327,7,0,1,0,0,14,0
630.96,1138,2,2,1,0,0,20,0
506.67,1826,3,1,1,1,0,3,1
2107.73,1632,4,1,0,0,0,10,0
375.71,642,3,1,0,0,1,20,1
4159.75,1946,6,1,4,1,0,7,0
2326.33,621,4,0,0,0,0,4,0
1119.35,1611,1,3,0,0,0,19,0
1096.98,985,2,1,1,1,1,14,1
628.11,1299,5,2,0,0,1,10,0
1436.67,1405,3,2,0,0,1,21,0
3255.47,1044,5,0,1,0,0,15,0
542.86,1697,2,3,1,0,0,21,0
236.66,1233,4,1,0,0,1,4,1
2215.47,1908,6,2,0,0,1,12,0
1516.81,606,3,0,0,1,0,18,0
357.74,1618,2,0,1,0,0,13,0
526.69,864,2,2,0,0,0,12,0
464.47,1640,3,1,1,1,0,3,0
531.37,749,1,0,4,1,0,10,0
793.39,1796,1,2,0,0,0,5,0
840.04,1184,3,0,2,0,0,0,1
572.04,915,1,0,0,0,0,21,0
513.8,899,1,0,0,0,0,21,0
872.37,998,5,1,0,0,0,15,0
1296.85,860,1,0,2,0,0,23,0
799.27,573,4,1,0,0,0,7,0
3493.53,38,1,1,0,0,0,5,0
1822.72,118,4,3,2,0,0,10,1
223.44,390,3,0,0,1,1,19,0
1851.46,1848,7,3,0,0,0,5,1
2009.3,680,8,0,1,0,0,23,1
710.0,377,4,0,0,0,0,4,0
245.87,849,2,1,0,0,0,15,0
1105.52,1898,1,0,0,1,0,21,1
1088.21,376,3,0,3,0,0,8,0
357.22,1605,3,1,0,0,0,4,0
256.92,595,4,1,1,0,0,15,0
1004.7,747,2,1,1,0,0,20,0
868.63,1066,0,4,1,0,0,7,0
722.51,1635,2,2,0,0,0,17,0
1008.87,1494,4,0,0,0,0,17,1
364.03,458,2,0,0,0,0,3,0
709.94,1154,1,3,0,0,1,5,1
1869.31,1052,3,1,0,0,1,13,0
772.81,1769,5,1,1,0,1,22,0
206.03,741,4,1,1,0,0,16,0
683.56,629,2,1,1,1,0,16,0
376.09,1937,4,0,0,0,0,11,0
1432.44,326,5,4,0,0,0,7,0
1508.45,1533,4,1,1,0,0,15,1
208.77,619,3,1,0,0,0,3,0
2342.59,1915,7,0,0,0,1,0,0
360.62,325,5,1,1,0,0,11,0
5214.42,1831,3,2,1,0,0,8,0
1044.43,1927,2,0,2,0,0,8,0
315.33,1184,2,0,0,0,0,15,0
350.03,516,4,1,1,0,0,1,0
1553.24,1685,4,0,0,0,0,12,0
741.52,746,2,0,0,1,0,3,1
995.6,1278,4,1,1,0,0,11,0
5501.52,1952,4,1,0,0,0,3,1
544.98,248,2,5,0,0,0,21,0
1164.4,1874,2,0,4,0,1,16,0
4536.2,1377,7,1,0,0,0,18,0
1437.29,398,2,1,3,1,0,19,0
219.95,582,4,2,1,0,0,9,0
1817.81,203,1,3,1,0,1,17,0
342.75,1326,1,1,2,0,0,22,0
4477.44,1172,3,0,1,0,1,16,0
481.61,221,6,1,1,0,0,5,0
21365.0,1722,2,1,0,0,0,22,0
4757.02,867,1,0,0,0,0,7,0
494.42,1872,4,0,0,0,0,2,0
1118.8,1584,4,0,2,0,0,10,0
2330.05,263,4,1,1,0,0,20,0
2401.05,296,4,0,2,0,0,16,0
1706.73,1339,1,2,0,0,0,20,0
3835.9,1020,3,1,1,1,0,4,0
969.74,292,2,1,0,1,0,5,0
759.97,684,4,3,0,0,1,11,0
775.21,876,3,0,0,0,0,21,0
2587.31,1055,4,1,0,0,0,23,0
1580.0,1706,3,1,0,0,0,18,0
1467.45,1068,4,0,0,1,1,23,1
2429.0,1963,1,1,2,0,0,18,1
141.03,555,2,0,2,0,0,15,0
1495.28,1967,2,0,0,1,0,5,0
1364.53,1158,2,0,1,1,0,12,1
5818.56,349,3,1,1,1,1,13,1
237.8,219,4,1,0,0,0,19,0
5204.02,1023,3,2,0,0,0,1,0
1182.53,450,3,4,0,0,0,12,0
1788.24,504,4,1,0,0,0,7,0
5860.08,86,6,0,0,0,0,12,0
1921.31,1275,4,1,0,0,0,11,0
1636.59,1289,1,0,1,0,0,2,1
1397.29,523,8,1,3,0,1,7,1
676.22,1104,0,1,1,1,0,3,1
1065.83,1645,2,1,0,1,0,1,1
536.19,461,3,1,0,0,1,6,0
1048.83,1014,5,1,0,0,0,20,0
106.07,630,2,1,2,0,0,2,0
1684.19,252,0,0,0,1,0,10,0
970.94,18,6,0,2,0,0,21,1
783.52,1280,5,0,0,1,0,2,0
1366.16,1269,4,2,0,0,0,8,1
261.5,1177,8,1,2,0,0,4,0
7549.75,1633,1,0,2,0,0,1,1
989.53,500,4,1,1,1,0,4,1
947.81,458,3,2,0,0,0,17,0
417.63,1722,2,0,1,0,1,8,0
1123.21,1566,2,1,1,0,0,2,0
4389.45,115,2,0,0,0,0,1,0
3089.97,753,1,1,1,0,0,18,0
2577.15,769,4,0,0,0,0,21,0
1893.91,447,7,2,0,0,0,0,1
766.21,353,6,0,2,1,1,5,1
257.2,625,4,0,2,0,0,16,0
896.92,1871,2,1,3,1,0,7,0
866.21,541,5,1,1,1,0,13,0
3130.02,322,3,3,2,0,1,17,0
1494.27,1483,1,0,0,0,1,20,0
5498.94,1973,4,1,1,0,0,6,0
3631.82,226,3,0,1,0,0,17,0
694.72,1780,3,1,0,0,0,13,0
182.16,361,4,3,0,0,0,13,0
4383.38,1555,4,3,0,0,0,9,0
4270.07,834,0,0,0,1,0,22,0
279.72,112,6,0,0,0,0,22,0
4960.39,212,3,2,1,1,0,22,0
1606.99,1257,1,2,0,0,0,17,0
1287.79,948,1,1,1,0,0,3,1
5512.55,159,2,0,2,1,0,0,0
4207.76,572,1,3,2,0,0,17,1
2103.44,1909,3,0,0,0,0,2,0
1760.26,1348,2,1,0,0,0,4,0
2031.22,1117,2,1,0,0,0,6,0
735.05,1272,4,0,1,0,0,11,0
1037.84,670,2,0,0,0,0,18,0
444.83,1165,5,1,2,0,1,14,1
786.0,911,0,1,1,0,0,19,0
760.04,1023,4,1,0,1,0,2,0
580.97,404,2,3,0,0,0,18,0
1257.33,1954,0,1,1,0,0,2,0
793.16,1756,2,2,0,1,1,5,0
1812.09,404,2,0,1,0,0,20,0
216.52,1842,0,1,1,0,0,4,0
979.11,601,4,1,0,0,0,16,1
1250.82,1691,0,0,0,0,0,0,0
803.82,1438,3,1,2,0,1,3,1
922.98,1464,5,0,0,1,0,13,0
224.7,1257,3,0,3,0,0,7,0
1566.31,193,9,0,0,0,0,23,0
2095.62,1123,3,1,0,0,0,17,0
1796.4,1975,4,0,1,0,0,19,0
3098.67,1137,1,1,0,0,0,5,1
1341.48,1643,4,1,1,0,0,20,0
1769.91,1560,1,2,1,0,1,3,1
1281.89,1305,4,2,0,0,1,14,0
2181.03,1000,3,1,0,0,0,15,0
226.51,1973,4,0,1,0,0,20,1
448.73,1740,3,2,1,0,0,0,0
5360.97,523,2,0,2,0,0,8,0
93.65,350,4,0,2,0,0,19,0
953.2,316,3,2,0,0,0,11,0
3541.39,1741,0,0,1,0,0,18,0
998.98,943,1,0,1,0,0,17,0
731.42,1945,1,2,2,1,0,4,1
1248.15,1524,3,0,2,0,0,16,0
770.38,1561,0,1,1,0,0,7,0
1130.99,913,5,0,4,0,0,14,1
553.7,652,9,0,0,1,0,10,0
3323.17,635,6,1,1,0,0,15,0
4551.74,1011,3,0,0,0,0,20,0
959.69,1460,3,2,0,0,0,12,0
274.1,1547,1,0,2,0,1,12,0
649.47,1802,1,1,0,0,0,2,0
912.34,593,5,1,0,0,0,19,1
1818.08,444,2,2,1,0,0,23,0
400.21,1846,2,0,0,0,0,12,0
508.18,621,3,0,0,1,0,13,0
1827.45,1232,6,0,0,0,1,9,1
2804.3,1855,2,0,2,0,0,0,0
588.99,756,6,0,0,0,1,5,0
289.1,1300,2,3,0,1,0,21,0
29264.14,497,3,1,0,0,0,14,1
2400.19,773,1,2,0,0,0,13,0
839.66,1321,2,2,0,0,1,15,0
2615.03,374,5,3,1,0,0,15,0
968.3,1599,3,3,1,1,0,13,1
2610.13,184,2,0,0,0,0,16,0
1286.13,32,1,1,1,1,0,11,0
1201.43,283,1,1,0,0,1,8,0
978.89,836,3,0,0,0,0,10,0
257.91,873,3,2,0,0,0,12,0
7616.67,1456,2,0,0,1,0,19,1
427.72,1543,1,2,0,0,1,10,0
281.46,686,2,0,0,1,0,22,0
886.38,462,3,0,1,1,0,8,0
419.28,871,7,1,0,0,0,13,0
1041.36,984,8,0,2,0,0,8,0
2181.49,368,3,2,1,0,0,19,0
2966.99,658,0,0,0,0,0,22,0
2476.82,1276,1,0,2,0,1,10,0
807.84,166,4,0,0,0,0,11,1
1152.39,1639,4,0,0,0,0,21,0
1648.93,1000,2,0,1,0,0,11,0
189.09,1729,2,2,0,0,0,23,0
1940.27,1553,3,0,0,0,0,9,0
255.37,602,4,1,0,0,0,21,0
8436.7,1395,1,0,0,0,0,9,0
731.78,1622,5,0,1,0,1,6,1
911.53,1127,6,0,0,0,1,1,0
507.9,594,2,2,0,0,0,5,0
584.08,126,4,0,2,0,0,21,0
10658.29,38,3,1,0,0,1,15,1
2808.4,348,2,2,0,0,1,19,0
232.94,1237,1,2,0,0,1,8,0
4935.52,1343,3,1,0,1,0,8,1
3616.43,737,3,1,0,0,0,1,1
827.81,734,2,0,0,0,0,14,0
1490.25,426,3,1,0,0,0,10,0
1080.37,1271,2,1,0,0,0,2,0
7883.92,648,2,0,1,0,1,17,0
494.58,286,6,2,1,0,0,14,0
1269.03,1255,2,2,0,0,0,11,0
714.69,320,4,0,2,1,0,15,0
261.64,512,6,1,2,0,0,13,0
9814.72,1545,2,0,0,0,0,0,0
336.44,225,5,1,0,0,0,11,0
1366.67,506,1,2,1,0,1,15,0
192.35,1849,5,1,1,0,1,13,0
735.78,1131,2,1,0,0,0,17,1
1672.32,1723,3,2,1,0,0,6,1
480.71,1757,3,1,2,1,0,8,1
1972.0,1631,2,1,1,0,0,15,0
837.95,1731,0,0,1,0,1,11,1
3498.48,1778,3,1,3,0,0,17,0
4280.23,742,3,3,0,0,1,13,0
609.88,1355,5,1,0,0,0,23,0
1184.09,1029,2,2,0,0,0,12,1
1317.45,1887,1,0,0,0,0,23,0
2037.24,468,5,1,0,0,0,8,1
1112.52,1540,3,1,0,0,0,17,0
1326.38,1800,2,0,1,0,0,1,0
859.71,938,2,1,0,0,1,20,0
1230.58,765,2,1,0,0,0,5,0
4015.59,163,2,2,1,1,0,13,0
2092.43,653,2,1,2,1,1,13,1
2211.12,901,5,1,1,0,0,18,0
2259.89,808,3,0,0,0,0,18,0
940.29,1555,3,1,0,0,0,4,0
1508.43,82,3,2,1,1,0,12,0
370.49,481,2,1,0,0,0,15,0
3900.3,1917,4,0,0,0,0,21,0
67.83,516,4,0,0,0,0,18,0
1005.11,1664,4,1,0,1,1,11,1
3431.99,187,3,2,0,0,0,16,0
280.38,146,2,0,3,0,0,20,0
1635.62,1006,4,1,1,0,0,3,0
555.15,152,1,2,1,0,0,12,0
758.39,1387,4,2,0,0,0,19,0
2824.09,93,1,2,0,0,0,14,0
1336.83,1055,3,1,1,0,0,3,0
143.4,1850,7,0,0,1,0,9,0
413.05,540,2,1,1,0,0,23,0
2908.33,649,4,0,1,0,1,17,1
1718.05,1965,5,2,2,0,0,12,1
6298.93,602,6,2,0,0,0,12,0
5899.65,49,3,1,2,0,1,18,1
778.8,1903,2,0,2,0,0,7,0
13403.05,1282,2,1,1,0,1,19,0
1123.81,1542,3,0,2,0,0,22,0
418.77,541,3,1,2,1,0,2,0
581.94,1434,2,1,1,0,0,4,0
114.81,156,2,0,1,0,0,16,0
5469.92,775,3,1,1,0,1,19,0
5403.28,546,1,0,0,0,0,20,0
397.22,1464,2,1,1,0,0,7,0
873.16,1261,2,1,2,0,0,17,0
1206.66,650,4,1,0,0,1,10,0
419.74,1392,2,0,0,0,0,2,0
189.6,1001,6,0,1,0,1,14,0
888.6,1081,4,2,1,1,0,20,0
795.46,175,2,0,1,1,1,18,1
743.66,1238,4,3,0,0,0,19,0
1370.21,27,3,0,0,1,0,14,0
4580.3,1831,1,0,0,0,0,19,1
809.9,1942,1,4,0,0,0,9,0
1300.42,1143,0,0,0,0,1,17,0
2268.49,147,2,2,0,1,1,5,0
1908.63,868,4,1,0,0,0,1,0
593.23,265,3,1,2,1,0,8,0
1207.58,1427,2,1,0,0,0,3,0
1896.07,258,1,1,0,1,0,12,0
354.83,1884,4,0,1,0,0,2,0
3879.8,1213,2,3,1,0,1,19,1
4589.79,827,4,0,1,0,0,8,0
532.31,743,1,1,1,0,0,0,0
1330.98,1523,3,2,0,0,0,13,0
2084.49,710,1,0,1,0,1,23,0
635.48,1263,2,0,2,0,1,2,1
1775.1,1351,3,0,2,0,0,9,0
1291.11,1094,3,0,0,0,0,23,0
252.67,1953,4,1,1,0,1,11,0
1735.69,1788,2,1,1,0,1,13,0
364.99,1998,2,2,1,1,0,10,1
2805.12,1729,2,2,0,0,1,19,0
560.48,1049,2,1,0,0,0,16,0
933.29,1606,5,0,1,0,0,21,0
4325.48,1180,3,1,0,0,0,19,0
1801.51,1682,4,3,0,1,0,8,1
372.61,1855,4,1,2,0,1,18,1
397.46,219,3,2,0,1,1,19,0
602.26,561,3,1,0,0,0,21,0
1627.25,1403,3,2,0,0,0,11,0
1569.17,892,2,2,0,1,0,3,0
471.96,1218,2,1,0,1,0,18,0
341.31,1064,4,1,1,0,0,10,0
1453.29,597,3,1,0,0,0,14,0
914.28,343,1,0,3,0,0,8,0
9482.62,503,0,4,1,0,0,13,1
1137.52,450,2,2,1,0,0,18,0
6729.48,336,2,3,1,1,0,18,0
340.23,4,2,1,1,0,0,15,0
227.42,1826,3,0,0,1,0,8,0
357.78,759,1,1,0,0,0,20,0
3601.59,517,1,1,0,0,0,4,1
6349.31,1521,2,2,0,0,0,23,0
501.61,1250,7,0,0,1,0,23,0
691.89,1174,2,2,1,1,1,8,0
340.71,238,2,0,2,1,0,19,0
179.17,1684,3,2,1,0,0,8,0
2249.38,103,4,1,0,0,0,6,0
1370.62,1199,5,2,1,0,0,3,0
1108.2,1010,3,3,2,0,1,6,1
270.41,1485,2,2,0,1,0,19,1
5653.08,1772,2,1,0,0,0,10,0
662.91,1058,2,2,0,0,0,1,0
1869.87,1708,2,3,1,0,0,9,1
256.07,518,4,1,1,0,0,4,0
906.39,440,1,3,0,0,0,2,0
1467.59,1309,4,1,1,0,0,3,0
1520.93,225,6,2,1,0,1,23,1
1280.04,565,2,3,1,1,0,8,0
1798.17,1281,5,1,0,1,0,19,0
354.06,1083,5,2,1,0,0,8,0
1335.92,1968,4,2,0,0,0,1,0
1228.76,246,3,1,0,0,0,18,1
1382.53,1543,4,1,2,0,0,21,0
1178.91,1238,2,3,0,0,0,10,0
306.98,928,4,1,1,0,0,6,0
293.59,1614,2,2,0,0,0,21,0
119.79,1725,3,2,0,0,0,11,0
2483.77,953,3,0,0,0,0,19,0
2509.05,819,5,1,0,0,0,0,0
2549.24,216,3,1,0,0,0,14,0
1490.39,1427,1,2,1,0,1,17,1
129.92,283,1,0,2,0,0,17,0
392.8,1855,3,0,1,1,0,4,0
1300.38,1980,0,1,1,1,0,13,0
1255.79,1597,2,0,0,0,0,0,0
877.65,573,4,0,2,1,0,20,0
1585.92,1239,0,2,1,0,0,8,0
1109.49,382,1,2,0,0,0,23,0
1237.4,1069,0,1,2,0,0,21,0
578.79,1941,4,1,2,0,0,9,0
2927.81,172,0,1,0,1,1,22,0
712.82,1245,4,2,0,0,0,4,0
289.85,1409,2,1,1,0,0,12,1
507.25,1119,1,0,1,0,0,1,0
773.97,1883,1,1,1,0,0,20,0
2963.13,44,3,2,0,1,0,18,0
1051.25,228,3,2,0,0,0,8,0
910.37,574,4,0,2,0,0,14,0
314.61,317,5,0,2,0,0,17,1
2405.43,731,2,0,0,0,0,5,0
571.38,1359,0,1,2,0,0,19,0
992.25,601,1,0,0,0,0,22,0
4818.33,624,4,0,2,0,1,13,0
1823.96,1743,1,1,0,0,0,11,0
215.24,467,4,0,1,0,0,5,0
186.88,1903,4,1,1,0,0,3,1
1028.33,1842,3,1,0,1,1,0,1
326.12,1739,3,1,0,0,0,4,0
2097.6,297,3,3,2,0,0,0,0
1143.97,545,2,0,1,1,0,22,0
1293.86,489,2,1,1,1,0,3,0
540.91,1020,3,0,1,1,0,23,0
6256.55,215,6,0,1,0,0,9,0
18818.46,1548,2,1,0,0,0,16,0
829.99,1026,3,1,1,0,0,12,0
1560.93,1899,5,1,0,0,0,18,0
1208.84,661,6,2,0,0,1,12,0
845.83,654,7,0,1,0,0,1,1
477.2,802,0,1,0,0,0,12,0
370.57,1231,2,1,1,0,0,11,0
352.27,341,2,0,2,0,0,16,0
1644.58,704,3,0,0,0,0,1,0
652.18,407,4,2,2,0,0,2,1
83.24,853,7,1,0,0,0,21,0
1711.04,306,2,1,0,0,1,3,0
1055.47,1531,4,2,2,0,1,11,0
4216.13,1934,3,1,2,0,0,8,0
1592.6,1493,3,1,1,0,0,3,0
249.97,1788,6,2,0,0,0,14,0
117.96,1740,7,2,1,0,0,4,0
534.07,874,6,2,1,0,0,2,0
586.92,1582,1,0,1,0,1,15,0
2816.24,1910,6,1,2,0,0,16,0
1086.95,495,5,3,0,1,0,14,0
3407.34,1285,3,0,0,0,0,19,0
291.54,578,0,0,0,0,0,16,0
2879.19,1686,1,2,1,0,0,10,0
2255.19,1606,4,2,1,1,0,12,0
145.73,1388,1,1,1,1,0,17,0
4115.92,1538,5,1,1,0,0,6,0
1204.06,541,3,0,1,0,0,12,1
1623.02,768,2,2,0,0,0,7,0
461.79,1597,4,1,0,0,0,1,0
3925.49,1636,2,1,0,0,0,15,1
335.01,896,5,4,0,0,0,1,0
2520.2,455,6,1,0,0,0,8,0
2491.42,1168,1,0,0,0,0,22,0
413.99,1216,2,0,0,1,0,20,0
7969.47,1889,2,1,0,0,0,5,1
1382.33,1377,4,1,1,0,0,10,0
2108.84,1806,1,2,1,0,1,18,1
238.14,299,3,0,0,0,0,9,0
9115.49,1484,8,0,2,0,0,11,0
322.29,427,4,2,0,0,1,3,0
3056.07,1862,2,1,0,0,1,15,0
405.54,1847,1,0,0,1,0,4,0
590.52,716,3,1,0,0,0,4,0
2413.31,757,3,1,2,1,0,13,1
3064.23,31,2,1,0,1,0,2,0
307.57,332,5,0,0,0,1,12,1
3263.23,1994,2,2,0,0,0,20,1
3118.1,1960,5,1,1,1,0,23,0
429.25,1435,2,0,1,0,0,9,0
5424.32,52,3,3,0,0,1,13,0
255.48,1408,2,0,1,1,0,7,0
587.12,243,2,0,0,0,0,16,0
1770.47,775,2,1,1,0,0,23,1
467.05,686,6,1,1,1,1,0,1
1427.7,1636,1,0,2,0,0,2,1
1395.59,1441,3,0,0,0,1,0,0
909.53,1499,3,0,0,0,0,3,0
2520.97,1416,1,0,0,1,0,11,0
872.74,1413,5,1,2,0,0,3,1
1382.35,573,3,2,0,0,1,7,0
3451.18,1992,1,1,0,0,0,18,0
2417.98,872,8,2,1,0,0,14,0
2406.71,700,6,0,0,0,0,10,0
347.52,1493,3,1,0,0,0,19,0
1853.43,1432,4,2,0,0,0,18,1
455.55,519,1,1,1,0,0,1,0
304.47,1213,1,0,0,0,0,16,0
1020.75,595,3,1,1,0,0,16,0
443.95,1375,6,2,1,0,0,23,0
2417.81,1956,3,0,0,0,0,11,0
2476.34,283,1,0,2,0,1,15,1
163.59,1660,4,1,0,0,0,14,0
479.0,1181,2,2,1,1,0,10,0
254.73,599,3,1,5,0,0,10,0
690.47,148,5,1,1,0,0,13,1
1728.79,70,4,2,1,0,0,22,1
860.67,1996,3,2,0,0,0,2,0
608.04,1394,4,1,1,0,0,4,1
4024.58,1612,1,2,1,0,0,16,0
109.41,1650,3,2,1,0,0,21,0
3777.7,1539,0,0,0,0,1,20,1
636.33,234,2,1,0,0,0,20,0
1014.24,679,3,1,1,0,0,7,0
647.19,1635,5,1,2,1,0,1,1
5130.14,636,3,1,0,0,0,1,0
320.22,467,6,2,1,0,0,10,1
1109.58,557,2,1,0,0,0,8,0
1858.34,894,4,0,1,0,0,0,1
218.98,836,2,0,1,0,1,1,0
437.07,1311,2,1,0,0,1,23,0
945.6,618,3,0,1,1,0,6,0
451.84,1318,1,1,1,1,0,0,1
485.13,1505,6,0,0,0,0,3,1
772.89,134,0,0,1,0,0,12,0
2099.77,8,1,1,0,0,0,20,0
778.43,28,0,1,1,0,0,10,1
3224.16,783,2,0,0,0,0,0,0
404.33,1759,1,2,1,0,1,9,0
313.59,1544,5,0,3,0,0,9,1
7527.7,1334,3,2,1,0,1,2,1
567.95,1670,3,0,1,0,0,12,0
295.62,541,0,2,1,0,0,3,0
192.09,627,4,0,1,1,0,12,0
3213.46,1518,0,1,0,0,1,6,0
779.53,1058,2,0,0,0,1,14,0
850.9,7,8,1,1,1,0,10,1
935.24,40,3,1,1,0,0,11,0
3019.79,1354,3,0,1,0,0,22,0
916.42,909,4,1,3,0,0,12,0
11430.65,62,3,0,4,1,0,2,1
1253.58,1110,6,0,1,0,0,8,0
3170.94,1749,1,1,1,0,1,13,0
2453.42,1140,2,1,1,0,0,15,0
1057.38,1601,2,0,0,0,0,4,0
609.74,1321,2,2,0,0,0,4,1
1528.38,379,2,1,1,0,0,9,0
1826.39,1706,4,2,2,1,0,4,0
618.57,1652,2,1,0,0,0,15,0
1295.09,322,4,0,2,0,0,12,0
3775.19,1652,5,2,0,0,0,3,0
8690.17,733,0,1,0,0,0,1,1
2576.97,1419,0,2,3,0,0,22,0
7063.95,1381,3,2,0,0,0,7,0
584.42,1586,4,0,1,0,1,10,0
2212.51,839,6,2,3,0,0,19,0
4181.89,419,7,0,0,0,0,11,1
447.5,1502,3,0,1,0,0,13,0
674.8,1360,3,2,0,1,0,2,0
6234.82,1615,7,0,0,0,0,5,0
413.6,20,3,2,0,0,0,5,0
286.82,412,4,0,0,0,0,3,0
5054.23,1915,1,0,0,0,0,11,0
3629.18,549,1,2,0,0,0,4,0
1689.39,1283,6,1,0,0,0,3,0
1047.63,605,5,0,0,0,1,15,0
707.31,1723,2,0,0,0,0,11,0
1453.82,357,2,1,1,0,1,14,0
5323.08,201,2,1,1,0,0,3,1
1392.1,1435,7,0,2,0,0,19,0
9575.46,1312,3,0,1,0,0,13,0
446.78,1072,1,2,2,0,0,12,0
1075.26,765,2,0,1,0,0,0,1
755.17,1582,4,1,2,1,0,20,1
370.5,1394,2,1,1,0,0,17,0
940.97,231,5,4,1,0,1,2,1
1664.58,1119,1,5,2,0,0,4,1
1852.39,303,5,4,0,0,0,7,0
9608.97,1242,3,1,0,0,0,11,0
1744.93,1576,3,0,0,0,0,14,0
3463.85,387,1,1,0,0,0,11,1
1171.56,715,2,0,0,0,0,7,0
5872.62,1652,1,0,0,0,0,13,0
12069.65,925,4,1,1,0,0,22,0
1865.13,1115,4,0,1,0,0,14,0
406.4,58,4,1,0,0,0,3,0
633.46,434,4,0,0,0,0,1,0
1453.8,522,7,0,1,0,0,7,0
1731.08,768,3,0,2,1,0,18,0
2204.87,829,2,0,0,0,1,18,0
1737.49,1785,4,1,0,0,0,5,0
1104.32,483,3,1,2,0,0,13,0
580.45,367,3,1,1,0,0,18,0
1637.85,889,3,1,0,0,0,5,0
7009.26,1853,5,2,1,0,1,9,1
3040.96,1431,2,0,1,0,0,10,0
1871.89,1542,2,1,2,0,0,21,0
3070.41,1355,2,1,1,0,0,9,0
756.68,1724,3,0,0,0,0,16,0
659.67,1259,1,0,1,0,0,17,0
519.16,883,4,0,0,1,0,12,0
967.5,411,1,0,1,0,1,18,0
719.1,183,5,0,0,1,0,13,0
3671.2,1311,0,0,0,0,0,19,0
681.76,1147,5,0,2,0,1,18,0
491.41,158,2,0,2,0,0,15,1
7650.89,1347,4,2,2,1,1,18,1
698.28,13,2,1,0,0,0,16,0
1278.61,1851,1,0,2,1,0,21,1
1722.14,566,2,1,0,0,1,18,0
351.89,872,4,0,1,0,0,4,1
3772.46,1813,4,3,0,0,0,21,1
2073.76,555,2,1,0,0,0,14,0
5210.25,1803,5,0,0,0,0,3,0
556.01,1645,5,1,0,1,0,17,0
1210.91,1859,5,0,2,0,0,17,0
1140.65,678,2,1,1,0,0,6,1
1427.8,863,3,2,1,0,0,5,1
256.05,1944,1,0,1,0,0,23,1
1225.17,618,3,1,2,0,0,3,0
263.36,1587,5,1,0,0,0,20,0
1569.22,204,2,1,2,0,1,4,1
130.5,957,3,2,0,0,0,22,0
172.16,302,4,1,0,0,0,19,0
2486.29,1067,1,0,2,0,0,7,1
634.71,795,1,0,2,0,1,10,1
408.36,597,2,1,0,1,0,17,0
3908.25,729,2,1,1,1,0,8,0
1521.77,1694,3,0,0,1,0,8,0
2623.04,1886,2,2,1,0,0,16,0
928.67,506,2,0,0,0,0,12,0
15988.56,639,1,0,0,0,1,3,0
599.13,191,6,0,0,0,0,18,0
6276.05,1802,2,1,1,0,0,16,0
1031.36,899,1,0,3,0,1,23,1
209.66,1997,1,1,1,0,0,13,0
1777.3,60,3,2,0,0,0,23,0
1502.32,1819,1,1,3,0,0,11,0
383.25,1490,4,1,0,0,0,5,0
436.06,1403,5,1,0,1,1,3,1
1069.88,1453,2,1,0,0,0,14,0
1555.8,62,2,0,0,0,0,21,0
92.7,1944,3,2,0,0,0,16,0
3143.59,302,1,1,1,0,1,0,0
668.81,638,4,0,0,0,0,11,0
289.53,1998,3,0,0,0,0,4,0
2810.36,999,2,0,1,0,1,4,0
1071.04,172,3,6,0,1,0,14,0
3700.29,1529,4,1,0,0,0,15,0
1699.27,63,1,1,0,1,0,18,0
1094.97,772,2,0,1,1,0,5,0
941.31,16,1,3,1,0,0,1,1
1777.05,691,5,1,2,0,0,9,0
725.22,842,1,0,1,1,0,21,0
467.51,1904,2,2,1,0,0,12,0
2018.09,1125,1,1,1,0,1,7,1
949.1,1200,5,0,1,1,1,1,1
1134.07,1217,1,1,2,1,0,14,0
3259.67,1989,5,0,1,0,0,1,1
978.6,1997,7,0,0,0,0,13,0
1113.24,1837,8,0,2,0,0,3,1
602.06,899,3,1,0,0,0,20,1
1687.06,1297,7,3,1,0,0,18,0
1555.93,1491,2,0,0,0,0,19,0
2699.37,933,3,1,2,0,0,8,0
614.54,1797,1,1,0,0,0,18,0
693.8,175,2,2,1,0,0,15,0
2421.49,1258,1,1,0,0,0,16,0
1411.22,1836,5,0,0,0,0,6,0
443.09,1240,1,1,2,0,0,21,1
4050.33,1515,1,0,1,0,0,7,0
200.65,417,4,1,0,0,0,2,0
2402.55,1783,3,0,1,0,0,17,0
309.45,1557,5,0,1,0,0,18,0
7228.51,451,5,0,2,1,0,0,0
234.02,836,0,2,0,0,0,21,0
3471.18,1779,1,0,0,0,0,16,0
1010.67,1824,3,1,4,0,1,7,0
760.06,280,4,1,0,1,0,22,0
1320.01,244,2,1,0,0,0,15,0
2062.97,675,1,0,0,0,0,10,0
443.9,146,1,2,0,0,0,1,0
485.03,1091,4,0,2,0,0,12,0
2099.82,103,6,1,0,0,0,1,1
198.87,310,2,0,0,0,0,4,0
611.41,1946,1,0,1,1,0,13,1
22941.14,1980,4,2,0,0,0,3,0
416.54,1661,6,1,0,0,0,14,0
3455.78,117,2,1,0,1,0,1,1
610.36,1496,2,1,1,0,1,12,1
1824.47,763,3,1,2,0,0,15,0
2109.82,1345,4,1,0,0,1,11,0
3391.26,1459,5,1,0,1,0,1,0
897.62,1394,5,1,0,0,0,16,0
8013.51,738,5,0,1,0,1,3,0
608.3,1724,0,2,3,1,1,8,1
1386.06,187,5,1,1,1,0,17,0
1401.47,1612,8,1,0,0,0,14,0
357.11,785,2,1,2,0,1,15,0
823.96,1493,2,2,0,0,0,15,0
1288.86,1685,6,0,0,1,1,3,1
711.86,707,0,3,1,0,1,4,0
12593.35,876,6,0,1,0,1,1,0
474.08,796,1,1,0,0,1,15,0
3566.8,473,1,0,0,0,0,0,0
2582.36,556,7,1,1,0,0,21,0
1081.54,1478,3,0,0,0,0,19,0
461.64,1470,2,0,2,0,1,2,1
508.64,682,2,3,1,0,0,21,0
653.3,94,2,1,0,1,0,15,1
183.88,736,4,0,0,0,0,10,0
402.03,790,6,0,1,0,0,12,0
249.02,38,3,0,2,0,0,12,0
4212.77,782,0,1,1,0,0,18,0
2035.43,482,1,0,1,0,0,17,0
2406.61,1771,8,2,0,0,0,13,0
1976.0,111,4,1,0,0,0,9,0
1295.91,1914,0,2,0,0,0,3,1
4725.27,410,3,0,1,0,0,14,0
595.4,1192,1,0,1,0,1,7,0
1220.08,1590,1,2,0,0,0,19,0
2314.75,397,4,2,1,1,0,12,1
292.6,1151,4,1,2,1,1,15,1
24260.11,1811,1,2,1,0,0,20,0
1128.41,42,3,0,0,0,0,15,0
1263.94,41,2,2,0,1,1,16,0
3854.04,1586,2,0,1,0,0,20,0
2737.92,1511,0,1,0,0,0,20,0
1139.2,1923,2,1,0,1,0,6,0
1249.04,1695,4,1,2,0,1,3,1
243.68,1868,2,1,4,0,1,19,1
628.62,399,4,0,1,0,0,12,0
1839.43,182,7,1,1,1,0,21,1
1709.39,1205,6,1,1,0,0,5,0
3718.84,1965,2,2,1,1,1,22,1
972.14,1702,1,0,0,1,0,11,0
273.89,744,2,2,3,0,0,5,0
3154.96,718,3,0,1,0,0,11,0
4610.49,1891,0,0,0,0,1,12,1
2692.55,464,1,0,3,0,1,18,0
931.1,1074,5,2,0,1,0,14,0
3116.25,1432,4,0,0,0,0,4,0
33823.48,1425,1,0,2,0,0,16,0
1230.47,1170,1,2,0,0,0,22,0
295.38,298,2,0,0,0,0,12,0
610.16,145,4,0,1,0,0,14,0
2049.76,16,4,1,0,0,1,3,1
220.35,1109,3,2,2,0,0,14,0
1299.07,1240,3,1,1,1,0,10,0
1604.13,1506,2,0,0,1,0,21,0
5090.45,1076,3,1,4,0,0,13,1
4065.11,1572,6,4,1,0,0,7,1
2603.43,107,4,2,2,0,0,17,0
126.13,219,1,1,1,0,0,7,0
2754.67,935,3,3,2,0,0,13,0
2220.56,337,2,2,1,1,1,2,0
1416.5,921,5,2,1,0,0,23,0
194.37,371,5,2,2,1,0,13,1
504.33,998,7,1,1,1,0,15,0
341.44,810,2,0,4,0,0,20,0
146.2,254,6,0,1,0,0,13,0
1093.44,1429,3,1,1,0,0,15,0
493.82,580,5,1,3,0,0,6,0
15143.18,1723,2,0,1,0,0,3,0
926.33,636,3,1,2,1,0,22,1
3998.81,1054,5,1,1,0,0,21,0
228.35,185,2,0,0,0,0,21,0
645.43,1313,0,1,1,0,0,4,0
1208.21,1383,1,0,0,0,1,3,0
442.24,474,4,0,0,0,0,12,0
718.96,985,4,0,0,1,0,4,1
881.87,1589,3,0,1,0,0,2,0
867.91,1424,5,4,1,1,0,2,0
7010.18,1713,6,1,0,1,0,20,0
1600.75,984,1,0,0,1,0,0,0
1771.37,1157,3,1,1,0,0,0,1
1881.18,502,2,3,2,0,0,7,0
2023.59,1527,4,1,0,0,0,13,0
1009.4,874,3,2,0,0,0,1,1
795.72,1101,4,1,1,1,1,2,1
1295.71,350,3,2,0,0,0,22,1
3487.02,60,6,1,1,0,0,8,0
3382.05,1479,4,0,1,0,0,13,0
862.3,879,3,1,0,0,0,10,0
2363.37,465,2,0,1,0,0,20,0
902.72,311,3,0,2,0,0,6,1
1134.41,1115,5,1,0,0,0,14,0
682.99,931,3,1,0,0,0,22,0
914.48,965,4,3,0,1,0,3,1
4193.66,1322,4,0,0,0,0,9,0
1202.82,1349,2,3,2,1,0,11,0
1255.49,280,1,1,0,0,0,9,0
257.95,711,2,0,1,0,1,23,1
804.93,967,4,2,1,1,0,5,0
861.51,1142,5,0,1,0,0,1,0
478.6,695,2,1,0,0,0,14,1
1120.65,910,1,1,1,0,0,16,0
713.95,567,4,1,1,0,0,23,0
1187.96,271,2,3,2,0,0,14,1
1238.31,1541,1,1,0,1,1,16,0
421.68,1125,4,0,0,0,0,4,0
736.05,1412,2,0,0,1,0,15,1
1184.85,1310,3,0,1,0,1,9,0
3584.23,980,2,2,2,0,0,15,0
1417.6,1077,3,1,1,0,0,20,0
565.7,1754,4,1,0,0,0,22,0
1634.36,841,2,0,1,0,0,5,1
6048.4,1822,2,0,3,0,0,10,0
2742.72,1004,2,1,1,0,0,8,1
1896.05,240,1,1,0,1,0,17,1
2265.59,1238,2,4,2,0,0,18,1
4628.34,1640,4,4,2,0,1,2,1
3215.14,361,6,2,1,0,0,4,0
1932.87,1388,3,1,1,0,1,8,0
3192.76,734,0,0,0,0,0,20,1
371.8,852,1,1,1,1,0,16,0
244.14,860,3,1,1,1,0,10,0
1283.18,701,3,2,3,0,0,6,0
1174.6,1351,2,1,0,0,0,15,0
636.57,836,2,2,0,0,1,8,0
2504.52,1500,5,1,2,0,0,4,1
170.23,823,3,1,2,0,1,17,0
642.41,1635,4,1,0,0,0,23,1
675.22,97,3,0,1,1,0,13,0
213.51,327,4,0,0,0,0,21,0
4888.94,73,2,1,2,0,0,12,0
281.69,994,5,1,1,0,1,5,0
608.9,1280,4,1,1,0,1,18,0
2718.89,1767,3,0,1,0,0,19,0
2092.35,1194,5,2,1,0,0,7,0
362.07,994,2,1,1,0,0,13,0
2170.01,333,5,0,1,1,1,5,0
1465.25,1181,4,0,5,1,0,8,1
11305.4,1443,7,3,0,1,1,10,1
1642.44,1965,2,4,0,0,1,17,0
952.18,458,4,1,2,0,0,23,0
465.68,734,3,0,0,1,0,23,0
521.0,876,3,0,2,0,0,20,0
480.21,858,4,2,1,0,0,1,1
4320.38,99,4,1,0,0,0,5,0
1116.52,732,5,0,1,0,0,16,0
1929.95,925,3,0,0,1,0,13,0
4985.29,244,1,2,1,0,0,19,0
103.7,1990,3,0,0,0,0,15,0
3939.75,1795,4,1,2,0,1,15,0
1159.1,1501,2,0,0,0,0,18,0
1694.34,1465,3,0,0,0,0,12,0
478.95,1218,4,0,2,1,0,7,0
515.37,1399,4,1,1,1,1,13,1
1787.99,662,2,1,0,1,1,10,0
11903.62,1006,6,0,1,0,1,10,1
2990.85,367,5,0,1,0,0,1,0
3887.51,1179,4,2,1,0,0,15,0
905.06,499,2,1,0,0,1,17,0
601.72,1558,3,1,0,0,0,0,0
502.3,1482,3,1,0,0,1,1,1
672.99,1652,5,0,0,0,0,5,0
140.78,113,3,2,2,0,0,2,0
531.17,945,0,1,0,1,0,15,0
626.19,1747,1,2,2,0,0,8,0
920.25,1048,4,2,0,0,0,0,0
1251.06,283,2,0,0,0,0,0,0
1575.69,1316,5,0,0,0,0,7,0
1080.39,1387,4,0,0,0,0,16,0
613.12,401,6,3,0,0,0,11,0
153.95,568,2,1,0,0,0,8,0
616.89,1290,2,1,1,0,0,4,0
414.7,1078,5,3,0,1,0,0,1
1747.72,1873,4,3,0,0,0,14,0
2722.45,1644,5,0,0,0,1,16,0
2803.35,714,2,1,0,0,0,14,0
2337.77,1738,1,2,0,1,0,15,0
959.56,422,5,2,0,1,1,5,0
650.7,849,6,2,1,1,0,4,0
519.52,1919,2,0,2,1,1,17,0
242.86,1498,3,0,0,1,0,12,0
2956.77,1754,2,0,2,0,0,19,0
920.84,1267,2,0,0,0,0,23,0
315.34,1378,1,1,1,0,1,19,0
479.87,1412,8,0,2,0,0,7,0
460.83,1202,4,1,2,0,0,15,1
1144.84,475,0,0,1,0,0,15,0
3189.02,1597,3,2,1,0,0,22,0
774.34,405,6,1,2,0,0,22,0
115.29,36,4,1,1,0,0,6,1
907.61,358,5,3,1,0,0,22,0
938.05,558,3,1,2,1,0,11,1
875.75,1631,2,2,0,0,0,19,0
585.54,1351,6,1,1,1,0,0,0
1362.99,1068,5,1,0,0,1,20,1
1171.62,320,3,1,3,0,0,2,1
1069.74,738,2,0,2,0,0,7,0
1656.8,658,5,0,1,0,0,1,0
713.49,472,4,3,2,0,1,6,0
674.12,1293,0,1,1,0,0,17,0
4359.55,525,2,0,1,0,0,22,1
1918.61,25,7,1,1,0,0,3,0
2507.26,1797,2,0,1,0,0,20,0
3737.25,640,2,0,1,0,0,2,0
1855.56,1575,7,2,0,0,0,11,0
2774.95,1181,3,1,1,0,0,14,0
226.03,876,4,3,2,0,0,6,0
1345.01,1209,5,1,1,1,0,11,0
913.5,174,1,1,0,0,0,20,0
5870.44,1953,6,1,3,0,0,11,0
2772.89,1418,2,1,0,0,1,10,1
583.8,186,6,1,0,0,0,23,0
1592.08,1305,3,1,0,0,0,11,0
1296.83,1001,2,0,3,1,1,2,1
1727.33,1610,8,0,1,0,0,3,0
395.9,1319,2,0,1,0,0,10,0
1571.86,528,2,0,0,0,1,2,0
872.92,1212,5,0,0,0,0,20,0
1454.55,1436,1,0,1,0,0,8,0
531.45,972,2,1,0,1,1,5,0
610.9,684,1,0,1,1,1,16,0
3546.95,186,2,0,0,1,0,20,1
383.16,1568,5,1,5,1,1,17,0
412.5,575,5,1,3,0,0,9,0
1041.5,1885,2,1,0,0,0,12,0
506.8,1325,1,1,2,0,0,7,0
452.58,309,1,1,0,0,0,10,0
1218.13,1213,3,3,2,1,0,20,1
243.46,1842,2,0,0,0,0,17,0
400.23,1435,4,0,1,0,0,1,1
8553.5,538,2,1,0,1,0,21,1
1736.24,1411,4,3,0,1,0,5,0
519.8,858,1,0,0,0,0,5,0
1666.06,1575,4,4,0,0,0,2,1
1933.97,193,5,1,0,0,0,12,1
2964.35,1187,7,3,0,0,0,10,0
965.69,53,3,0,0,0,1,22,0
2911.72,475,0,1,1,0,0,14,0
142.82,174,4,2,1,0,1,17,1
381.34,1220,5,2,3,0,1,9,1
1291.9,1235,4,1,1,0,1,12,1
1524.82,1814,4,3,3,1,0,14,1
440.64,700,3,1,1,0,0,23,0
1421.43,390,5,1,0,1,1,8,1
587.67,1332,4,0,1,0,0,22,0
831.34,457,2,2,1,0,1,5,0
3055.73,1355,0,1,0,0,1,19,0
2721.5,1750,4,0,0,0,0,8,0
404.62,1519,1,0,1,0,0,4,0
380.98,1353,1,0,0,0,0,4,0
726.93,1053,2,1,1,0,0,9,0
1067.69,1707,3,1,0,0,0,23,0
567.99,122,2,1,1,0,0,22,0
3104.61,1482,5,2,3,0,1,17,1
1552.14,418,2,0,2,0,0,12,0
1645.97,159,3,2,0,0,0,23,1
309.04,598,1,2,1,0,1,1,0
3523.78,1838,5,0,1,0,0,15,0
65.35,516,4,0,0,1,0,10,0
2525.15,1026,5,0,3,0,0,9,1
2791.44,1669,3,2,0,1,1,16,1
711.66,1326,3,0,2,0,0,5,0
3916.33,1103,3,0,1,0,0,5,0
1029.58,659,2,0,0,0,0,9,0
1167.28,678,3,0,1,0,0,3,0
1539.99,315,3,0,1,0,0,14,0
26544.42,1999,5,0,1,0,0,7,0
4206.7,1774,5,2,1,0,0,6,1
2210.85,328,4,1,0,0,0,22,1
440.19,276,1,0,0,0,0,14,0
1265.96,716,1,2,2,1,1,0,1
486.32,452,2,1,0,0,0,5,0
2495.17,1589,3,1,0,0,0,11,0
1262.02,486,4,0,1,0,0,20,0
356.19,1131,1,0,0,0,0,14,0
1189.31,567,6,0,1,0,1,5,0
468.99,246,2,0,1,0,0,21,0
1275.66,935,1,0,3,0,0,19,0
464.48,889,1,0,5,0,0,0,1
1127.2,164,5,3,1,0,0,6,0
2322.66,1978,1,0,1,0,0,21,0
1039.97,527,1,2,0,1,1,14,0
741.82,1,2,1,0,0,0,21,0
1343.83,863,0,0,1,0,0,8,0
2202.13,137,3,0,2,0,1,2,1
362.42,151,5,1,0,0,0,1,1
1423.19,1204,2,3,1,0,0,13,1
4095.08,1946,3,0,1,0,0,10,0
1946.24,1768,6,2,1,0,0,21,0
1161.83,1004,0,1,1,0,0,20,0
2079.2,1511,3,1,1,1,0,10,1
1724.16,1724,0,1,2,1,1,8,1
2329.95,1042,4,0,0,0,0,13,0
144.9,1249,2,0,2,0,0,13,0
231.96,1129,5,0,0,0,0,4,1
2995.39,999,6,2,0,0,0,17,0
243.4,1742,3,1,1,0,0,22,0
1638.5,698,4,2,0,0,0,7,0
771.2,1089,2,2,0,0,0,11,0
404.97,333,4,0,0,0,1,23,1
1555.65,372,1,1,2,0,1,2,1
1340.82,1231,4,0,0,1,0,4,0
9048.39,1253,3,2,0,0,1,8,0
587.1,581,5,2,0,0,0,12,0
4629.06,1166,1,1,0,0,0,13,0
1559.97,1742,6,0,1,1,0,4,1
566.22,686,7,1,0,0,0,21,0
2438.76,709,5,0,0,0,0,23,0
1930.89,1355,3,0,3,1,1,1,1
1136.65,928,4,1,1,0,0,8,1
1431.24,1843,2,2,2,0,1,19,1
603.66,1733,5,3,1,0,1,6,1
480.2,740,0,1,0,0,1,6,0
2343.6,271,5,1,0,0,0,9,0
876.61,1973,4,0,2,0,0,11,0
1012.24,711,1,2,2,0,0,22,0
1450.73,325,3,0,1,0,0,6,0
1429.8,990,1,1,1,0,0,14,0
262.61,1551,2,0,1,0,0,16,0
3968.93,798,3,1,0,0,0,16,0
1237.91,1870,1,1,1,0,0,13,0
895.47,920,5,0,0,1,0,20,0
1687.23,1752,3,0,0,0,0,12,0
1389.28,547,2,1,1,1,0,4,0
2361.52,1093,3,1,2,0,0,5,1
1878.04,908,3,0,0,0,1,15,0
2248.11,212,3,2,0,0,0,23,0
4234.39,1582,3,0,1,0,0,16,0
2653.47,1406,4,1,2,0,0,20,0
934.03,1989,2,0,0,0,1,8,1
356.77,1784,4,2,0,0,0,15,1
5812.69,1444,7,3,0,0,0,16,0
864.61,597,5,1,1,0,0,14,0
683.27,48,4,1,0,0,1,11,0
193.11,231,0,3,2,1,0,5,0
1538.36,579,5,1,1,0,0,16,0
1272.69,1501,3,0,1,0,0,2,0
241.02,950,6,1,0,0,1,10,0
1725.5,1113,5,2,0,1,0,21,0
666.35,1755,1,2,2,0,0,10,1
16160.33,932,6,0,0,1,0,19,1
620.57,52,2,2,0,0,1,16,0
709.67,1558,4,0,0,0,0,11,0
457.25,422,1,1,2,0,0,0,0
3935.83,611,6,2,2,0,0,17,0
755.38,446,4,2,0,1,1,8,0
531.17,961,3,0,1,0,1,10,0
2223.76,131,5,0,1,0,0,7,0
275.79,600,1,1,0,0,0,1,1
2049.01,1672,1,0,0,0,1,22,0
6511.99,374,3,1,1,0,0,22,0
1932.57,551,4,0,1,0,0,15,0
2075.38,530,2,0,0,1,0,20,0
2617.72,1129,1,2,3,0,0,13,0
6061.47,387,5,2,0,0,0,11,1
3677.15,1682,2,0,1,0,1,15,1
1702.19,336,2,0,1,0,0,13,0
2707.8,736,5,1,0,1,0,17,1
452.17,1141,2,1,0,0,1,17,0
2383.42,1025,4,0,0,1,1,6,1
401.19,1653,2,1,3,0,0,22,0
759.74,896,3,4,4,0,0,17,1
50.27,538,2,2,1,1,0,10,0
1638.33,1460,4,0,1,0,0,15,0
576.01,496,3,2,0,0,0,7,0
3331.39,1036,3,0,1,0,0,3,0
1620.02,1318,4,4,1,0,0,18,1
3374.82,508,6,2,1,0,0,1,1
371.07,1877,1,1,1,0,0,2,1
3097.61,681,4,2,0,1,0,9,0
9007.89,565,0,0,2,0,0,4,0
2354.68,781,1,1,2,0,0,8,0
2417.16,760,3,1,0,0,0,22,0
1299.32,128,4,0,1,0,0,13,0
648.93,1100,3,1,0,0,0,2,1
2347.7,1293,3,1,1,1,0,15,0
243.21,146,6,1,1,0,0,8,0
722.16,1939,2,1,0,0,0,11,0
186.6,1427,5,1,0,0,0,14,0
542.58,499,6,0,1,0,0,22,0
2084.0,966,5,0,0,1,0,4,1
1817.82,560,1,1,3,0,0,5,1
1153.91,1223,3,1,0,0,1,14,0
1300.37,1607,3,3,1,0,0,19,0
166.36,924,3,2,0,0,0,8,0
755.54,1527,2,3,2,0,0,8,0
554.82,1628,2,3,2,0,0,14,1
567.33,403,1,2,2,0,0,19,0
1997.35,976,5,3,2,0,0,19,0
463.82,1233,6,0,0,0,0,10,0
599.03,342,2,2,0,0,0,2,0
136.04,1875,4,0,0,0,0,3,0
817.19,1072,4,1,0,1,1,2,1
369.5,541,4,2,0,0,0,3,0
1187.02,1200,5,0,1,0,0,15,0
423.64,511,0,1,2,0,1,23,0
1217.48,19,2,0,0,0,0,17,0
948.91,495,3,1,1,0,0,16,0
5837.41,355,4,1,0,0,0,6,0
1803.02,559,2,1,0,0,0,0,0
174.23,345,2,1,0,0,1,20,0
309.55,1084,3,0,0,0,0,7,0
1158.88,688,3,0,1,0,0,8,0
432.75,1791,4,1,0,1,0,16,0
56.35,1940,2,2,0,0,0,20,0
4228.26,229,5,2,0,0,0,19,0
2253.46,147,5,2,1,0,1,7,0
1846.37,1322,3,2,1,1,1,20,0
597.45,1357,3,1,2,0,0,15,1
1681.9,1775,3,2,0,0,0,6,0
542.2,332,3,0,1,1,1,17,0
1345.95,433,1,0,1,0,0,1,0
436.77,399,3,1,1,0,0,7,0
4995.48,1724,3,1,0,0,0,8,1
228.1,836,4,1,2,0,0,20,0
3760.41,1359,0,2,0,1,0,5,0
1140.15,1233,1,1,1,0,0,7,0
672.18,1435,4,3,1,0,0,19,0
1295.95,587,3,1,0,1,0,6,0
2283.23,1719,4,1,0,0,0,16,0
4301.62,599,1,0,0,0,0,1,0
1499.88,1295,1,1,2,0,0,1,0
450.03,1204,1,0,2,0,0,23,0
1159.37,1439,2,1,0,0,0,0,0
6746.6,757,2,1,2,1,0,12,0
4220.37,346,1,1,1,0,1,19,0
2721.02,1543,3,3,1,1,0,12,0
2430.1,1805,2,1,0,0,0,22,0
2207.13,1462,1,3,1,0,0,0,0
3493.83,1037,1,3,0,0,1,18,0
694.62,1428,3,2,1,0,1,23,1
282.85,738,5,1,0,0,0,15,0
1174.98,1802,1,0,2,1,0,14,1
484.16,1778,2,0,1,0,0,16,0
381.83,380,1,0,2,1,0,5,0
533.64,1716,3,1,1,1,0,12,0
13164.96,421,3,1,0,0,0,14,0
1256.55,1204,6,0,1,0,0,1,0
1574.84,1662,0,0,3,0,0,7,0
323.0,1011,3,1,1,0,0,16,0
173.51,1307,0,0,0,0,0,14,0
483.45,418,2,3,0,0,1,12,1
4620.21,356,6,0,2,0,0,1,1
1531.92,1726,4,2,2,1,0,17,0
1995.39,16,3,0,1,0,0,8,0
2295.18,315,1,1,0,0,0,12,0
607.07,533,2,1,2,0,0,1,0
4393.87,1040,4,0,2,0,0,7,0
582.42,1489,2,2,1,0,0,10,0
4474.87,1487,0,2,2,0,0,12,1
1706.67,1805,4,1,0,0,0,16,0
183.27,545,4,0,0,0,0,20,0
519.04,694,2,1,2,0,0,5,0
184.02,69,4,0,0,0,0,11,0
3509.69,411,2,0,3,0,0,11,0
1069.84,1076,2,2,2,0,0,16,0
118.11,1089,5,0,2,1,0,3,1
1596.78,812,3,1,0,0,0,19,0
640.88,1950,3,0,0,0,0,18,0
248.69,919,2,0,0,0,0,16,0
5872.09,847,2,0,0,0,0,22,0
1220.83,740,3,0,0,1,1,11,0
817.76,1491,1,0,0,1,0,5,0
735.52,1758,3,1,3,0,0,13,0
241.46,1296,3,2,0,0,0,19,0
297.51,439,6,0,0,1,1,22,1
3963.63,530,4,0,0,0,0,18,0
682.74,730,3,2,1,0,0,5,0
1121.1,273,2,0,0,0,0,10,0
141.98,459,4,1,3,0,1,22,1
293.51,820,3,1,0,1,0,15,0
2017.9,1197,4,1,0,0,0,9,0
1599.92,568,2,3,2,0,1,19,1
6332.02,861,4,2,0,0,1,23,0
4200.49,1974,2,1,0,0,0,21,0
870.69,1545,2,0,0,0,0,8,0
1759.8,497,3,1,0,0,0,15,0
799.03,1937,5,1,1,0,0,19,0
8559.61,795,5,2,0,0,0,7,0
3459.97,805,5,1,1,0,0,21,0
1299.44,1558,4,0,0,0,1,9,0
1339.96,1096,4,0,2,0,1,23,0
4651.06,1987,4,4,1,0,0,19,1
1957.8,934,0,0,0,0,1,21,0
5211.53,1891,3,1,1,0,0,8,1
122.28,992,4,3,0,0,0,18,1
1739.28,840,3,3,1,1,0,20,1
654.95,1196,3,0,0,1,1,6,0
6351.07,635,2,0,1,1,0,20,1
5148.18,603,5,1,0,1,0,10,0
1133.24,736,1,1,0,0,1,23,0
5093.04,1316,5,0,0,0,0,0,0
6523.16,1890,1,1,0,0,0,7,0
1181.34,1276,4,0,1,0,0,2,0
12989.98,1433,3,2,0,0,0,2,0
1062.8,991,4,1,1,0,0,11,0
884.9,1834,4,3,0,1,1,5,1
2606.78,367,1,1,0,0,0,19,0
769.86,256,0,1,1,0,0,19,0
1194.33,1549,3,0,2,0,0,10,0
4489.22,440,5,2,0,0,0,2,1
1117.91,1359,2,1,1,1,1,0,0
201.34,1654,0,1,0,0,0,15,0
1583.38,435,3,1,0,0,0,13,0
546.59,690,1,0,0,1,0,6,0
2605.22,1485,3,0,2,0,0,4,1
2199.95,308,3,2,2,0,0,15,0
4776.2,1697,4,0,0,0,0,5,0
2717.68,1119,5,0,0,0,0,2,0
3262.48,409,5,1,0,0,0,9,0
561.66,1904,5,1,0,1,0,12,0
2450.35,826,2,0,1,0,0,13,0
7851.43,1192,2,1,2,0,0,9,1
550.79,87,6,5,0,0,0,4,1
6632.51,1958,1,2,0,0,1,13,0
633.11,3,1,1,0,1,0,22,1
467.79,372,5,3,1,0,0,7,0
1474.69,1552,3,2,0,0,0,7,0
2243.76,642,3,1,0,0,0,18,0
2729.16,1047,3,0,1,0,1,4,1
419.15,98,2,1,1,0,0,5,0
1693.48,670,1,1,1,0,1,20,0
552.5,1775,1,0,0,0,1,4,0
247.42,1546,0,0,0,0,0,7,0
433.23,321,3,1,0,0,0,21,0
517.55,534,3,1,2,0,1,11,0
1847.51,820,4,0,0,0,0,0,0
3471.05,367,2,1,1,0,0,6,0
251.34,1208,5,0,0,0,0,2,0
1559.25,417,3,4,1,0,1,19,1
338.09,729,4,0,0,0,1,6,0
2057.17,1238,3,2,0,1,0,21,0
588.32,848,0,2,0,0,0,7,0
383.24,670,6,2,0,0,0,8,0
2439.78,1234,3,4,0,0,1,18,1
609.77,1944,1,0,2,0,0,23,0
799.54,133,3,0,1,0,0,13,0
119.11,53,5,0,1,0,0,17,0
2825.81,741,3,1,1,1,1,5,0
2492.17,695,6,0,0,0,0,8,0
1102.63,23,1,1,1,0,0,12,0
238.04,1130,1,1,0,0,1,5,0
3675.22,1627,0,0,1,0,0,15,0
563.26,1655,7,0,0,0,0,20,0
696.9,460,1,1,1,0,1,4,0
11070.55,650,3,1,1,0,0,21,0
542.6,482,4,0,1,0,0,2,0
2303.56,120,4,0,0,0,0,16,0
1923.87,673,3,1,1,0,0,20,0
1619.99,208,2,2,0,0,1,23,1
1453.89,1885,2,2,0,0,0,1,0
1597.81,318,2,1,1,1,0,23,0
1439.34,338,4,0,0,0,0,1,0
1041.15,155,5,3,2,0,0,9,1
4970.54,1799,5,2,1,0,0,4,0
295.11,868,3,0,2,0,0,5,0
3045.61,1179,5,1,1,0,0,9,1
2495.74,1866,1,1,2,0,0,19,0
2204.82,394,4,2,2,0,0,3,1
3350.88,505,3,1,1,0,0,7,0
999.65,971,0,2,1,0,1,8,0
169.19,313,3,0,0,0,0,17,0
1020.15,1822,3,0,0,0,0,6,0
407.0,1283,6,0,0,0,1,0,1
527.5,1181,8,0,0,0,0,12,0
316.58,14,2,0,0,0,0,7,0
680.38,77,2,3,0,0,0,23,0
603.88,1363,5,1,0,0,0,20,0
101.74,409,1,0,3,0,0,3,1
2208.84,394,5,1,1,0,0,17,0
10100.31,1871,1,1,0,0,0,11,0
2010.7,220,2,2,0,0,0,9,0
895.23,744,6,1,1,0,0,1,1
1038.21,433,2,0,0,1,0,7,0
719.83,806,1,1,0,0,1,7,0
1199.96,1479,0,0,1,0,1,7,0
1056.79,1678,4,2,0,1,0,11,1
472.93,1787,5,1,0,1,1,0,1
5901.07,1950,3,1,0,1,0,5,0
247.86,1832,0,0,2,0,0,18,0
2249.2,1164,4,2,1,0,0,0,1
991.09,988,4,1,0,1,1,7,1
7338.07,1522,5,3,2,0,1,0,1
1542.04,654,3,0,1,0,1,5,0
765.17,1665,6,3,1,0,1,6,0
856.02,1860,4,0,0,0,1,20,0
1141.28,817,5,1,1,0,1,22,0
349.75,1554,1,0,2,0,0,13,0
509.35,755,2,1,0,1,0,14,0
184.02,676,4,3,2,0,0,8,0
435.73,832,2,1,0,0,0,18,0
1204.6,1120,3,1,0,0,1,20,0
1480.56,28,1,1,2,0,0,17,0
151.51,988,3,0,1,1,0,21,0
956.03,1254,6,1,0,0,1,10,0
1926.4,416,3,1,1,0,0,4,0
931.77,1480,2,1,1,0,0,20,0
581.85,25,5,1,0,0,0,8,0
726.21,1711,3,0,0,0,0,11,0
638.57,1428,3,0,1,1,1,18,0
580.14,673,1,0,3,1,0,11,0
1304.82,542,2,2,0,0,0,1,0
11022.44,165,3,0,2,0,0,14,1
521.29,208,4,0,2,0,0,0,0
797.8,949,6,0,1,0,1,6,0
1041.38,985,1,0,1,0,0,15,0
551.5,614,1,0,2,0,0,22,0
3288.66,373,4,1,1,0,0,13,0
102.42,618,2,0,1,0,0,7,0
644.8,1866,6,3,0,1,0,20,0
2485.71,69,4,1,2,0,0,0,1
817.22,1544,6,1,1,0,0,15,1
482.59,1659,7,2,0,0,0,20,0
1704.04,1377,1,2,0,1,0,19,0
2714.45,101,5,1,1,0,1,2,1
1353.75,1,2,1,0,1,0,6,0
492.15,351,6,0,1,0,0,11,0
1730.57,7,7,0,1,0,0,12,0
733.59,318,3,0,2,0,0,16,0
2310.43,623,0,1,2,0,0,4,0
4833.18,1879,4,0,0,0,0,1,0
81.0,509,2,2,3,0,0,20,0
1225.45,186,5,0,0,1,1,11,0
193.3,728,5,2,0,1,0,19,0
12604.24,462,0,1,2,1,0,4,0
686.68,343,1,1,0,0,0,22,0
2313.17,635,3,0,2,0,1,10,1
1058.58,713,0,3,0,0,0,11,0
491.23,1032,3,0,1,0,0,5,0
436.13,576,8,0,0,0,0,8,0
5354.43,136,0,1,1,0,0,16,1
2852.46,1923,1,1,0,0,0,10,0
7658.6,383,3,2,0,0,1,11,0
1159.16,186,1,2,1,1,0,2,1
1462.52,639,6,1,0,0,0,13,1
839.5,928,6,1,1,0,0,22,0
822.97,1396,3,0,1,0,0,11,0
386.88,964,2,0,1,1,0,4,0
1192.74,561,4,5,2,0,0,11,1
498.08,1190,3,1,0,0,1,1,0
1706.0,898,3,1,0,1,0,3,1
1299.86,639,1,1,1,0,0,9,0
1462.18,1929,2,1,2,0,0,11,0
5855.46,1838,6,1,0,0,0,23,0
1056.04,321,6,1,0,0,0,0,0
2337.24,1713,3,3,0,1,0,19,0
8531.41,1739,5,1,2,0,0,7,0
4050.59,1181,4,1,3,0,0,6,0
3474.37,858,1,2,0,0,0,20,1
806.99,1755,7,2,0,0,0,8,0
1379.73,998,4,0,1,0,0,17,0
293.45,285,3,1,1,0,0,15,0
1806.08,1825,8,1,1,0,0,3,1
1442.97,1052,2,2,1,0,0,21,1
1122.58,351,2,0,0,1,0,13,0
3063.14,83,2,0,0,0,0,5,0
327.74,1648,2,0,0,0,0,23,0
5624.36,666,2,2,0,0,1,20,0
2702.05,1394,1,0,3,0,0,20,0
1021.85,541,2,0,0,0,0,19,0
945.08,1419,3,0,0,0,0,12,0
1773.32,480,1,0,1,0,0,13,0
5018.32,213,2,0,2,0,0,5,0
1213.92,1638,4,1,0,0,1,16,0
1266.52,930,2,2,0,0,0,3,0
1116.68,360,3,3,1,0,0,19,0
6516.05,214,5,0,0,0,0,3,1
758.33,304,3,1,0,0,0,15,0
1064.75,1179,2,0,0,1,1,12,0
4738.31,1404,7,1,3,0,1,21,1
1270.3,200,2,2,1,0,0,14,0
3418.85,1704,4,0,0,0,1,10,0
440.86,238,2,3,1,1,0,15,0
893.11,671,1,2,1,0,1,2,1
4838.86,1729,4,1,0,0,0,19,0
557.61,1191,1,1,0,1,0,11,0
942.66,1250,2,1,1,0,1,12,0
1417.55,879,4,2,0,0,1,4,1
407.83,251,3,0,2,0,0,9,0
725.01,1304,2,1,1,0,0,2,0
1227.38,476,3,0,0,0,1,3,0
1149.04,498,1,1,0,0,0,11,0
3945.58,1988,2,0,3,0,0,8,0
5122.8,978,7,0,1,0,0,6,1
465.87,1757,1,0,0,0,1,3,0
1225.7,1559,4,0,1,0,0,19,0
2152.21,997,1,1,4,0,0,10,1
4995.77,701,2,3,0,1,1,3,1
2249.56,1435,4,1,0,1,0,3,1
1466.91,784,3,2,0,1,0,1,0
2135.68,429,0,1,0,0,1,17,0
2151.17,539,2,1,1,0,0,5,1
433.67,1993,4,2,0,1,0,3,0
1329.82,901,3,1,0,0,0,10,0
4718.1,1467,5,3,0,0,0,7,0
891.27,968,4,0,0,0,0,11,0
1248.19,210,2,1,4,1,0,21,1
860.47,1571,7,0,1,0,0,7,0
108.43,1734,4,1,0,0,0,17,0
1119.45,491,1,0,1,1,0,19,0
1482.95,471,4,4,2,0,0,3,0
656.88,1710,4,0,0,0,0,2,0
345.63,1754,4,1,0,0,0,12,0
454.59,568,2,2,0,0,0,3,0
2354.74,1919,3,1,0,0,1,10,0
7883.48,664,1,1,0,0,0,18,0
4369.63,1930,3,0,2,1,1,7,1
285.9,1487,1,1,1,0,1,14,0
2577.63,550,4,2,0,0,0,0,0
565.01,1501,2,1,1,1,0,9,0
612.61,198,3,1,0,0,0,8,0
690.92,1968,4,0,0,1,0,8,0
2221.79,521,4,1,1,0,1,1,1
2861.94,1523,4,1,0,0,0,7,0
994.23,1535,4,0,1,0,0,2,0
1011.24,1714,2,1,0,0,0,21,0
1744.57,1349,5,0,1,1,1,8,0
1935.26,688,2,5,2,1,0,18,1
3555.41,1959,5,0,0,0,1,17,0
303.57,467,4,2,0,0,0,5,0
1118.82,1797,3,1,0,0,0,6,0
376.9,596,5,2,0,0,0,11,0
1042.17,139,4,0,0,0,1,18,0
874.65,1015,3,2,0,0,0,3,0
1046.55,242,3,1,0,0,0,5,0
492.88,316,4,2,0,0,1,9,0
247.82,667,1,0,0,0,0,13,0
135.04,733,3,0,3,0,0,7,0
961.81,135,2,1,1,0,0,6,0
712.66,1212,5,0,0,0,0,16,0
557.83,1714,3,1,0,0,1,22,1
4115.64,579,5,1,0,0,0,9,0
464.31,1093,2,0,0,1,0,5,0
4522.56,439,3,2,0,1,0,9,0
5562.73,77,4,0,0,0,0,13,0
155.88,400,3,1,3,0,0,14,0
1202.77,374,2,0,0,0,0,2,0
735.32,1036,3,3,2,0,0,16,0
59.63,1511,1,2,1,0,0,23,0
258.62,1819,3,2,1,1,0,4,1
2380.19,758,8,2,2,1,1,11,0
8260.16,749,4,1,0,0,1,9,0
2704.52,764,4,0,0,1,0,8,0
1515.7,417,2,0,0,0,1,16,0
1073.49,207,2,1,0,0,0,7,0
5899.74,341,1,0,0,0,0,9,0
9397.88,1644,4,1,1,0,1,21,0
609.82,721,1,0,0,0,0,7,0
148.42,311,4,0,1,0,1,0,1
134.53,1332,2,1,0,0,0,17,0
4112.89,1317,4,0,0,0,0,22,0
1046.22,625,5,0,1,1,0,21,0
1317.17,1400,2,0,2,0,0,14,0
182.97,1551,0,1,1,1,0,7,0
516.36,1364,2,2,1,0,1,18,1
816.09,83,5,1,0,0,0,20,0
1349.97,1601,3,3,2,0,1,1,1
736.13,1476,2,3,1,1,0,23,1
388.65,1027,7,2,0,0,0,6,1
500.41,1480,0,0,0,0,0,19,0
3671.38,873,1,1,1,0,0,1,0
1400.78,236,3,1,0,0,0,21,0
2022.64,389,2,0,0,0,0,22,0
446.36,393,2,2,1,0,0,4,1
57.18,1665,3,4,2,0,0,0,0
649.95,1783,5,0,0,0,1,20,0
461.01,747,0,1,1,0,0,14,0
1554.66,30,1,0,1,0,0,15,0
29311.16,1607,5,2,0,1,0,11,0
2197.7,982,1,1,2,0,0,22,0
16915.07,1172,4,1,4,0,0,13,0
1936.76,605,4,1,0,0,0,22,0
584.12,283,1,2,0,1,0,10,1
1552.96,1753,6,1,0,1,0,4,0
6507.03,238,1,0,0,0,1,11,0
6833.3,1763,0,2,0,1,0,17,0
616.87,731,6,0,1,1,0,4,1
1412.59,1343,5,2,1,0,0,22,0
262.63,1995,2,2,0,0,0,10,0
2501.56,1361,2,0,4,0,0,6,0
5184.12,31,3,1,0,1,1,14,1
1141.16,978,3,3,0,0,0,6,0
562.63,915,2,0,0,1,0,6,0
1572.04,1650,2,0,3,0,0,6,1
1664.8,1638,5,0,0,0,0,15,0
1189.33,1629,3,1,1,0,0,5,1
1311.22,207,4,1,2,0,0,10,0
921.67,1982,4,2,1,0,0,11,1
2968.92,903,5,1,1,0,1,9,0
2289.82,1253,0,2,0,0,0,23,0
410.3,1957,2,1,0,0,0,6,0
399.18,583,3,1,0,0,0,5,0
850.33,1366,4,2,0,0,1,12,1
2291.21,460,3,0,1,1,0,20,0
1271.63,136,3,1,1,0,1,18,0
576.43,1977,6,0,0,0,1,0,0
1424.42,978,4,1,0,0,0,12,0
787.76,284,1,0,2,1,0,2,1
2645.16,850,4,2,0,1,1,8,1
1530.05,351,8,0,0,0,0,16,0
800.09,17,5,0,1,0,1,13,0
1382.32,1239,2,1,1,1,0,11,0
4084.88,1419,3,1,0,0,1,10,1
620.4,1423,6,1,0,0,0,5,0
1640.34,414,3,3,2,0,0,13,0
1022.02,1268,2,2,1,0,0,16,0
1680.73,1119,2,0,0,0,0,14,0
569.89,1657,2,1,0,1,0,7,0
1224.56,6,3,1,1,1,1,0,1
3320.34,780,3,3,0,0,0,12,0
429.66,87,2,0,1,0,0,0,1
290.21,189,2,1,0,0,0,10,0
301.43,1639,4,1,3,0,0,6,0
340.13,1640,3,1,0,0,0,21,0
1988.87,420,4,1,0,0,0,20,0
268.85,1827,1,2,2,0,0,9,0
814.12,1091,3,1,0,0,0,3,1
2035.08,1642,2,2,0,0,0,9,0
1663.47,248,4,2,1,1,1,21,1
745.79,860,0,0,0,0,0,15,0
1327.33,207,3,1,3,0,0,11,0
1220.66,1229,4,3,3,0,0,7,0
876.34,1343,4,1,0,0,0,2,1
888.17,1107,1,0,0,0,0,2,0
10254.04,424,4,2,2,0,0,6,0
2463.43,1106,1,0,1,0,0,23,0
13103.71,1823,3,2,1,0,0,9,0
667.16,549,0,0,2,0,0,12,0
1007.3,1749,4,1,0,1,0,11,0
289.42,487,2,3,0,0,0,14,0
488.06,133,2,0,0,1,0,23,0
7346.01,115,1,0,0,1,0,21,0
650.65,377,5,0,3,0,1,22,1
7474.72,977,4,3,1,0,1,23,1
316.28,211,8,2,0,1,0,22,1
382.42,132,6,0,1,0,0,19,0
779.59,1398,2,3,0,1,0,6,0
1028.9,154,4,1,0,0,0,19,0
2760.28,920,0,0,2,1,0,10,0
1721.19,1447,4,2,3,0,0,17,0
723.2,952,1,2,1,0,1,18,0
959.76,1974,5,0,0,0,1,21,0
797.07,806,6,2,2,1,0,14,0
439.37,1390,2,0,0,0,1,15,1
451.26,1718,2,1,0,0,1,20,0
3065.25,147,4,0,1,0,0,14,0
176.24,1758,6,1,1,1,0,19,0
5526.77,1818,3,2,1,1,0,19,1
778.22,1151,6,1,1,0,1,11,0
506.48,1332,2,0,1,1,0,1,0
2297.92,715,1,0,1,0,0,20,0
4842.65,1142,4,0,0,0,1,9,0
3353.07,1597,3,2,0,0,1,9,1
1811.39,231,3,3,0,0,0,17,0
3251.47,451,3,2,3,0,0,6,1
197.06,1524,3,2,0,1,0,17,0
650.78,1686,7,1,0,1,0,11,0
440.91,1169,3,1,0,1,1,1,1
3731.77,907,1,0,1,0,0,1,1
747.34,1647,3,6,0,0,0,13,0
2553.98,1703,3,1,0,0,0,20,0
1874.05,1725,1,2,0,0,0,16,0
462.98,1073,2,1,1,0,0,10,0
609.75,107,3,1,0,1,0,17,0
3999.07,93,0,0,0,0,0,14,0
504.98,1660,3,1,1,0,1,11,0
1242.48,829,0,0,1,0,0,8,0
501.43,140,2,0,1,1,0,19,0
801.15,1933,4,1,1,0,0,21,0
1047.16,1338,3,1,0,0,1,20,0
501.26,11,1,1,0,0,1,10,1
419.71,448,3,0,0,0,0,0,0
1460.12,927,1,0,1,0,0,22,0
471.19,395,7,1,1,1,0,22,1
487.53,1529,4,2,0,0,0,2,0
428.78,378,3,2,3,0,0,16,1
1014.44,361,3,3,0,0,0,4,0
2817.77,683,2,0,1,0,0,19,0
4946.96,1017,0,2,2,0,1,19,1
530.64,1572,2,1,0,0,0,22,0
9417.37,642,2,1,1,0,0,4,1
401.54,1879,3,2,0,0,1,23,0
3240.71,573,2,5,0,1,0,3,0
532.88,1956,3,1,1,0,0,10,0
459.01,1870,2,1,1,0,0,15,0
520.74,997,3,0,1,0,1,2,0
1040.6,1585,0,0,1,0,1,23,0
1958.57,923,3,1,0,1,0,16,0
2142.8,396,3,1,1,1,1,9,1
426.67,186,7,1,1,1,0,21,0
407.62,1245,2,0,2,0,0,15,0
438.5,1542,1,0,1,0,0,13,0
981.07,1324,1,0,0,1,1,2,1
888.78,1199,3,3,0,0,0,5,0
424.04,1815,1,1,0,1,0,3,0
1435.98,371,3,1,1,0,1,17,0
10536.16,1994,4,0,0,0,0,11,0
662.01,1890,4,1,0,0,0,5,0
710.87,1533,3,3,0,0,0,6,1
1919.2,1900,2,1,4,0,0,11,1
627.15,1228,5,1,1,0,0,19,0
2140.86,608,3,0,0,1,0,3,1
534.57,282,4,0,0,0,0,13,0
6850.79,1671,2,0,0,0,0,14,0
1548.09,1440,3,0,1,0,1,14,0
589.91,1057,2,0,0,0,0,2,0
608.69,82,1,0,0,0,1,17,0
656.03,1507,5,1,2,0,0,6,1
4327.52,148,2,0,2,0,0,3,1
308.35,1631,2,1,0,0,1,23,0
562.31,965,4,2,3,0,1,17,1
625.37,992,3,1,1,0,0,17,0
1079.56,948,0,2,2,0,1,5,1
836.22,495,4,1,3,0,0,17,1
246.85,1194,6,1,1,0,0,14,0
735.23,723,0,1,2,0,0,10,0
992.72,1921,1,0,0,1,0,22,0
585.17,703,3,0,2,0,0,11,0
2179.34,1031,4,1,1,0,1,13,0
2750.14,1404,1,1,2,0,0,4,0
1013.95,826,8,3,2,1,0,13,1
1380.97,1878,2,0,0,0,0,19,0
126.34,434,5,1,0,0,0,6,0
719.75,1058,5,1,0,0,0,14,0
2995.37,563,4,1,0,0,1,9,0
718.07,1656,2,2,1,1,0,13,0
524.65,138,1,2,2,0,0,15,0
10696.68,367,2,4,0,0,1,1,1
6762.02,106,2,0,0,0,1,11,0
1750.36,794,2,1,0,0,0,1,1
3425.18,1056,3,2,2,0,1,4,1
118.4,636,2,1,0,0,1,3,0
498.92,1706,3,1,0,0,0,5,0
685.43,987,3,1,2,0,0,3,1
866.12,958,5,0,0,1,0,21,1
671.86,1548,4,2,3,0,0,20,1
85.62,1192,1,1,3,1,1,6,1
1613.28,855,3,0,1,1,0,22,0
1888.72,78,5,1,0,0,0,15,0
5441.98,1570,4,4,1,0,1,22,1
498.54,209,3,2,0,0,0,13,0
459.36,1862,4,1,1,0,0,23,0
75.19,1435,6,2,1,0,0,8,0
817.65,8,1,3,0,0,0,13,0
2700.28,737,1,0,1,0,0,17,0
594.8,227,4,2,0,0,0,22,0
9352.93,175,1,3,1,0,0,9,0
848.44,81,0,2,2,0,0,0,0
1270.28,1818,4,0,1,0,0,13,0
280.59,1081,1,2,1,0,0,20,0
1461.5,1159,2,0,2,0,0,20,0
151.51,238,3,1,1,1,0,6,0
2194.47,1496,2,0,2,1,1,15,1
2262.96,1241,2,1,0,0,0,16,0
4269.67,1763,2,2,1,0,0,7,0
395.45,1050,2,1,3,0,0,0,0
1287.63,187,2,1,0,1,1,15,0
1927.19,1906,5,0,0,0,0,4,0
1706.64,630,1,2,0,0,0,13,0
461.6,1733,3,0,0,0,0,14,0
100.29,1140,3,0,0,1,0,18,0
1551.47,1014,0,0,1,1,1,8,0
941.52,815,2,2,1,0,0,23,0
622.24,614,6,0,1,1,0,1,1
2354.17,892,3,1,1,1,0,2,1
1048.46,1187,1,1,0,0,1,23,0
293.19,1438,5,0,1,0,0,19,1
158.94,178,2,1,0,0,0,12,0
354.62,985,3,0,1,1,0,7,0
12004.21,280,1,0,1,0,1,10,0
2259.22,798,4,0,1,0,0,16,0
1324.26,1236,1,1,1,0,0,17,0
914.46,1078,3,0,0,0,0,20,0
856.29,67,5,1,1,0,0,10,1
3523.45,544,0,1,0,0,0,5,0
671.43,1787,3,1,2,0,0,23,0
1952.61,520,5,2,1,0,0,12,0
774.0,499,6,1,0,1,0,15,0
7632.39,946,3,2,2,0,0,9,1
2303.74,1455,1,1,0,1,0,7,0
3810.66,727,3,0,1,0,0,22,0
611.3,1070,4,1,0,0,0,23,0
3159.4,1616,3,1,1,0,0,0,0
802.25,1059,3,3,0,0,0,14,1
1224.19,189,2,1,0,0,1,23,0
5625.4,1113,4,1,1,0,1,14,0
386.54,1359,4,1,0,0,1,18,0
1343.79,947,1,2,1,0,0,21,0
1699.36,1983,1,2,1,1,1,0,1
1844.58,136,1,2,2,0,0,6,0
698.7,546,0,1,0,0,0,5,0
8833.12,793,3,1,1,0,1,18,0
300.39,1137,8,2,1,1,0,18,0
4716.8,1196,1,2,0,0,0,0,0
3696.22,1363,5,1,0,0,0,18,0
7338.49,555,0,2,1,0,0,12,0
224.03,894,3,0,0,1,1,8,1
459.97,946,2,1,0,0,0,18,0
4875.33,525,6,0,2,0,1,4,1
167.83,174,3,0,0,1,0,8,0
219.98,637,3,0,1,0,0,1,0
672.96,1356,1,1,1,0,0,20,0
1328.75,207,3,0,1,0,0,4,1
5389.59,1367,0,0,0,0,1,8,0
911.17,949,4,0,0,0,0,13,0
596.91,1983,3,1,0,0,0,16,0
1497.26,104,4,1,1,0,0,1,0
1753.9,1666,5,1,1,0,0,13,0
1704.86,1064,7,2,1,1,0,18,0
917.83,1047,2,1,1,0,0,19,0
155.23,1276,4,0,1,1,1,4,1
438.07,1979,2,2,2,1,0,3,1
4538.13,1861,1,5,1,0,0,5,0
1322.22,290,1,1,0,1,1,16,0
794.31,1226,3,1,1,0,0,20,0
3354.87,1179,2,1,2,0,0,18,0
354.21,567,2,2,1,0,0,19,0
875.37,1130,5,4,1,0,0,4,1
1258.6,1284,4,1,0,1,1,9,0
705.3,964,5,0,0,0,0,10,1
1212.89,1224,3,3,1,0,0,19,0
908.96,838,2,0,2,1,0,0,1
270.6,1241,4,1,0,0,1,0,1
1314.85,411,4,2,1,0,1,6,1
290.51,1583,3,0,1,0,0,23,1
1294.16,882,2,0,0,1,0,7,0
4333.52,1141,5,2,2,0,0,18,0
827.97,886,4,0,0,0,0,0,1
339.85,424,2,3,0,0,1,14,0
965.85,1236,4,2,0,0,0,13,0
477.24,155,2,1,1,1,0,16,1
1987.25,1287,5,2,1,1,0,12,0
945.78,1531,1,0,1,0,0,22,0
6061.81,151,5,1,2,0,0,4,0
3508.66,212,2,0,1,0,0,7,0
940.98,1216,4,2,1,1,0,6,0
2243.09,881,2,0,1,0,0,4,0
740.08,755,1,1,1,0,1,9,0
1134.51,1122,1,0,0,0,0,19,0
764.0,541,1,0,1,0,0,12,0
2360.09,701,3,2,2,0,0,8,0
4596.21,172,3,0,2,1,0,15,1
2437.31,371,4,1,1,0,0,13,0
2757.11,1733,3,2,0,1,0,5,0
2760.13,1179,2,0,1,0,0,20,0
1903.13,1164,5,2,1,1,1,4,1
350.97,913,5,0,0,0,0,9,0
6008.75,1829,2,2,2,0,0,19,0
6663.57,802,3,3,1,0,1,12,1
867.94,256,2,0,1,0,0,1,0
756.95,990,1,0,1,0,0,14,0
2023.15,676,4,1,1,0,1,10,1
1902.29,1670,0,1,0,0,0,13,0
896.1,864,2,1,0,0,0,21,0
314.18,416,3,2,0,0,0,7,0
1488.76,329,6,0,0,1,0,17,0
1903.48,1402,1,1,2,1,0,12,0
2266.11,918,5,0,0,0,0,10,0
1555.1,1290,4,0,1,0,0,11,0
836.21,1565,1,1,3,0,0,0,0
2963.13,1163,4,1,1,0,1,12,0
1171.28,1884,1,1,0,0,0,5,0
688.89,962,3,1,5,0,1,12,0
915.39,824,6,0,3,0,0,11,0
191.34,1621,6,1,0,1,0,11,0
913.93,1536,3,3,0,0,0,19,0
2182.96,249,3,0,2,0,1,17,0
1540.38,1887,3,0,2,0,1,15,0
5017.39,1850,2,0,0,1,0,18,0
843.05,745,4,1,1,1,0,2,1
1785.25,308,8,0,1,0,0,3,0
2422.95,573,1,0,1,0,0,22,0
11416.98,1809,3,0,0,0,0,16,0
1267.45,1243,6,0,0,0,0,4,0
385.99,798,4,3,1,0,0,20,0
2560.43,1001,2,3,0,0,0,4,0
7084.94,761,1,0,0,0,0,3,0
794.29,1608,0,1,1,0,1,11,0
2542.95,293,4,0,1,0,1,9,0
3747.06,1925,3,0,2,1,0,7,0
3032.27,410,4,2,1,0,0,9,0
1243.34,198,2,1,1,0,0,20,0
545.4,80,1,3,2,0,0,22,0
1011.03,1409,5,0,0,0,0,15,0
1734.72,137,3,2,0,0,0,12,0
2719.55,213,5,0,0,1,1,11,0
1531.41,1863,1,0,1,0,0,10,0
750.01,619,1,2,1,1,0,0,1
1911.0,960,1,1,0,0,0,10,0
2591.74,1231,3,0,2,0,1,1,1
1602.96,1688,3,2,1,0,0,11,0
475.24,1157,1,0,2,0,1,17,0
914.7,1971,6,0,1,1,0,2,0
2829.4,166,5,1,0,1,1,2,1
275.06,1527,4,0,1,1,0,13,0
135.21,1949,4,2,1,1,1,17,0
4954.66,430,1,1,3,0,1,17,0
1828.8,1204,2,2,0,0,0,19,0
2011.69,121,5,1,0,1,1,18,0
373.6,1198,1,1,0,0,0,7,0
2292.8,331,1,2,0,0,0,13,0
1444.11,1092,7,1,3,1,0,5,0
224.9,1723,2,0,2,0,1,2,1
4556.38,1162,4,0,0,0,0,4,0
1285.22,1890,2,0,1,0,0,14,0
737.98,1924,5,2,0,0,0,19,0
751.45,1332,3,1,1,0,0,0,1
146.17,1354,3,2,1,0,0,12,0
1984.93,1262,6,0,0,0,0,4,0
1424.9,1554,2,0,0,1,0,22,0
903.18,1100,2,0,0,0,0,7,0
3938.22,1971,2,1,0,0,1,12,1
274.83,1175,6,2,2,0,0,1,1
603.79,620,4,2,0,0,1,21,0
468.71,1689,3,3,0,0,0,0,0
829.82,1340,2,0,0,0,0,19,0
1173.18,37,2,0,1,0,0,17,0
1685.83,964,5,1,1,1,0,3,1
775.13,845,2,3,0,0,1,4,1
456.07,1682,2,0,1,1,0,0,0
5919.5,1150,2,2,0,0,0,18,0
12229.91,797,4,3,1,0,0,3,1
1265.58,1644,4,2,0,0,0,4,0
514.51,286,3,0,1,0,1,3,1
4795.6,1264,3,0,2,0,0,8,0
258.07,887,4,1,0,0,0,3,0
784.64,1638,4,1,0,0,0,3,0
546.69,220,4,0,0,0,0,23,0
343.94,1031,4,1,1,0,0,4,1
828.8,216,2,0,1,0,0,19,0
462.12,681,3,1,1,0,1,10,0
1110.6,1610,2,0,0,0,0,20,0
1126.85,293,4,1,4,0,0,7,0
589.14,1563,2,0,2,0,0,13,0
757.09,1813,1,0,0,0,0,16,0
870.57,1508,1,2,1,1,0,15,0
2464.75,43,4,0,1,0,0,2,0
945.36,1331,5,1,2,0,1,3,1
2501.64,1117,3,0,0,0,1,15,0
1970.05,1607,3,0,0,0,0,5,0
1942.11,1293,7,3,1,0,0,0,1
4393.34,1645,7,2,1,0,0,4,0
358.03,693,1,0,0,0,0,16,0
683.22,1239,4,0,0,0,0,13,0
6395.17,959,2,0,0,0,0,4,0
847.83,114,2,0,2,0,0,6,0
65.69,1209,3,1,0,0,0,20,0
895.19,921,3,0,2,0,0,12,0
1255.06,1149,1,2,0,1,0,14,0
80.07,1129,4,0,0,1,0,11,0
4162.77,237,1,2,1,1,0,6,0
537.16,653,2,1,1,0,0,2,0
1523.19,1829,0,2,1,1,0,6,0
874.82,158,4,1,1,0,1,22,0
302.37,1498,5,2,1,0,0,10,0
375.96,908,3,0,1,0,1,13,1
430.49,1529,2,0,0,1,0,15,1
3247.6,961,3,2,0,1,0,9,1
946.21,1298,5,0,0,0,0,7,0
650.76,1914,5,0,0,0,0,13,0
430.69,853,5,0,0,0,1,17,0
3626.96,1141,2,1,1,0,0,10,0
4741.94,886,3,2,2,0,0,17,0
3585.83,1598,4,0,0,0,1,10,0
1794.42,1560,2,1,0,0,0,5,0
1465.32,60,1,2,1,0,1,0,1
325.08,401,6,0,2,0,0,19,0
857.64,1898,3,0,1,0,1,13,0
553.43,828,2,1,2,0,0,15,0
176.71,1801,4,0,1,0,0,4,1
3155.95,1204,4,1,0,0,0,4,0
546.85,1256,5,1,0,0,0,18,0
3626.2,476,3,0,0,0,0,0,0
2648.49,655,2,2,0,1,0,7,1
1913.55,845,5,1,2,0,0,16,0
2024.11,924,4,0,1,0,1,9,1
592.7,1269,5,0,0,0,0,6,0
7029.35,1617,4,1,1,0,0,22,0
1144.96,638,2,0,2,0,0,4,0
1483.16,649,3,0,0,0,0,3,1
573.02,1592,2,1,0,0,0,20,0
432.18,213,2,2,0,0,0,7,0
1767.46,1630,0,2,1,0,1,6,1
1363.1,1919,1,3,0,0,0,5,1
498.02,1483,4,0,1,0,0,16,0
260.23,990,6,0,1,0,0,3,0
307.99,804,2,1,3,0,0,8,0
3626.9,128,3,0,1,1,1,9,0
593.92,952,5,2,1,0,0,2,0
781.4,217,3,0,1,0,0,7,0
4676.66,711,4,1,0,1,0,17,0
357.04,20,6,0,1,0,0,2,1
530.07,1591,5,0,0,1,0,16,0
508.38,1782,3,1,1,0,0,6,0
5530.69,1787,7,0,0,1,1,18,0
8049.65,1084,0,0,1,1,1,2,0
2325.2,675,1,1,0,0,0,4,0
2400.39,714,2,3,2,0,0,21,0
613.79,739,3,0,0,0,0,18,0
7687.33,1153,5,3,2,0,0,22,0
1433.24,1998,3,2,1,0,0,19,1
2573.73,557,4,1,1,0,0,19,0
986.81,197,5,0,0,0,0,8,0
838.8,936,1,0,0,0,0,14,0
5785.11,1516,1,1,3,0,0,4,1
1881.31,678,1,0,1,0,0,12,0
4681.51,504,8,1,0,1,0,9,0
1415.63,1271,1,2,1,0,0,17,0
469.48,738,4,0,2,1,0,15,0
611.95,792,3,1,1,0,0,20,0
1215.57,1284,1,2,0,0,0,21,0
586.11,1371,0,2,1,0,0,15,0
362.32,197,2,1,2,1,1,10,0
3646.11,1131,1,3,1,1,1,14,0
635.96,781,4,0,2,0,1,12,0
1259.15,744,4,0,1,0,0,19,0
1474.59,1941,5,0,0,0,0,1,0
609.02,1637,0,2,1,0,0,18,0
4678.81,1184,5,0,0,0,0,5,0
358.83,422,3,1,1,0,1,11,0
1424.57,1631,4,0,1,0,1,3,1
1402.65,1952,6,0,1,1,0,19,0
1038.72,1231,6,0,1,0,0,3,0
299.79,1337,0,1,0,0,0,2,0
2619.71,432,1,2,1,0,0,20,0
2306.56,926,0,1,1,0,1,0,0
558.04,235,3,2,1,0,0,20,0
2224.94,327,6,0,1,1,0,5,1
1595.44,934,4,1,0,1,0,22,0
304.72,479,1,1,0,1,0,16,0
466.88,428,3,0,1,0,0,5,0
3423.03,666,2,1,0,0,0,20,0
1494.3,1124,5,1,4,0,0,15,0
623.72,1262,5,1,0,1,0,11,0
464.76,1131,3,2,1,0,0,0,0
654.98,858,3,1,0,0,0,4,0
703.12,1388,1,0,1,0,0,8,0
470.61,642,0,2,1,0,0,17,0
192.14,811,3,1,1,1,0,21,0
3428.96,1517,4,1,0,0,0,11,0
2894.69,1067,1,2,1,0,0,14,0
306.97,575,6,0,0,0,1,4,0
1256.78,1097,5,5,1,0,0,21,0
444.86,1722,2,1,0,0,0,7,0
844.24,1019,1,0,1,0,0,9,0
776.84,1653,2,1,3,1,0,7,1
714.92,1328,2,1,0,1,0,2,0
8127.0,1029,0,1,0,0,0,7,0
706.04,1612,3,1,1,1,0,23,0
488.69,803,1,2,0,0,1,12,0
511.54,1373,2,2,0,1,0,22,0
3114.35,400,5,2,0,0,1,20,0
210.17,595,3,1,1,0,1,2,1
511.52,1457,3,1,1,1,1,2,0
4660.24,1596,5,2,0,0,0,3,0
1399.66,1131,3,3,2,0,1,14,0
1328.65,117,3,0,0,1,0,10,0
9247.85,1843,2,3,2,0,1,1,1
1402.97,383,2,1,1,0,0,2,0
540.13,859,4,1,0,1,1,6,1
827.1,82,2,1,0,0,0,5,0
352.33,1851,2,1,0,0,0,12,0
3850.42,832,3,1,0,0,1,4,0
1948.01,873,5,0,0,0,1,18,0
3375.89,653,3,3,1,0,0,16,0
3688.53,734,2,1,1,0,0,8,0
724.72,1434,4,1,0,0,0,1,0
426.34,70,2,1,1,0,1,3,0
1041.36,387,1,0,0,0,0,9,0
458.17,524,3,0,0,0,1,20,0
1293.31,297,1,1,5,0,0,1,1
3401.93,617,1,2,0,0,0,10,0
926.91,719,2,1,1,0,0,8,1
1274.1,1089,2,2,0,0,0,18,0
998.4,1599,5,1,1,0,0,2,0
2447.27,178,3,6,1,1,0,15,1
562.4,1967,2,0,0,0,0,3,0
121.94,1032,3,1,0,0,1,18,0
1756.13,1183,5,2,1,0,0,5,0
2944.91,11,2,0,0,0,0,11,1
1713.64,785,1,2,1,1,0,22,0
578.11,411,2,2,0,0,1,20,0
352.48,892,5,1,1,1,0,23,0
1798.12,607,1,1,0,1,0,18,0
1263.3,155,1,0,0,0,0,21,1
967.01,1230,4,1,0,0,0,2,0
6784.96,1139,2,1,1,0,0,5,0
425.47,1403,3,1,2,0,1,22,1
6470.68,599,2,1,2,0,0,2,0
1132.05,824,4,2,2,0,1,12,1
174.94,1733,2,5,2,0,0,2,1
916.72,350,3,2,0,0,0,10,0
2862.63,1122,4,1,1,0,0,14,0
761.24,943,2,3,1,1,0,13,0
250.94,19,2,2,1,0,1,11,1
930.28,313,2,1,1,0,0,8,0
465.37,927,6,0,0,0,0,2,0
1793.3,528,1,1,1,0,0,11,0
2376.54,557,3,1,0,0,0,20,0
381.35,1691,3,1,0,1,0,1,0
541.42,445,5,3,3,0,1,1,1
2337.04,1946,1,3,1,0,0,6,0
464.59,231,3,0,0,0,0,5,0
371.61,1693,3,1,1,0,1,2,0
337.41,625,2,2,0,1,0,14,0
1559.37,1011,0,0,2,0,0,17,0
1493.92,889,5,2,0,0,0,2,0
553.33,359,4,0,1,1,1,4,1
1102.22,1407,0,0,0,0,0,0,0
5049.94,1536,1,1,1,0,0,1,0
414.03,44,2,1,0,0,0,17,0
155.75,1389,3,2,2,1,0,11,1
1728.61,1949,3,1,0,1,0,16,0
982.01,877,4,2,1,0,0,7,0
539.14,1646,2,0,1,1,1,9,0
2105.02,1135,3,0,1,0,0,19,0
2538.24,223,1,0,0,0,0,13,0
120.51,1410,3,2,3,0,0,11,1
571.01,902,4,1,0,0,0,17,1
11131.3,1289,1,0,1,0,0,7,0
1965.31,271,2,0,0,1,0,12,0
2156.2,212,0,2,1,1,0,13,0
3543.59,1520,4,0,2,0,1,5,0
1115.51,1338,4,1,1,0,0,6,0
2432.52,1794,4,2,1,0,0,20,0
2248.6,1411,3,0,1,0,0,22,0
1880.03,247,2,1,2,1,0,21,0
794.72,948,3,1,0,0,1,11,0
1302.52,1591,4,3,0,0,0,18,0
608.89,821,1,1,1,0,0,15,0
1110.78,1374,3,2,1,1,0,17,0
340.87,72,1,1,0,0,0,16,1
497.39,1320,4,3,0,1,0,0,0
826.9,1237,6,2,0,0,0,6,0
426.79,295,2,0,0,0,0,8,0
661.81,171,3,0,3,0,0,15,0
930.83,246,1,1,0,0,0,17,0
1639.69,1165,1,0,2,0,0,20,0
2833.47,1640,5,1,0,0,0,16,1
689.67,617,3,2,1,0,0,6,0
4167.64,240,5,1,0,0,1,7,0
2803.46,1957,1,1,2,0,0,12,1
1815.46,311,6,2,1,0,1,11,0
1278.76,1440,1,2,0,0,1,7,0
1508.88,398,4,0,1,0,0,3,0
3594.11,1857,9,1,0,0,1,4,1
3727.82,923,2,0,2,0,1,16,0
4166.98,792,1,3,0,0,0,14,0
1142.9,1907,4,2,0,1,0,19,1
1910.21,1905,0,1,1,0,0,0,0
4202.97,22,5,1,0,0,1,10,0
587.74,1102,1,0,2,0,0,5,0
797.58,813,5,1,1,0,0,16,0
1114.36,904,1,1,0,0,0,6,0
2696.2,1499,6,1,0,0,0,6,0
2738.52,1731,4,0,0,0,0,9,0
870.56,832,3,0,0,0,0,8,0
242.59,1377,4,1,0,1,0,22,1
1402.74,1395,3,0,2,0,0,23,0
437.77,1967,3,0,0,0,1,23,0
247.17,1045,5,3,0,0,0,2,0
309.86,507,5,0,0,0,0,6,0
1519.87,160,4,1,0,0,0,9,0
4277.13,744,2,0,1,0,0,22,0
1140.13,1385,4,1,1,0,0,1,0
1354.76,813,2,0,2,1,0,18,0
3579.2,1580,1,0,2,0,0,19,0
234.05,1321,7,0,2,1,0,11,0
1844.89,1376,1,0,0,0,1,10,0
1084.0,180,1,0,2,0,0,16,0
1931.51,1496,6,2,2,0,1,13,1
676.22,1419,8,0,1,0,0,16,0
483.99,1637,0,1,0,0,0,7,0
1262.07,1651,3,1,0,0,0,18,0
5705.53,213,0,1,1,0,1,22,1
2593.88,530,3,2,1,1,1,17,0
660.04,1419,2,1,0,0,0,5,0
286.87,27,3,0,2,0,0,2,1
203.96,939,2,0,0,0,0,18,0
4089.18,870,3,0,1,1,1,3,1
421.96,1473,3,0,1,0,1,21,0
791.94,438,2,1,0,0,0,0,0
4110.13,285,3,1,2,0,0,12,0
218.35,661,5,0,1,0,0,20,0
4876.9,1821,6,4,0,0,0,2,1
850.96,649,1,1,0,0,0,19,0
347.73,189,4,0,0,0,0,12,0
856.32,1726,3,0,1,0,0,23,0
532.4,1223,4,0,0,0,0,15,0
1704.15,1126,7,1,1,0,0,21,0
573.56,479,3,1,1,0,0,17,0
162.12,603,4,2,0,1,0,3,0
879.57,1015,7,0,0,0,1,1,0
282.44,1248,3,0,0,0,0,4,0
1345.23,517,3,2,2,0,0,17,0
334.58,1889,2,2,0,0,0,6,0
673.16,1551,3,1,0,0,0,7,0
1316.31,1465,2,2,1,0,0,11,0
886.73,1541,1,2,1,0,1,0,1
1408.71,916,6,1,1,0,0,22,0
2165.24,230,4,1,2,0,0,4,1
344.49,869,4,1,1,0,0,20,0
1028.24,1873,3,1,0,0,0,10,0
50.0,1138,0,1,0,0,0,7,0
1404.35,1540,3,0,0,0,1,11,0
811.74,1208,5,0,0,0,0,13,0
410.16,1749,1,0,1,0,1,15,0
1503.75,759,2,1,1,1,1,0,1
3542.89,34,4,2,0,0,0,9,0
681.29,296,1,2,0,0,1,4,0
426.32,453,1,0,0,0,0,3,0
1293.39,1732,6,1,1,0,0,2,0
288.41,1529,1,1,1,0,0,4,1
566.58,1430,6,2,2,1,0,17,0
3723.44,1151,3,1,0,0,0,3,0
1166.99,142,2,0,0,0,0,22,0
167.42,1988,4,1,1,0,0,18,0
181.82,648,2,1,2,0,0,11,0
1289.6,128,1,1,1,0,1,6,1
2597.72,835,4,0,1,0,0,0,0
217.54,1710,2,0,1,0,0,21,0
1719.37,925,0,0,2,0,1,14,0
4147.84,730,4,2,2,0,0,3,1
7243.49,1650,3,1,0,0,0,20,0
1527.25,1911,7,2,0,0,0,3,0
1820.38,1374,1,1,1,0,0,9,0
129.91,1548,3,1,0,0,1,15,0
8953.08,463,5,1,0,0,0,15,0
616.78,1268,2,3,1,1,0,22,0
431.18,564,0,4,0,0,0,22,0
849.62,1210,2,1,0,0,0,2,0
4972.48,1257,3,0,0,0,0,8,0
9977.08,514,2,0,0,0,0,7,0
1243.16,1,2,2,3,0,1,19,1
2975.25,1263,3,1,0,1,1,14,1
1145.05,1079,6,3,0,0,0,15,0
388.47,1519,2,2,0,1,0,4,1
4801.79,1756,2,0,0,1,0,14,0
588.67,1640,0,0,2,1,0,4,1
5092.53,1891,1,0,1,0,1,21,1
4018.01,1442,2,2,0,0,0,3,0
2026.44,1472,5,0,0,0,0,13,0
6829.28,1860,2,1,1,0,0,17,0
10222.5,338,6,1,2,0,0,7,0
920.35,908,5,1,1,0,0,22,0
488.43,818,5,0,3,0,0,4,0
169.99,1301,4,0,0,1,0,5,0
10349.38,1034,2,1,2,1,1,8,1
706.5,1365,1,0,0,0,0,22,0
3411.94,1128,2,1,0,0,0,21,0
522.56,345,4,4,2,0,0,11,1
5106.48,1394,3,1,0,0,0,0,1
544.51,977,5,3,0,0,0,8,0
333.05,883,3,1,1,0,0,21,0
890.24,198,1,1,1,0,1,6,0
644.34,1038,4,2,0,0,0,20,0
1990.82,1704,3,0,0,0,0,11,0
1041.7,872,3,0,1,0,0,1,0
2054.32,1362,4,0,1,0,0,4,0
819.73,542,4,2,3,0,0,20,0
563.91,457,0,0,2,0,0,12,1
611.82,1550,2,1,0,0,0,0,0
8475.53,750,5,0,1,0,0,15,1
1373.57,1460,2,1,1,0,0,17,0
150.84,366,3,0,0,0,0,14,0
651.83,401,5,1,0,0,0,7,0
1208.17,574,5,2,0,0,0,19,0
6942.38,482,1,1,2,0,1,8,0
3067.75,110,2,2,1,1,1,16,1
436.28,1019,4,1,0,0,0,17,0
12312.32,406,4,0,2,0,0,4,0
1062.99,309,2,0,2,0,0,16,0
3813.6,160,1,2,0,0,0,21,0
345.5,844,3,1,0,0,1,15,0
99.67,55,1,0,0,1,1,4,0
268.16,761,4,0,0,0,0,19,0
50.0,256,4,0,0,0,0,11,0
9064.21,534,6,2,1,0,0,1,1
1359.04,422,1,0,1,0,1,4,1
435.0,946,3,0,0,1,0,11,0
1724.38,1639,2,4,2,1,1,8,0
1325.22,962,2,2,3,0,0,15,1
2040.47,813,5,2,0,1,1,23,1
3675.82,887,3,1,0,0,1,16,0
820.64,264,2,2,2,0,0,15,0
454.94,748,3,1,0,0,0,7,0
2509.34,833,3,1,1,0,0,22,0
2446.3,233,0,0,1,0,0,19,0
1212.86,680,5,0,0,1,0,9,0
9677.45,233,4,1,2,0,1,14,0
707.81,1541,2,1,2,0,0,19,0
445.92,1069,2,0,0,0,0,12,0
1665.85,558,5,0,1,0,0,11,0
558.39,1700,5,0,0,0,1,12,1
1799.95,913,5,2,1,0,0,23,0
476.75,681,3,1,0,1,0,15,0
734.92,1950,6,0,0,0,0,10,0
7265.12,1460,5,0,3,0,0,19,0
731.0,335,2,0,1,0,0,10,0
493.32,404,2,1,0,0,0,2,0
3535.74,1188,3,0,1,1,0,9,0
383.35,256,1,1,2,0,0,1,1
548.43,1090,4,0,0,0,0,8,0
1951.91,1020,4,2,1,0,0,15,0
2802.9,941,3,2,1,0,0,22,0
3716.27,772,4,2,2,0,0,21,0
519.45,946,2,1,1,1,0,13,0
1990.24,1112,3,0,1,0,0,23,0
688.07,1264,1,1,0,0,0,1,0
598.45,311,1,2,0,0,1,9,0
3652.67,1595,3,2,0,0,0,4,0
632.98,682,3,0,0,0,0,1,0
1448.39,1282,4,0,1,0,1,0,0
1281.23,1582,2,0,1,0,0,12,0
375.87,1538,3,0,1,0,0,14,0
2881.58,1458,3,1,1,0,1,15,0
1920.38,129,2,1,0,0,0,8,0
150.46,781,4,0,2,0,0,20,1
1447.25,326,3,0,1,0,0,5,0
506.25,790,6,2,0,0,0,1,0
3284.85,17,0,0,0,0,0,17,0
258.42,699,3,1,1,0,0,7,0
767.8,1009,2,0,0,0,0,6,0
1575.02,342,5,1,0,0,0,12,0
1157.87,1003,0,2,1,0,0,11,0
2351.85,838,5,1,0,1,1,20,0
240.23,628,2,0,0,1,1,22,1
5721.09,771,2,0,1,0,0,11,0
1854.08,878,3,2,0,0,1,4,1
4271.49,1273,5,1,0,0,0,7,0
2628.69,710,1,2,0,0,0,5,0
1083.97,849,5,1,0,0,0,21,0
303.63,739,5,1,0,0,0,4,0
624.19,177,3,0,1,1,0,22,1
5375.27,1779,3,3,1,0,0,9,0
4382.78,946,2,1,2,0,0,5,0
590.16,357,4,0,1,0,1,12,0
65.48,495,3,1,0,0,1,1,0
886.53,35,2,0,1,1,1,7,0
822.46,1431,2,2,0,1,0,7,0
854.25,1992,1,0,1,0,0,19,0
1860.39,1671,4,3,1,0,0,16,0
2633.88,818,2,2,0,0,1,1,1
2952.18,10,2,0,0,0,0,10,0
1712.5,986,2,2,1,0,1,9,0
181.13,1719,2,1,0,0,0,11,0
779.62,1738,2,0,0,0,0,23,0
10982.84,531,2,1,1,0,1,0,0
1594.34,1559,4,1,0,0,1,18,0
1584.18,95,1,0,1,0,0,20,0
1571.03,576,5,0,1,0,0,10,0
1661.34,1953,1,1,1,0,1,23,1
101.18,450,3,1,1,0,0,7,0
863.05,1244,2,1,0,0,0,18,0
1055.86,1018,3,1,0,0,1,5,0
3950.1,96,4,1,0,0,0,9,0
1150.18,865,6,2,0,0,0,4,0
211.34,1801,4,0,0,0,0,14,0
1685.96,1405,3,2,0,0,0,21,0
490.87,669,3,0,0,0,0,17,0
324.8,207,6,2,1,0,0,21,0
476.2,1810,4,0,0,0,0,2,0
1886.55,850,3,3,1,0,0,0,1
3861.31,246,1,0,1,1,0,17,0
1777.44,1735,2,1,0,1,0,18,0
2063.22,1998,2,1,1,0,0,15,0
1759.96,1821,3,1,0,0,0,16,0
1213.58,1534,3,0,2,0,0,19,0
2201.58,884,4,0,0,0,0,3,0
97.63,83,3,1,2,1,1,9,1
1225.48,317,1,1,0,1,0,2,0
385.71,645,5,1,1,0,1,17,1
3508.36,1129,0,1,1,1,1,23,0
946.57,370,2,1,0,1,0,21,0
1131.1,749,4,2,1,0,0,6,0
243.45,1605,2,1,0,0,0,11,0
3031.55,1720,2,1,0,0,0,22,1
2053.56,630,5,1,0,0,0,5,0
1913.99,180,5,2,1,0,0,11,1
486.37,1807,2,2,1,0,0,2,0
505.91,602,5,0,0,0,0,7,0
1371.42,600,3,1,1,0,0,15,0
547.58,1107,3,0,1,0,0,17,0
1694.08,1556,4,1,2,1,0,19,0
126.35,1643,2,0,2,0,1,7,0
673.48,841,5,0,0,0,0,22,1
6612.74,1525,4,1,1,1,0,22,1
1701.87,348,3,1,0,0,0,5,0
1295.68,1296,2,0,0,0,0,11,0
7984.25,331,6,1,0,0,0,6,0
106.06,610,4,0,3,0,0,18,0
485.26,1945,4,0,0,0,0,16,1
734.23,744,3,2,0,1,0,6,0
2587.25,1911,5,0,0,1,0,7,0
2632.41,569,5,0,0,0,0,22,0
461.27,1685,8,0,1,1,0,1,0
2974.87,389,1,0,1,1,1,4,1
732.66,971,1,1,1,0,0,1,0
3683.58,747,3,1,0,0,0,23,0
390.47,137,4,0,0,0,0,22,0
969.41,1803,5,2,2,0,0,4,0
671.71,1765,0,0,1,0,0,14,0
3152.75,1385,5,1,1,0,1,0,1
650.16,1857,1,0,0,0,0,3,0
1051.06,1983,2,1,2,0,0,14,0
1820.4,282,2,1,0,0,1,8,0
1891.75,1226,3,0,0,0,1,9,0
2662.32,1019,6,2,1,0,0,19,1
1354.41,744,3,1,1,0,1,7,0
721.8,531,4,1,1,1,0,18,1
773.02,16,5,2,1,0,0,20,0
1125.15,1005,5,5,2,0,0,20,0
1407.53,568,6,1,1,0,0,7,0
946.55,1893,2,1,2,0,0,0,1
1117.9,1138,1,0,0,0,0,0,0
240.51,1092,3,1,0,0,0,20,0
2137.42,1614,4,0,1,0,0,7,1
1314.37,30,6,1,0,1,0,6,0
2986.54,1543,2,2,1,0,0,19,0
1096.81,1932,4,5,1,0,1,14,1
192.79,664,6,1,0,0,1,12,0
766.28,999,3,0,1,0,0,18,0
897.91,875,6,1,3,0,0,2,0
2305.16,22,4,0,0,0,0,14,0
138.34,1455,4,0,1,0,1,6,0
1142.73,1054,2,1,1,0,0,13,0
1832.94,956,5,0,2,0,0,11,0
565.95,1703,4,0,3,0,0,1,0
1181.6,660,3,1,1,0,0,22,0
585.79,1434,4,0,0,0,1,21,0
528.7,1073,1,2,0,0,0,1,0
728.93,325,2,0,0,0,0,21,0
538.78,1512,4,1,0,0,1,9,0
2172.47,1322,2,3,0,0,1,23,0
525.87,1798,4,0,0,0,0,16,0
444.56,181,2,2,2,0,0,17,0
6424.85,1826,3,2,1,0,0,17,0
2866.19,122,4,1,0,0,0,4,1
170.46,124,3,1,0,0,0,17,0
510.42,1477,2,3,1,0,0,15,0
1397.53,266,4,1,0,0,0,16,0
1515.89,28,3,0,0,0,0,22,0
247.03,1283,8,2,3,0,0,23,0
3493.17,77,2,1,0,0,0,6,0
2502.95,432,8,0,1,0,0,19,0
1775.61,879,5,1,2,0,0,8,0
4258.74,1730,2,1,0,0,0,20,0
1723.81,894,3,0,3,1,0,19,0
1717.42,1059,0,2,2,0,0,2,0
5206.58,436,3,5,0,0,0,6,0
3298.49,1138,3,0,1,0,0,18,0
472.71,1086,1,1,1,0,1,17,0
2065.64,52,1,1,0,0,0,8,0
564.38,116,6,4,1,0,0,6,0
1815.57,47,0,2,4,0,0,16,0
1766.25,438,3,0,1,0,0,10,0
274.93,1436,6,0,0,1,0,4,0
970.83,101,4,2,2,0,1,16,1
1429.75,1303,3,3,0,1,0,8,0
708.9,107,5,2,3,0,0,22,1
1502.24,983,3,1,0,0,0,16,0
2455.04,1059,2,2,0,0,0,0,1
1063.59,1001,3,1,0,1,0,8,0
1372.79,359,1,1,0,0,0,13,0
4373.96,887,2,1,0,0,0,5,0
1760.22,800,2,0,1,0,1,9,0
1340.54,1026,2,3,0,0,0,7,0
420.7,1775,4,2,1,0,0,7,1
2145.28,1516,4,0,0,0,0,19,0
1525.61,1904,1,0,1,1,1,11,0
3958.97,1914,2,0,0,0,0,12,0
1149.27,1296,3,1,1,0,0,1,0
178.35,1168,2,2,1,0,0,3,0
200.31,435,1,3,0,0,0,2,0
2288.57,1475,1,1,0,0,0,7,0
620.05,604,3,0,1,1,1,3,1
1697.26,1757,3,0,1,0,0,21,0
1229.34,566,9,2,0,0,1,7,0
928.12,916,5,2,3,0,0,2,1
995.89,228,2,0,1,0,0,0,0
461.56,545,2,1,3,0,0,21,0
1079.47,1238,2,1,0,0,0,6,0
611.25,648,3,2,1,0,0,12,0
755.77,248,4,2,2,1,0,14,1
793.42,1432,6,1,1,0,0,23,0
874.2,1077,4,1,3,0,0,9,0
2757.76,1600,3,1,0,0,0,16,0
963.15,314,6,1,1,1,0,8,1
3052.46,1398,2,1,1,0,1,11,1
5104.38,37,7,1,0,0,1,19,0
2578.45,724,2,2,0,0,0,0,1
1871.45,1548,4,0,1,0,0,22,0
1520.56,980,4,2,0,0,0,11,0
2605.44,84,1,2,0,0,0,8,0
1199.14,900,5,0,1,0,0,3,1
2935.31,1118,7,0,2,0,0,8,0
2026.58,1439,4,2,0,1,0,16,0
765.22,1366,2,1,0,0,0,10,0
2686.11,719,0,0,0,1,0,4,0
1201.68,550,7,1,2,0,0,0,1
986.21,1445,4,1,2,1,0,18,0
681.16,1372,2,0,3,1,0,19,0
1294.68,715,5,0,0,1,0,12,0
2970.43,1806,2,1,0,0,0,4,0
2667.61,587,4,1,0,1,1,18,1
1561.49,1152,3,0,1,0,0,18,0
1997.48,1865,4,2,1,0,0,12,0
3911.58,152,2,1,0,0,0,19,0
943.91,1546,5,3,1,0,0,22,0
359.45,1062,0,1,2,0,0,6,0
4028.42,1451,2,1,0,1,1,22,0
645.63,1129,3,1,0,0,0,4,1
549.86,165,3,1,1,0,0,9,0
181.96,938,4,0,3,0,0,8,0
1941.63,1568,3,0,3,1,0,20,1
216.71,212,4,1,1,0,0,5,0
517.88,526,2,0,1,0,1,5,0
1974.83,742,4,1,4,0,1,18,1
2257.29,132,2,1,0,0,0,11,0
571.52,1176,1,0,2,1,0,13,0
958.96,96,2,2,2,1,0,14,0
458.25,1527,2,3,0,1,0,1,1
633.72,1013,4,2,2,0,0,16,1
1431.12,522,3,0,1,0,1,22,0
664.05,374,3,1,0,0,0,17,1
859.01,1899,1,1,0,1,0,3,0
253.48,1040,7,1,0,0,0,2,0
3404.85,1703,2,0,2,0,0,15,0
1826.34,608,4,2,2,1,1,8,1
2423.35,18,3,0,1,0,1,4,1
3985.53,1433,5,1,1,1,0,20,0
480.48,1031,2,2,1,0,0,8,0
766.32,1720,2,2,0,0,0,17,0
164.87,1918,0,1,0,0,1,6,0
25347.18,1269,3,1,0,0,0,12,0
944.27,1967,6,0,0,0,0,10,0
3098.67,1907,0,1,0,0,0,12,0
317.93,978,4,1,0,1,0,17,0
2970.21,879,7,2,0,0,0,11,0
7027.53,594,4,0,0,1,0,15,0
1032.48,643,3,1,1,0,0,13,0
399.06,129,2,2,3,0,0,4,0
954.52,801,3,2,0,0,0,9,0
118.3,455,3,3,0,0,0,14,1
1055.86,1610,2,1,1,0,0,14,0
2492.31,876,5,2,0,0,0,9,0
1058.11,571,1,0,0,1,0,5,0
825.39,1096,1,1,2,0,0,10,0
1858.58,1014,4,1,1,1,1,4,1
2006.25,1184,4,1,0,0,0,21,0
208.53,1111,1,2,1,0,0,20,0
1198.5,401,2,3,0,0,1,17,0
12531.3,462,2,0,1,0,0,11,0
288.58,1553,5,2,1,0,0,4,1
1006.85,89,7,0,2,0,0,13,0
7644.53,1685,3,0,3,1,0,17,0
3308.25,823,1,2,1,0,0,3,0
656.29,6,3,0,1,0,0,17,0
1347.67,1620,5,1,1,0,0,22,0
1094.32,945,4,2,0,0,1,9,1
519.01,84,2,1,1,0,0,23,0
1018.16,1274,4,0,0,0,1,18,0
828.85,1690,4,0,0,0,0,13,0
1227.52,1440,2,1,0,0,0,8,0
518.85,1096,3,1,0,0,0,6,0
305.94,621,3,2,1,0,0,0,0
1052.28,1136,4,2,1,0,0,7,1
6094.36,172,3,2,0,1,0,0,1
1190.59,699,1,1,1,0,0,11,0
787.14,1821,5,1,0,0,0,19,0
2331.08,273,3,0,0,1,0,11,0
936.06,530,3,0,0,1,0,14,0
7101.3,1704,4,0,3,0,0,22,0
1092.35,319,3,0,1,0,0,21,0
2209.45,1106,3,0,2,0,0,21,0
515.63,1099,4,1,0,0,1,8,0
1813.64,429,4,1,0,0,0,20,0
1443.89,1484,1,0,0,0,0,4,0
1036.38,847,6,3,2,0,1,3,1
663.97,1370,3,0,0,0,0,9,0
579.39,249,3,1,0,0,0,12,0
1454.41,1667,1,1,0,0,0,21,1
2056.87,387,4,0,1,1,0,5,0
965.68,1958,0,0,0,0,0,12,0
1461.57,1891,3,1,1,1,0,7,0
1055.83,1737,7,1,2,0,0,21,1
1210.18,363,4,0,2,0,1,11,0
897.45,1320,5,0,0,0,0,11,0
1116.52,68,2,0,0,0,1,23,0
16285.66,438,4,3,0,1,0,19,0
1497.62,1016,2,0,1,0,0,17,0
2090.79,1556,5,1,1,0,0,23,0
1699.39,1807,1,0,0,0,0,22,0
843.18,1629,1,1,2,0,0,10,0
3999.76,1157,3,0,0,0,0,21,0
819.62,1319,3,2,1,0,0,7,0
3149.67,296,7,0,2,0,0,22,0
785.09,647,6,1,2,0,0,11,1
419.9,1992,3,2,0,1,0,0,1
1580.34,1888,6,2,0,0,0,7,0
363.34,1892,1,1,1,0,0,20,0
1873.64,33,1,0,0,0,0,2,0
332.23,1398,4,1,2,0,0,20,0
797.11,1829,2,0,0,0,0,13,0
261.98,32,2,0,1,0,0,9,0
18474.88,555,1,1,2,0,0,3,0
209.78,1983,0,0,0,0,1,1,1
1107.45,1828,3,1,2,0,0,16,0
3440.27,1890,2,2,2,0,0,1,1
3091.42,305,3,0,0,0,1,15,1
2569.18,793,1,0,0,0,0,0,0
798.53,1132,7,3,1,1,0,8,1
4234.79,96,2,1,1,0,1,3,0
2733.64,1090,4,2,0,1,0,6,0
1356.01,521,0,0,0,0,0,13,0
1394.9,230,0,1,0,1,1,2,1
809.23,733,5,1,1,0,0,21,0
441.58,358,1,0,3,0,0,22,0
3778.76,402,5,2,0,1,0,15,0
4073.3,790,3,0,0,0,0,0,1
453.0,99,2,3,1,0,0,11,0
940.31,271,1,0,0,1,0,8,0
